{
    "dataset": "228_elusage",
    "algorithm": "BSRRegressor",
    "params": {
        "Ops": [
            "inv",
            "ln",
            "neg",
            "sin",
            "cos",
            "exp",
            "square",
            "cubic",
            "+",
            "*"
        ],
        "alpha1": 0.4,
        "alpha2": 0.4,
        "beta": -1,
        "disp": false,
        "itrNum": 1000,
        "max_time": 7200,
        "treeNum": 6,
        "val": 500
    },
    "random_state": 23654,
    "process_time": 257507.622277258,
    "time_time": 257511.16395640373,
    "target_noise": 0.0,
    "feature_noise": 0.0,
    "model_size": 88,
    "symbolic_model": "[0.20631408]+[0.00055923]*1/[cos(-2.0642*(-(cos(((x[0])^3)*((cos(exp(cos(x[1]))))^3))+x[0]))+0.9677)]+[0.23584689]*(x[1])^3+-(0.6963*(sin(0.4279*(sin(x[0]))+0.7821))+-0.4288)+[-0.0286644]*-1.469*((-((((x[1])*(x[1]))^2)*((x[0])^2))+(x[1])*(cos(cos(x[0]))))*(x[0]))+0.8477+[0.42935745]*-(cos((((sin(1/[x[1]]))*(x[0]))*(x[0])+1/[x[1]])*(x[1])))+[-1.13314209]*(-((1/[0.7961*((1/[(sin((cos(x[1]+x[0]))^2))^2])^2)+-0.3942])^3))^2+[-0.16116573]*x[0]+x[1]+x[0]+x[1]+x[0]+(x[1])*(cos(((x[1])*(cos(1/[x[1]])))^3))",
    "mse_train": 101.69602667942594,
    "mae_train": 7.982654933339387,
    "r2_train": 0.8222563972705292,
    "mse_test": 231.55336199720892,
    "mae_test": 12.693938634397169,
    "r2_test": 0.533430935309616
}