{
    "dataset": "556_analcatdata_apnea2",
    "algorithm": "AdaBoostRegressor",
    "params": {
        "base_estimator": null,
        "learning_rate": 0.01,
        "loss": "linear",
        "n_estimators": 1000,
        "random_state": 14423
    },
    "random_state": 14423,
    "process_time": 36.012861092,
    "time_time": 89.5303840637207,
    "target_noise": 0.0,
    "feature_noise": 0.0,
    "model_size": 14996,
    "symbolic_model": "not implemented",
    "mse_train": 774705.4026232301,
    "mae_train": 357.6512325756768,
    "r2_train": 0.9163025961144471,
    "mse_test": 1030499.2524531609,
    "mae_test": 409.9544067750939,
    "r2_test": 0.9056796721305463
}