{
    "dataset": "556_analcatdata_apnea2",
    "algorithm": "AdaBoostRegressor",
    "params": {
        "base_estimator": null,
        "learning_rate": 1.0,
        "loss": "linear",
        "n_estimators": 100,
        "random_state": 29910
    },
    "random_state": 29910,
    "process_time": 40.697324095999996,
    "time_time": 91.59973216056824,
    "target_noise": 0.0,
    "feature_noise": 0.0,
    "model_size": 1456,
    "symbolic_model": "not implemented",
    "mse_train": 967460.7689366322,
    "mae_train": 362.1881426872798,
    "r2_train": 0.8877595863300307,
    "mse_test": 760361.5718635984,
    "mae_test": 467.56624489872627,
    "r2_test": 0.9399840533606254
}