{
    "dataset": "557_analcatdata_apnea1",
    "algorithm": "LinearRegression",
    "params": {
        "copy_X": true,
        "fit_intercept": true,
        "n_jobs": null,
        "normalize": false,
        "positive": false
    },
    "random_state": 16850,
    "process_time": 5.1276561339999995,
    "time_time": 0.49918270111083984,
    "target_noise": 0.0,
    "feature_noise": 0.0,
    "model_size": 3,
    "symbolic_model": "not implemented",
    "mse_train": 10015136.302840052,
    "mae_train": 1460.5188481855719,
    "r2_train": 0.023354219566858236,
    "mse_test": 9752802.359947843,
    "mae_test": 1462.6426890670593,
    "r2_test": 0.0026893183230179973
}