{
    "dataset": "192_vineyard",
    "algorithm": "LinearRegression",
    "params": {
        "copy_X": true,
        "fit_intercept": true,
        "n_jobs": null,
        "normalize": false,
        "positive": false
    },
    "random_state": 29910,
    "process_time": 0.017166248999999967,
    "time_time": 0.0706949234008789,
    "target_noise": 0.0,
    "feature_noise": 0.0,
    "model_size": 2,
    "symbolic_model": "not implemented",
    "mse_train": 7.626906707176404,
    "mae_train": 2.159006538763265,
    "r2_train": 0.641599595223131,
    "mse_test": 6.783177960404918,
    "mae_test": 2.095737599748017,
    "r2_test": 0.4308058215946221
}