{
    "dataset": "192_vineyard",
    "algorithm": "LinearRegression",
    "params": {
        "copy_X": true,
        "fit_intercept": true,
        "n_jobs": null,
        "normalize": false,
        "positive": false
    },
    "random_state": 23654,
    "process_time": 0.016222305999999964,
    "time_time": 0.06556129455566406,
    "target_noise": 0.0,
    "feature_noise": 0.0,
    "model_size": 2,
    "symbolic_model": "not implemented",
    "mse_train": 6.454961869887772,
    "mae_train": 2.033848396686495,
    "r2_train": 0.6226169663245963,
    "mse_test": 10.108560095402005,
    "mae_test": 2.5170440683881834,
    "r2_test": 0.5855539407756092
}