{
    "dataset": "192_vineyard",
    "algorithm": "LinearRegression",
    "params": {
        "copy_X": true,
        "fit_intercept": true,
        "n_jobs": null,
        "normalize": false,
        "positive": false
    },
    "random_state": 5390,
    "process_time": 0.01563499200000007,
    "time_time": 0.08766913414001465,
    "target_noise": 0.0,
    "feature_noise": 0.0,
    "model_size": 2,
    "symbolic_model": "not implemented",
    "mse_train": 8.035546640526219,
    "mae_train": 2.1523447144060355,
    "r2_train": 0.6298867002728328,
    "mse_test": 5.391381591769474,
    "mae_test": 2.0737778556429967,
    "r2_test": 0.49211622686229584
}