{
    "dataset": "192_vineyard",
    "algorithm": "KernelRidge",
    "params": {
        "alpha": 0.01,
        "coef0": 1,
        "degree": 3,
        "gamma": 0.01,
        "kernel": "rbf",
        "kernel_params": null
    },
    "random_state": 16850,
    "process_time": 0.7807275149999999,
    "time_time": 2.530452251434326,
    "target_noise": 0.0,
    "feature_noise": 0.0,
    "model_size": 39,
    "symbolic_model": "not implemented",
    "mse_train": 4.386805421877332,
    "mae_train": 1.7173428788582685,
    "r2_train": 0.6366525419078377,
    "mse_test": 7.260822162635142,
    "mae_test": 2.306203993755704,
    "r2_test": 0.7833738290254499
}