{
    "dataset": "192_vineyard",
    "algorithm": "KernelRidge",
    "params": {
        "alpha": 0.01,
        "coef0": 1,
        "degree": 3,
        "gamma": 0.01,
        "kernel": "rbf",
        "kernel_params": null
    },
    "random_state": 23654,
    "process_time": 0.756136725,
    "time_time": 1.2576513290405273,
    "target_noise": 0.0,
    "feature_noise": 0.0,
    "model_size": 39,
    "symbolic_model": "not implemented",
    "mse_train": 4.470449597048516,
    "mae_train": 1.7468293727001036,
    "r2_train": 0.7386395357814117,
    "mse_test": 6.396081849563755,
    "mae_test": 2.115003637459241,
    "r2_test": 0.737763747555489
}