{
    "dataset": "192_vineyard",
    "algorithm": "KernelRidge",
    "params": {
        "alpha": 0.01,
        "coef0": 1,
        "degree": 3,
        "gamma": 0.01,
        "kernel": "poly",
        "kernel_params": null
    },
    "random_state": 21962,
    "process_time": 0.804498041,
    "time_time": 2.373300790786743,
    "target_noise": 0.0,
    "feature_noise": 0.0,
    "model_size": 39,
    "symbolic_model": "not implemented",
    "mse_train": 4.135652067059764,
    "mae_train": 1.6855556019720466,
    "r2_train": 0.8181487173068356,
    "mse_test": 5.9507637096511745,
    "mae_test": 1.9575859798233988,
    "r2_test": 0.04403130519862308
}