{
    "dataset": "192_vineyard",
    "algorithm": "KernelRidge",
    "params": {
        "alpha": 0.01,
        "coef0": 1,
        "degree": 3,
        "gamma": 0.01,
        "kernel": "poly",
        "kernel_params": null
    },
    "random_state": 4426,
    "process_time": 0.7818890839999999,
    "time_time": 1.799971580505371,
    "target_noise": 0.0,
    "feature_noise": 0.0,
    "model_size": 39,
    "symbolic_model": "not implemented",
    "mse_train": 5.011298317917393,
    "mae_train": 1.8310491459849316,
    "r2_train": 0.750652313932566,
    "mse_test": 3.164416874671725,
    "mae_test": 1.5825113779887243,
    "r2_test": 0.7873189692505382
}