{
    "dataset": "712_chscase_geyser1",
    "algorithm": "AIFeynman",
    "params": {
        "BF_ops_file_type": "14ops.txt",
        "BF_try_time": 60,
        "NN_epochs": 4000,
        "max_time": 7200,
        "polyfit_deg": 4,
        "random_state": 15795,
        "test_percentage": 20,
        "tmp_dir": null
    },
    "random_state": 15795,
    "process_time": 4996.900675146,
    "time_time": 184740.87450623512,
    "target_noise": 0.0,
    "feature_noise": 0.0,
    "model_size": 13,
    "symbolic_model": "0.305652318355+(x1/exp(exp((pi/x1))))",
    "mse_train": 54.199518369176516,
    "mae_train": 5.846652613982415,
    "r2_train": 0.6582840302853994,
    "mse_test": 49.36020062423935,
    "mae_test": 5.971769247800512,
    "r2_test": 0.7197022543216811
}