{
    "dataset": "712_chscase_geyser1",
    "algorithm": "AIFeynman",
    "params": {
        "BF_ops_file_type": "14ops.txt",
        "BF_try_time": 600,
        "NN_epochs": 400,
        "max_time": 7200,
        "polyfit_deg": 4,
        "random_state": 23654,
        "test_percentage": 20,
        "tmp_dir": null
    },
    "random_state": 23654,
    "process_time": 3106.320920348,
    "time_time": 231658.55461096764,
    "target_noise": 0.0,
    "feature_noise": 0.0,
    "model_size": 13,
    "symbolic_model": "0.347773807910+(x1/exp(exp((pi*(x1+1)))))",
    "mse_train": 62.85290776759899,
    "mae_train": 6.221981946847899,
    "r2_train": 0.5992636880069676,
    "mse_test": 75.81183619147525,
    "mae_test": 7.297842246880066,
    "r2_test": 0.5788462611065748
}