{
    "dataset": "192_vineyard",
    "algorithm": "AdaBoostRegressor",
    "params": {
        "base_estimator": null,
        "learning_rate": 1.0,
        "loss": "linear",
        "n_estimators": 1000,
        "random_state": 14423
    },
    "random_state": 14423,
    "process_time": 15.910318436,
    "time_time": 35.30737805366516,
    "target_noise": 0.0,
    "feature_noise": 0.0,
    "model_size": 497,
    "symbolic_model": "not implemented",
    "mse_train": 2.2285088631235737,
    "mae_train": 1.28229425593679,
    "r2_train": 0.8547185298182266,
    "mse_test": 12.041300814868594,
    "mae_test": 2.9952035144342832,
    "r2_test": 0.5883524147440493
}