{
    "dataset": "192_vineyard",
    "algorithm": "AdaBoostRegressor",
    "params": {
        "base_estimator": null,
        "learning_rate": 1.0,
        "loss": "linear",
        "n_estimators": 1000,
        "random_state": 860
    },
    "random_state": 860,
    "process_time": 17.156691759,
    "time_time": 18.023977994918823,
    "target_noise": 0.0,
    "feature_noise": 0.0,
    "model_size": 563,
    "symbolic_model": "not implemented",
    "mse_train": 3.3263011503142295,
    "mae_train": 1.55466660818828,
    "r2_train": 0.8462965108267122,
    "mse_test": 4.427466265922027,
    "mae_test": 1.7650974025974024,
    "r2_test": 0.5879725776757584
}