{
    "dataset": "192_vineyard",
    "algorithm": "AdaBoostRegressor",
    "params": {
        "base_estimator": null,
        "learning_rate": 1.0,
        "loss": "linear",
        "n_estimators": 1000,
        "random_state": 5390
    },
    "random_state": 5390,
    "process_time": 26.055159682,
    "time_time": 28.482293844223022,
    "target_noise": 0.0,
    "feature_noise": 0.0,
    "model_size": 2211,
    "symbolic_model": "not implemented",
    "mse_train": 2.6486529865236133,
    "mae_train": 1.382528394573149,
    "r2_train": 0.8780043548337523,
    "mse_test": 7.483719435146262,
    "mae_test": 2.5156871468612363,
    "r2_test": 0.29501193726883035
}