{
    "dataset": "192_vineyard",
    "algorithm": "AdaBoostRegressor",
    "params": {
        "base_estimator": null,
        "learning_rate": 1.0,
        "loss": "linear",
        "n_estimators": 1000,
        "random_state": 21962
    },
    "random_state": 21962,
    "process_time": 15.865803446000001,
    "time_time": 33.347594261169434,
    "target_noise": 0.0,
    "feature_noise": 0.0,
    "model_size": 798,
    "symbolic_model": "not implemented",
    "mse_train": 2.8257545431264357,
    "mae_train": 1.4151131673756108,
    "r2_train": 0.8757470212892179,
    "mse_test": 5.302863307745345,
    "mae_test": 1.9417797888386124,
    "r2_test": 0.1481141644401489
}