{
    "dataset": "519_vinnie",
    "algorithm": "AdaBoostRegressor",
    "params": {
        "base_estimator": null,
        "learning_rate": 0.01,
        "loss": "linear",
        "n_estimators": 1000,
        "random_state": 5390
    },
    "random_state": 5390,
    "process_time": 20.999398642,
    "time_time": 23.164120197296143,
    "target_noise": 0.0,
    "feature_noise": 0.0,
    "model_size": 10499,
    "symbolic_model": "not implemented",
    "mse_train": 2.138794882480946,
    "mae_train": 1.173608709527763,
    "r2_train": 0.774763430897278,
    "mse_test": 2.7489159553592697,
    "mae_test": 1.3881673158682788,
    "r2_test": 0.6998164884311714
}