{
    "dataset": "519_vinnie",
    "algorithm": "AdaBoostRegressor",
    "params": {
        "base_estimator": null,
        "learning_rate": 0.1,
        "loss": "linear",
        "n_estimators": 100,
        "random_state": 21962
    },
    "random_state": 21962,
    "process_time": 17.447154098,
    "time_time": 37.602256774902344,
    "target_noise": 0.0,
    "feature_noise": 0.0,
    "model_size": 1050,
    "symbolic_model": "not implemented",
    "mse_train": 2.2395814620763463,
    "mae_train": 1.1882245134270042,
    "r2_train": 0.74914155104854,
    "mse_test": 2.409892877405312,
    "mae_test": 1.2606101522107922,
    "r2_test": 0.7779189738131503
}