{
    "dataset": "519_vinnie",
    "algorithm": "AdaBoostRegressor",
    "params": {
        "base_estimator": null,
        "learning_rate": 0.01,
        "loss": "linear",
        "n_estimators": 1000,
        "random_state": 860
    },
    "random_state": 860,
    "process_time": 22.200742781000002,
    "time_time": 24.28684139251709,
    "target_noise": 0.0,
    "feature_noise": 0.0,
    "model_size": 10811,
    "symbolic_model": "not implemented",
    "mse_train": 2.253735417114347,
    "mae_train": 1.2097536399321653,
    "r2_train": 0.7483079442015399,
    "mse_test": 2.4517197424263206,
    "mae_test": 1.2592939198196382,
    "r2_test": 0.7654173839595697
}