{
    "dataset": "523_analcatdata_neavote",
    "algorithm": "LassoLars",
    "params": {
        "alpha": 0.001,
        "copy_X": true,
        "eps": 2.220446049250313e-16,
        "fit_intercept": true,
        "fit_path": true,
        "jitter": null,
        "max_iter": 500,
        "normalize": true,
        "positive": false,
        "precompute": "auto",
        "random_state": 5390,
        "verbose": false
    },
    "random_state": 5390,
    "process_time": 0.07193480199999991,
    "time_time": 0.26726675033569336,
    "target_noise": 0.0,
    "feature_noise": 0.0,
    "model_size": 2,
    "symbolic_model": "not implemented",
    "mse_train": 1.130490144911648,
    "mae_train": 0.6975085972172269,
    "r2_train": 0.9262775103746056,
    "mse_test": 0.47149826834165665,
    "mae_test": 0.5549795030398681,
    "r2_test": 0.9693864099611952
}