{
    "dataset": "523_analcatdata_neavote",
    "algorithm": "LassoLars",
    "params": {
        "alpha": 0.001,
        "copy_X": true,
        "eps": 2.220446049250313e-16,
        "fit_intercept": true,
        "fit_path": true,
        "jitter": null,
        "max_iter": 500,
        "normalize": true,
        "positive": false,
        "precompute": "auto",
        "random_state": 15795,
        "verbose": false
    },
    "random_state": 15795,
    "process_time": 0.07361726400000013,
    "time_time": 0.22267842292785645,
    "target_noise": 0.0,
    "feature_noise": 0.0,
    "model_size": 2,
    "symbolic_model": "not implemented",
    "mse_train": 1.0121826973818964,
    "mae_train": 0.6716943781182494,
    "r2_train": 0.9325858710716448,
    "mse_test": 0.8504892762669337,
    "mae_test": 0.6954634397911187,
    "r2_test": 0.9480191866157995
}