{
    "dataset": "523_analcatdata_neavote",
    "algorithm": "LassoLars",
    "params": {
        "alpha": 0.001,
        "copy_X": true,
        "eps": 2.220446049250313e-16,
        "fit_intercept": true,
        "fit_path": true,
        "jitter": null,
        "max_iter": 500,
        "normalize": true,
        "positive": false,
        "precompute": "auto",
        "random_state": 16850,
        "verbose": false
    },
    "random_state": 16850,
    "process_time": 0.07221933100000011,
    "time_time": 0.2390289306640625,
    "target_noise": 0.0,
    "feature_noise": 0.0,
    "model_size": 2,
    "symbolic_model": "not implemented",
    "mse_train": 1.1057501988693814,
    "mae_train": 0.6896559982173823,
    "r2_train": 0.9251648955814872,
    "mse_test": 0.5560885241044387,
    "mae_test": 0.5910971360196582,
    "r2_test": 0.9670750921215163
}