{
    "dataset": "523_analcatdata_neavote",
    "algorithm": "LassoLars",
    "params": {
        "alpha": 0.001,
        "copy_X": true,
        "eps": 2.220446049250313e-16,
        "fit_intercept": true,
        "fit_path": true,
        "jitter": null,
        "max_iter": 500,
        "normalize": true,
        "positive": false,
        "precompute": "auto",
        "random_state": 29910,
        "verbose": false
    },
    "random_state": 29910,
    "process_time": 0.074469852,
    "time_time": 0.23544597625732422,
    "target_noise": 0.0,
    "feature_noise": 0.0,
    "model_size": 2,
    "symbolic_model": "not implemented",
    "mse_train": 0.8241337103395506,
    "mae_train": 0.6177722271561168,
    "r2_train": 0.9475380005357389,
    "mse_test": 1.3530504685897458,
    "mae_test": 0.6070109831482595,
    "r2_test": 0.911039707251358
}