{
    "dataset": "523_analcatdata_neavote",
    "algorithm": "LassoLars",
    "params": {
        "alpha": 0.001,
        "copy_X": true,
        "eps": 2.220446049250313e-16,
        "fit_intercept": true,
        "fit_path": true,
        "jitter": null,
        "max_iter": 500,
        "normalize": true,
        "positive": false,
        "precompute": "auto",
        "random_state": 28020,
        "verbose": false
    },
    "random_state": 28020,
    "process_time": 0.07567670999999998,
    "time_time": 0.2564992904663086,
    "target_noise": 0.0,
    "feature_noise": 0.0,
    "model_size": 2,
    "symbolic_model": "not implemented",
    "mse_train": 0.981852516546264,
    "mae_train": 0.6139604271394631,
    "r2_train": 0.9376110387513812,
    "mse_test": 0.8833139064113125,
    "mae_test": 0.6514490874339828,
    "r2_test": 0.9409549527799925
}