{
    "dataset": "523_analcatdata_neavote",
    "algorithm": "LassoLars",
    "params": {
        "alpha": 0.001,
        "copy_X": true,
        "eps": 2.220446049250313e-16,
        "fit_intercept": true,
        "fit_path": true,
        "jitter": null,
        "max_iter": 500,
        "normalize": true,
        "positive": false,
        "precompute": "auto",
        "random_state": 14423,
        "verbose": false
    },
    "random_state": 14423,
    "process_time": 0.07547753400000001,
    "time_time": 0.19337892532348633,
    "target_noise": 0.0,
    "feature_noise": 0.0,
    "model_size": 2,
    "symbolic_model": "not implemented",
    "mse_train": 0.7648159866250409,
    "mae_train": 0.6030032397956501,
    "r2_train": 0.949638392901692,
    "mse_test": 1.595772804740744,
    "mae_test": 0.7844963835065252,
    "r2_test": 0.9043393436636328
}