{
    "dataset": "523_analcatdata_neavote",
    "algorithm": "BSRRegressor",
    "params": {
        "Ops": [
            "inv",
            "ln",
            "neg",
            "sin",
            "cos",
            "exp",
            "square",
            "cubic",
            "+",
            "*"
        ],
        "alpha1": 0.4,
        "alpha2": 0.4,
        "beta": -1,
        "disp": false,
        "itrNum": 5000,
        "max_time": 7200,
        "treeNum": 3,
        "val": 100
    },
    "random_state": 15795,
    "process_time": 133589.600376248,
    "time_time": 133590.32886195183,
    "target_noise": 0.0,
    "feature_noise": 0.0,
    "model_size": 36,
    "symbolic_model": "[-0.48287849]+[-0.02810032]*(-(cos(exp(1/[1.3089*(cos(0.0984*(-(sin(-(x[1]))))+0.8878))+0.3705]))))^2+[-0.0215717]*cos(exp(((exp(-(x[1])))*(cos(x[1])))*((exp(x[1]))^2))+exp(x[0]))+[0.78372498]*-(-0.8037*(1.5066*(((x[0])^2)^3)+-0.612)+0.1808+(x[0])^3)",
    "mse_train": 0.6883780452560193,
    "mae_train": 0.5889291568484661,
    "r2_train": 0.954152144257778,
    "mse_test": 0.8387280099155205,
    "mae_test": 0.6570129844892443,
    "r2_test": 0.948738020125445
}