{
    "dataset": "523_analcatdata_neavote",
    "algorithm": "BSRRegressor",
    "params": {
        "Ops": [
            "inv",
            "ln",
            "neg",
            "sin",
            "cos",
            "exp",
            "square",
            "cubic",
            "+",
            "*"
        ],
        "alpha1": 0.4,
        "alpha2": 0.4,
        "beta": -1,
        "disp": false,
        "itrNum": 500,
        "max_time": 7200,
        "treeNum": 6,
        "val": 1000
    },
    "random_state": 23654,
    "process_time": 116779.23083812099,
    "time_time": 116779.91217660904,
    "target_noise": 0.0,
    "feature_noise": 0.0,
    "model_size": 24,
    "symbolic_model": "[0.00451574]+[0.01601245]*1/[((x[0])*(1/[x[0]]))*(x[1])]+[0.00593278]*exp(x[1])+[-0.00427868]*-(cos(x[1]))+[-2.08299436e-05]*((x[1])^3)^2+[-0.00194659]*1/[x[1]+3.7321*(x[0])+-0.5653]+[-0.03064333]*(2.8077*(x[0])+1.6062)*(x[0])",
    "mse_train": 14.495626950301576,
    "mae_train": 3.559576515386571,
    "r2_train": 0.09275317004421335,
    "mse_test": 14.051720345812319,
    "mae_test": 3.575385320947514,
    "r2_test": -0.02405844404532398
}