{
    "dataset": "519_vinnie",
    "algorithm": "FFXRegressor",
    "params": {},
    "random_state": 14423,
    "process_time": 81.09871492100001,
    "time_time": 54.88879942893982,
    "target_noise": 0.0,
    "feature_noise": 0.0,
    "model_size": 303,
    "symbolic_model": "1.76 + 2.62*max(0,-1.56-X1) - 2.52*max(0,X1-0.618) - 2.35*max(0,-0.891-X0) * max(0,-1.56-X1) + 1.99*X1 * max(0,-0.891-X0) + 1.44*max(0,-0.891-X0) * max(0,1.34-X1) - 1.13*max(0,X1-2.07) - 1.03*max(0,-0.891-X0) + 0.950*max(0,-0.831-X1) * max(0,-0.891-X0) - 0.942*max(0,X1+0.106) * max(0,1.34-X1) - 0.911*max(0,1.34-X1) - 0.776*max(0,-0.831-X1) + 0.705*max(0,X1+1.56) * max(0,-0.831-X1) + 0.687*X1^2 - 0.665*max(0,X0+0.529) * max(0,-1.56-X1) - 0.571*max(0,X1+1.56) * max(0,-0.891-X0) + 0.511*max(0,-0.831-X1) * max(0,-1.56-X1) - 0.507*max(0,-1.56-X1) * max(0,1.34-X1) + 0.296*X1 - 0.256*max(0,X1+0.106) - 0.241*max(0,X1+1.56) * max(0,1.34-X1) + 0.199*X1 * max(0,1.34-X1) - 0.139*max(0,-0.831-X1) * max(0,1.34-X1) + 0.136*max(0,-0.831-X1) * X1 + 0.121*max(0,X1+1.56) * X1 - 0.0984*max(0,X1+1.56) * max(0,X1+0.106) + 0.0896*max(0,X0+0.168) + 0.0599*max(0,X1+1.56) - 0.0162*max(0,X1+0.106) * max(0,-0.891-X0) - 0.00605*X1 * max(0,-1.56-X1) - 0.00323*max(0,X0+0.529) - 0.00268*max(0,X0+0.529) * max(0,1.34-X1) - 0.00150*max(0,X1+0.106) * X1",
    "mse_train": 2.0588776728605396,
    "mae_train": 1.144045559077273,
    "r2_train": 0.7746273864014235,
    "mse_test": 3.132317549565703,
    "mae_test": 1.4207306511265807,
    "r2_test": 0.6939042609434299
}