{
    "dataset": "519_vinnie",
    "algorithm": "FFXRegressor",
    "params": {},
    "random_state": 29910,
    "process_time": 110.396312057,
    "time_time": 68.87150573730469,
    "target_noise": 0.0,
    "feature_noise": 0.0,
    "model_size": 294,
    "symbolic_model": "2.29 + 6.89*max(0,-0.955-X0) * max(0,X1-2.17) + 5.09*max(0,-0.955-X0) - 3.14*max(0,X0+0.588) * max(0,X1-2.17) - 3.07*max(0,1.50-X1) * max(0,-0.955-X0) - 2.03*max(0,-0.496-X1) - 1.93*max(0,X1-0.170) - 1.89*X1 * max(0,-0.955-X0) + 1.59*max(0,-0.955-X0) * max(0,0.835-X1) - 1.49*max(0,0.835-X1) - 1.45*max(0,X0+0.588) - 1.20*max(0,-0.588-X0) + 1.13*max(0,X1-2.17) + 0.996*max(0,1.50-X1) * max(0,X0+0.588) + 0.981*max(0,X0+0.588) * X1 + 0.532*max(0,X1-0.170) * max(0,0.835-X1) - 0.498*max(0,1.50-X1) * max(0,X1+1.16) - 0.437*X1 * max(0,0.835-X1) + 0.402*X1^2 + 0.373*X1 + 0.296*max(0,X1+1.16) * max(0,-0.955-X0) - 0.234*max(0,1.50-X1) + 0.232*max(0,X1-0.170) * max(0,X1-2.17) + 0.212*max(0,1.50-X1) * X1 + 0.201*max(0,1.50-X1) * max(0,0.835-X1) - 0.191*max(0,X1+1.16) * max(0,0.835-X1) - 0.114*max(0,X0-0.878) - 0.112*max(0,X1+1.16) * max(0,X1-2.17) + 0.0401*max(0,X0+0.588) * max(0,0.835-X1) - 0.0237*X1 * max(0,X1+1.16) + 0.0159*max(0,X0+0.588) * max(0,X1+1.16) + 0.00500*max(0,X1+1.16)",
    "mse_train": 2.1599911414231525,
    "mae_train": 1.1445821371046634,
    "r2_train": 0.7663999993847339,
    "mse_test": 2.733213092101962,
    "mae_test": 1.3473392440363945,
    "r2_test": 0.7236905688529671
}