{
    "dataset": "519_vinnie",
    "algorithm": "FFXRegressor",
    "params": {},
    "random_state": 15795,
    "process_time": 104.238168339,
    "time_time": 65.24647808074951,
    "target_noise": 0.0,
    "feature_noise": 0.0,
    "model_size": 236,
    "symbolic_model": "-1.14 - 5.80*max(0,X1-2.08) + 2.69*max(0,-0.886-X0) * max(0,X1-2.08) - 2.45*max(0,0.631-X1) + 1.93*max(0,1.36-X1) + 1.76*max(0,X1+0.0938) * max(0,X1-2.08) - 1.50*max(0,X1-1.36) - 1.16*max(0,-0.886-X0) * max(0,-1.54-X1) + 1.14*max(0,X1+0.0938) * X1 - 0.887*X1 * max(0,X1-1.36) - 0.839*max(0,0.631-X1) * max(0,X1+0.0938) - 0.791*X1 * max(0,-1.54-X1) - 0.770*max(0,-0.886-X0) * X1 + 0.767*X1 * max(0,X1-2.08) - 0.753*max(0,-1.54-X1) + 0.703*max(0,-0.819-X1) + 0.637*max(0,0.631-X1) * X1 + 0.541*max(0,-0.886-X0) * max(0,X1+0.0938) - 0.440*max(0,X1+0.0938) * max(0,X1-1.36) - 0.421*max(0,-0.886-X0) * max(0,0.631-X1) + 0.347*max(0,-0.886-X0) - 0.340*max(0,-0.886-X0) * max(0,X1-1.36) - 0.312*X1 + 0.281*max(0,X1-1.36) * max(0,X1-2.08) + 0.216*X1^2 + 0.138*max(0,X1+0.0938) + 0.0494*max(0,X0-0.204)",
    "mse_train": 2.0723929452922714,
    "mae_train": 1.130341559486775,
    "r2_train": 0.7722917755880873,
    "mse_test": 3.0641177329440703,
    "mae_test": 1.365402228311715,
    "r2_test": 0.7035540656509129
}