{
    "dataset": "519_vinnie",
    "algorithm": "FFXRegressor",
    "params": {},
    "random_state": 28020,
    "process_time": 89.011384573,
    "time_time": 56.94516611099243,
    "target_noise": 0.0,
    "feature_noise": 0.0,
    "model_size": 283,
    "symbolic_model": "0.317 + 5.11*max(0,X1-2.00) + 4.36*max(0,-0.862-X0) * max(0,X1-2.00) - 2.37*X1 * max(0,-1.54-X1) + 1.84*max(0,-0.833-X1) - 1.70*max(0,-0.862-X0) * max(0,X1-1.29) + 1.69*max(0,X1-1.29) - 1.53*max(0,X1-1.29) * max(0,X1-2.00) + 1.41*max(0,X1+0.124) - 1.35*X1 * max(0,X1-2.00) - 1.27*max(0,-0.833-X1) * max(0,-1.54-X1) - 1.16*max(0,0.584-X1) - 0.959*max(0,X1+0.124) * max(0,1.29-X1) + 0.851*max(0,-0.833-X1) * X1 + 0.750*max(0,-0.862-X0) * max(0,X1+0.124) - 0.738*max(0,-1.54-X1) - 0.731*X1^2 + 0.565*max(0,X1+0.124) * max(0,X1-2.00) - 0.528*max(0,X1+0.124) * max(0,X1-1.29) - 0.451*max(0,-0.862-X0) * max(0,-1.54-X1) - 0.333*max(0,-0.862-X0) * X1 - 0.244*max(0,1.29-X1) * X1 + 0.225*max(0,X1+0.124) * X1 - 0.210*X1 + 0.157*max(0,1.29-X1) - 0.0848*max(0,-0.862-X0) + 0.0833*max(0,X0+0.500) - 0.0401*max(0,X0-0.951) + 0.0118*max(0,-0.862-X0) * max(0,1.29-X1) - 0.00218*max(0,-0.500-X0) + 0.000982*max(0,X1-1.29) * X1 + 0.000481*max(0,1.29-X1) * max(0,-1.54-X1)",
    "mse_train": 2.1975622774371493,
    "mae_train": 1.1663521869327698,
    "r2_train": 0.7658613613786309,
    "mse_test": 2.6434698184525427,
    "mae_test": 1.306670110755815,
    "r2_test": 0.7183847784180769
}