{
    "dataset": "519_vinnie",
    "algorithm": "FFXRegressor",
    "params": {},
    "random_state": 21962,
    "process_time": 86.904619408,
    "time_time": 52.7316780090332,
    "target_noise": 0.0,
    "feature_noise": 0.0,
    "model_size": 301,
    "symbolic_model": "2.15 - 12.7*max(0,X1-2.04) + 6.41*max(0,-1.55-X1) + 4.65*max(0,X1+0.117) * max(0,X1-2.04) + 3.41*max(0,-0.835-X1) * max(0,-1.55-X1) + 3.36*max(0,-0.835-X1) + 3.21*max(0,-0.875-X0) * max(0,X1-2.04) - 2.19*max(0,-0.875-X0) * max(0,-1.55-X1) - 1.79*max(0,-1.55-X1) * max(0,1.32-X1) - 1.53*max(0,0.602-X1) + 1.44*max(0,X1+0.117) + 1.36*max(0,X0-0.217) * max(0,X1-2.04) + 1.23*max(0,-0.835-X1) * max(0,-0.875-X0) - 1.09*max(0,X1+1.55) - 0.936*max(0,X1+0.117) * max(0,1.32-X1) - 0.680*max(0,X1+0.117) * max(0,0.602-X1) - 0.628*max(0,-0.835-X1) * max(0,1.32-X1) - 0.563*max(0,-0.835-X1) * max(0,0.602-X1) + 0.534*max(0,1.32-X1) - 0.377*max(0,0.602-X1) * max(0,1.32-X1) + 0.325*max(0,X0-0.217) * max(0,0.602-X1) - 0.307*max(0,-0.875-X0) * max(0,1.32-X1) + 0.306*max(0,-0.875-X0) * max(0,0.602-X1) - 0.298*max(0,X0-0.217) * max(0,1.32-X1) + 0.288*max(0,X0-0.581) + 0.249*max(0,-0.875-X0) * max(0,X1+0.117) + 0.197*max(0,-0.511-X0) - 0.181*max(0,X0-0.945) - 0.179*max(0,-1.55-X1) * max(0,0.602-X1) - 0.153*max(0,-0.875-X0) + 0.126*max(0,X0-0.217)",
    "mse_train": 2.214390922914521,
    "mae_train": 1.1741992840402071,
    "r2_train": 0.7519631762894132,
    "mse_test": 2.4080832087686463,
    "mae_test": 1.2603519370919798,
    "r2_test": 0.7780857418349395
}