{
    "dataset": "519_vinnie",
    "algorithm": "FFXRegressor",
    "params": {},
    "random_state": 4426,
    "process_time": 102.917025943,
    "time_time": 58.200570821762085,
    "target_noise": 0.0,
    "feature_noise": 0.0,
    "model_size": 302,
    "symbolic_model": "0.0611 + 19.1*max(0,X1-2.07) - 10.6*max(0,X1-1.36) * max(0,X1-2.07) - 4.09*max(0,X1-0.645) * max(0,X1-2.07) - 2.91*max(0,-0.866-X0) * max(0,X1-1.36) + 2.03*max(0,X1-1.36) + 1.91*max(0,-0.866-X0) * max(0,X1-2.07) - 1.84*max(0,X1-0.645) * max(0,X1-1.36) - 1.72*max(0,-0.866-X0) * max(0,-1.50-X1) + 1.71*X1 * max(0,X1-2.07) + 1.69*max(0,X1+0.782) * max(0,X1-2.07) - 1.37*max(0,X1-0.645) - 1.30*max(0,-0.0688-X1) + 0.916*max(0,X1+0.782) * max(0,-0.866-X0) - 0.837*max(0,-0.866-X0) * X1 - 0.619*max(0,-1.50-X1) + 0.609*max(0,X1+0.782) - 0.570*max(0,-0.866-X0) - 0.547*max(0,X1-0.645) * max(0,1.36-X1) - 0.486*max(0,X1+0.782) * max(0,1.36-X1) + 0.339*max(0,X1+0.782) * X1 - 0.276*max(0,1.36-X1) * X1 - 0.257*max(0,-1.50-X1) * X1 - 0.255*X1 * max(0,X1-1.36) - 0.226*X1^2 + 0.205*X1 + 0.159*max(0,-1.50-X1) * max(0,1.36-X1) + 0.134*max(0,X1-0.645) * X1 + 0.0607*max(0,X0+0.499) - 0.0426*max(0,X0-0.969) - 0.0335*max(0,X0-0.602) + 0.0328*max(0,X1+0.782) * max(0,X1-1.36) - 0.0157*max(0,1.36-X1) - 0.00798*max(0,-0.499-X0)",
    "mse_train": 2.225704961954203,
    "mae_train": 1.1939145664084154,
    "r2_train": 0.7685546540092867,
    "mse_test": 2.972906667140151,
    "mae_test": 1.3077761418178382,
    "r2_test": 0.6620846011216642
}