{
    "dataset": "519_vinnie",
    "algorithm": "FFXRegressor",
    "params": {},
    "random_state": 23654,
    "process_time": 139.885099696,
    "time_time": 33.106613636016846,
    "target_noise": 0.0,
    "feature_noise": 0.0,
    "model_size": 322,
    "symbolic_model": "-1.58 + 7.46*max(0,-0.941-X0) * max(0,X1-2.06) + 3.33*max(0,X1+0.125) + 3.04*max(0,-0.941-X0) - 2.98*max(0,1.33-X1) * max(0,-0.941-X0) + 2.15*max(0,X1-2.06) + 1.83*max(0,-0.941-X0) * max(0,0.605-X1) - 1.47*X1 + 1.13*max(0,-0.855-X1) * max(0,-0.941-X0) - 1.13*max(0,0.605-X1) * max(0,X1+0.125) - 1.02*max(0,-0.941-X0) * max(0,-1.58-X1) - 1.01*max(0,-1.58-X1) - 0.963*abs(X1) + 0.937*max(0,-0.855-X1) - 0.866*max(0,X1-2.06) * max(0,X1+0.125) - 0.843*max(0,-0.941-X0) * X1 - 0.810*max(0,-0.941-X0) * max(0,X1+0.125) - 0.782*X1^2 + 0.762*max(0,1.33-X1) - 0.729*X1 * max(0,-1.58-X1) + 0.609*max(0,-0.855-X1) * X1 + 0.514*X1 * max(0,X1+0.125) + 0.498*max(0,-0.855-X1) * max(0,0.605-X1) + 0.492*max(0,X1+1.58) - 0.474*max(0,0.605-X1) - 0.424*max(0,1.33-X1) * max(0,X1+0.125) + 0.260*max(0,0.605-X1) * max(0,-1.58-X1) - 0.201*max(0,1.33-X1) * max(0,0.605-X1) + 0.137*max(0,-0.855-X1) * max(0,-1.58-X1) - 0.136*max(0,1.33-X1) * X1 - 0.106*max(0,X1-2.06) * X1 + 0.0472*max(0,X0+0.571) + 0.0465*abs(X0) + 0.0384*max(0,0.605-X1) * X1 - 0.0270*max(0,2.06-X1) + 0.00814*max(0,1.33-X1) * max(0,-1.58-X1)",
    "mse_train": 2.0964624726082306,
    "mae_train": 1.1499119637086215,
    "r2_train": 0.7533650365746711,
    "mse_test": 2.908444315943082,
    "mae_test": 1.3150721352306467,
    "r2_test": 0.7598603008857124
}