{
    "dataset": "519_vinnie",
    "algorithm": "FFXRegressor",
    "params": {},
    "random_state": 5390,
    "process_time": 97.442921068,
    "time_time": 56.89743089675903,
    "target_noise": 0.0,
    "feature_noise": 0.0,
    "model_size": 326,
    "symbolic_model": "-0.0436 + 8.50*max(0,X1-0.683) * max(0,X1-1.93) + 8.01*max(0,X1-1.31) + 7.57*max(0,-0.850-X0) * max(0,X1-1.93) - 6.40*max(0,X1-1.93) + 6.39*max(0,X1-0.0580) * max(0,X1-1.93) - 6.01*max(0,X1-1.31) * max(0,X1-1.93) - 4.97*X1 * max(0,X1-1.93) - 3.27*max(0,-0.850-X0) * max(0,X1-1.31) - 2.96*X1 * max(0,X1-1.31) - 2.34*max(0,X1-0.683) - 1.94*max(0,X1-0.0580) * max(0,X1-1.31) - 1.76*max(0,X1-0.0580) + 1.41*max(0,-0.567-X1) * max(0,-1.19-X1) + 1.34*X1^2 - 0.844*max(0,1.31-X1) * max(0,-1.19-X1) + 0.807*max(0,X1+1.19) - 0.783*max(0,-0.567-X1) - 0.698*max(0,1.31-X1) + 0.669*max(0,-0.850-X0) * max(0,X1-0.0580) + 0.600*X1 + 0.582*max(0,-0.567-X1) * X1 + 0.523*max(0,-1.19-X1) * X1 - 0.520*max(0,-0.850-X0) * max(0,-1.19-X1) - 0.270*max(0,1.31-X1) * X1 - 0.249*max(0,1.31-X1) * max(0,-0.567-X1) - 0.234*max(0,-0.850-X0) * X1 + 0.214*max(0,-1.19-X1) - 0.183*max(0,1.31-X1) * max(0,X1-0.0580) - 0.106*max(0,-0.850-X0) + 0.0875*max(0,X0-0.596) - 0.0834*max(0,X1-0.0580) * X1 + 0.0479*max(0,-0.850-X0) * max(0,-0.567-X1) + 0.0357*max(0,-0.850-X0) * max(0,1.31-X1) + 0.00635*max(0,X0+0.127) + 0.00171*max(0,X0-0.958)",
    "mse_train": 2.0858597477085574,
    "mae_train": 1.145444139358192,
    "r2_train": 0.7803380319208659,
    "mse_test": 2.737984754748552,
    "mae_test": 1.3811773379959003,
    "r2_test": 0.7010101830505326
}