{
    "dataset": "519_vinnie",
    "algorithm": "FFXRegressor",
    "params": {},
    "random_state": 16850,
    "process_time": 91.954062623,
    "time_time": 53.04548263549805,
    "target_noise": 0.0,
    "feature_noise": 0.0,
    "model_size": 302,
    "symbolic_model": "-0.464 + 4.77*max(0,-0.878-X0) * max(0,X1-2.08) - 3.93*max(0,X1-1.43) + 2.14*max(0,X1-0.147) * max(0,0.791-X1) - 1.73*max(0,-0.497-X1) - 1.66*max(0,0.791-X1) + 1.43*max(0,-0.497-X1) * max(0,-0.878-X0) - 1.36*max(0,X1-0.147) + 1.31*X1^2 + 1.08*max(0,1.43-X1) + 0.747*max(0,-0.878-X0) * X1 - 0.712*max(0,-0.878-X0) * max(0,X1-1.43) - 0.709*max(0,-1.14-X1) * max(0,-0.878-X0) + 0.602*max(0,X1-1.43) * max(0,X1-2.08) - 0.589*max(0,-0.878-X0) * max(0,X1-0.147) - 0.463*max(0,-0.497-X1) * max(0,0.791-X1) - 0.426*max(0,-0.497-X1) * X1 - 0.426*max(0,X1-0.147) * max(0,X1-2.08) + 0.417*X1 - 0.410*X1 * max(0,X1-2.08) - 0.400*max(0,-1.14-X1) * max(0,0.791-X1) - 0.353*max(0,-1.14-X1) + 0.136*max(0,-0.878-X0) * max(0,0.791-X1) + 0.132*max(0,-1.14-X1) * X1 + 0.0980*max(0,X1-0.147) * max(0,X1-1.43) + 0.0783*max(0,X1+1.14) + 0.0714*max(0,X1-1.43) * X1 + 0.0664*max(0,X0+0.518) - 0.0579*max(0,X1-2.08) + 0.0413*max(0,X1-0.147) * X1 + 0.00849*max(0,X0-0.922) + 0.00795*max(0,0.791-X1) * X1 + 0.00648*max(0,X0-0.562) - 0.00329*max(0,-0.518-X0)",
    "mse_train": 2.2336636820564246,
    "mae_train": 1.191517697484568,
    "r2_train": 0.7629347789599654,
    "mse_test": 2.270800334435516,
    "mae_test": 1.1929959797386671,
    "r2_test": 0.7577830868894866
}