{
    "dataset": "712_chscase_geyser1",
    "algorithm": "sembackpropgp",
    "params": {
        "caching": false,
        "classweights": false,
        "elitism": 1,
        "erc": true,
        "evaluations": 500000,
        "functions": "+_-_*_aq_plog_sin_cos",
        "generations": -1,
        "gomea": false,
        "gomfos": "LT",
        "ims": false,
        "initmaxtreeheight": 6,
        "linearscaling": false,
        "maxsize": 250,
        "maxtreeheight": 20,
        "parallel": false,
        "popsize": 1000,
        "prob": "symbreg",
        "reproduction": 0.0,
        "sbagx": false,
        "sblibtype": "p_6_9999",
        "sbrdo": 0.9,
        "seed": -1,
        "silent": true,
        "subcross": 0.0,
        "submut": 0.1,
        "syntuniqinit": 1000,
        "time": 7200,
        "tournament": 4,
        "unifdepthvar": true
    },
    "random_state": 860,
    "process_time": 65249.328994159,
    "time_time": 65252.75033259392,
    "target_noise": 0.0,
    "feature_noise": 0.0,
    "model_size": 250,
    "symbolic_model": "((x1aqcos((cos(x0)-7.061000)))+(((sin((x1+sin(((x1*x0)+x1))))+plog(x0))aq((7.103000-0.398000)aqsin((x0*5.991000))))+(((((x0aq4.791000)*plog(x0))+((x0aq(x1+(7.380000-x1)))*sin((x1*5.916000))))+((sin((x1+cos(x0)))+(plog(cos(sin((cos(x1)+(plog(cos(sin(x0)))+x1)))))-((x1aqcos(plog((-7.470000*(x1+x0)))))+(sin(x1)+plog(((x1aqx1)+(cos(x1)-plog(-6.120000))))))))aq(((x0+(plog(x1)+sin(x1)))+5.218000)aqplog(cos(x0)))))+((x0aq(5.704000*x0))*((1.990000*plog(sin((sin(-0.416000)-x1))))+((cos((sin(plog((x0*(cos(x0)aqplog((x1+x0))))))-plog((plog(x0)+x1))))+(((((((plog(sin(x0))*(x0-596.917028))*sin((x1*5.916000)))+((7.768000*(5.485000*x0))aqplog(x1)))aq((x1+5.847000)aqx0))+(((x1+((6.755000*sin(4.107000))+(-429.765411*plog(x0))))aq(x1+4.303000))+((plog(sin(x0))*((plog(-26132253461495154856263740787300279255040.000000)*(x0*plog((x0+x1))))*x0))+(((7.781000--6.271000)*sin((x1*7.989000)))+(((plog(x0)*3.924000)*((x0aq-5.480000)*((-830.759437aq((x0--0.796000)*-4.819000))*plog(x0))))*plog(x0))))))aq(x1+8.290000))*(1.076000*sin((x1*5.991000)))))aq((sin(-8.290000)+5.847000)aqx1)))))))",
    "mse_train": 22.439267916725413,
    "mae_train": 3.7396039012578135,
    "r2_train": 0.8558438844475412,
    "mse_test": 65.96198157315527,
    "mae_test": 6.417662635596325,
    "r2_test": 0.6373523217397141
}