{
    "dataset": "712_chscase_geyser1",
    "algorithm": "sembackpropgp",
    "params": {
        "caching": false,
        "classweights": false,
        "elitism": 1,
        "erc": true,
        "evaluations": 500000,
        "functions": "+_-_*_aq_plog_sin_cos",
        "generations": -1,
        "gomea": false,
        "gomfos": "LT",
        "ims": false,
        "initmaxtreeheight": 6,
        "linearscaling": false,
        "maxsize": 250,
        "maxtreeheight": 20,
        "parallel": false,
        "popsize": 1000,
        "prob": "symbreg",
        "reproduction": 0.0,
        "sbagx": false,
        "sblibtype": "p_6_9999",
        "sbrdo": 0.9,
        "seed": -1,
        "silent": true,
        "subcross": 0.0,
        "submut": 0.1,
        "syntuniqinit": 1000,
        "time": 7200,
        "tournament": 4,
        "unifdepthvar": true
    },
    "random_state": 23654,
    "process_time": 46105.79040369,
    "time_time": 46106.69932460785,
    "target_noise": 0.0,
    "feature_noise": 0.0,
    "model_size": 248,
    "symbolic_model": "((x1*(x0-x0))+(((plog(x1)aq(x1+(4.942000-x0)))*sin((plog(x1)+7.650000)))+(((plog(plog(x0))aq(5.516000+8.165000))*sin((x1*(6.250000--8.162000))))+(((plog(x1)aq(5.003000+(x1*-4.252000)))*sin((-7.955000+7.555000)))+(((plog((x0*x1))aq(5.003000+8.165000))*sin((x0*(sin(x1)--8.162000))))+(((plog(cos(((-8.531000*(2.831000+x0))-sin(cos(x0)))))aq(plog((plog(-8.194000)*x1))+8.165000))*sin((x1*(x1--8.162000))))+(((plog(x1)aq(3.986000+((-1.836000+x1)-x0)))*sin((x1*plog(((((5.146000*x1)+plog(sin(sin((x1+x1)))))+(2.411000-x1))*x1)))))+(((plog(x1)aq(5.003000+cos(6.188000)))*sin(plog(0.692000)))+(((plog(x1)aq(x0+8.165000))*sin((x1*((3.133000-x0)-x0))))+(((plog(x0)aq(4.798000*x0))*sin((x1*(x1-x0))))+(((plog(x1)aq(x1+8.165000))*sin(((x0-x1)*(sin(x1)--8.162000))))+(((x0aq-6.511000)*sin((-7.955000+7.650000)))+(((plog(x1)aq(x1+6.556000))*sin(((cos(x0)-x0)*(x1--8.162000))))+(((plog(x1)aq((plog(cos(x1))*7.480000)+6.969000))*sin(((cos(7.656000)-x0)*(-0.729000--8.162000))))+(((plog(x0)aq(x0+(4.613000+(x0*x1))))*x0)+(x1aq0.363000))))))))))))))))",
    "mse_train": 21.45184309762437,
    "mae_train": 3.7605239916149924,
    "r2_train": 0.8632277679151905,
    "mse_test": 51.96958092540209,
    "mae_test": 5.926734368638015,
    "r2_test": 0.7112959609607945
}