{
    "dataset": "663_rabe_266",
    "algorithm": "LinearRegression",
    "params": {
        "copy_X": true,
        "fit_intercept": true,
        "n_jobs": null,
        "normalize": false,
        "positive": false
    },
    "random_state": 28020,
    "process_time": 0.01642265799999998,
    "time_time": 0.11749744415283203,
    "target_noise": 0.0,
    "feature_noise": 0.0,
    "model_size": 2,
    "symbolic_model": "not implemented",
    "mse_train": 84.38884192007896,
    "mae_train": 7.174322855047654,
    "r2_train": 0.9687519959646765,
    "mse_test": 44.94752797344099,
    "mae_test": 5.6314458502508575,
    "r2_test": 0.9839172456222339
}