{
    "dataset": "663_rabe_266",
    "algorithm": "LinearRegression",
    "params": {
        "copy_X": true,
        "fit_intercept": true,
        "n_jobs": null,
        "normalize": false,
        "positive": false
    },
    "random_state": 5390,
    "process_time": 0.016430175999999852,
    "time_time": 0.06989383697509766,
    "target_noise": 0.0,
    "feature_noise": 0.0,
    "model_size": 2,
    "symbolic_model": "not implemented",
    "mse_train": 62.78405876260695,
    "mae_train": 6.000066641290257,
    "r2_train": 0.9797443714213063,
    "mse_test": 110.75092312314294,
    "mae_test": 7.277765475815117,
    "r2_test": 0.9293334315407923
}