{
    "dataset": "663_rabe_266",
    "algorithm": "LinearRegression",
    "params": {
        "copy_X": true,
        "fit_intercept": true,
        "n_jobs": null,
        "normalize": false,
        "positive": false
    },
    "random_state": 16850,
    "process_time": 0.016496465000000127,
    "time_time": 0.0941016674041748,
    "target_noise": 0.0,
    "feature_noise": 0.0,
    "model_size": 2,
    "symbolic_model": "not implemented",
    "mse_train": 73.38910625698944,
    "mae_train": 6.6788815767503475,
    "r2_train": 0.9747380206990119,
    "mse_test": 75.60338306109836,
    "mae_test": 6.073306786284595,
    "r2_test": 0.9653224476878648
}