{
    "dataset": "557_analcatdata_apnea1",
    "algorithm": "LassoLars",
    "params": {
        "alpha": 0.1,
        "copy_X": true,
        "eps": 2.220446049250313e-16,
        "fit_intercept": true,
        "fit_path": true,
        "jitter": null,
        "max_iter": 500,
        "normalize": true,
        "positive": false,
        "precompute": "auto",
        "random_state": 16850,
        "verbose": false
    },
    "random_state": 16850,
    "process_time": 0.07318348200000013,
    "time_time": 0.2225501537322998,
    "target_noise": 0.0,
    "feature_noise": 0.0,
    "model_size": 3,
    "symbolic_model": "not implemented",
    "mse_train": 10254625.068260005,
    "mae_train": 1416.6395025880568,
    "r2_train": 1.1102230246251565e-16,
    "mse_test": 9792047.97255295,
    "mae_test": 1332.84116230762,
    "r2_test": -0.0013238942096962525
}