{
    "dataset": "557_analcatdata_apnea1",
    "algorithm": "LassoLars",
    "params": {
        "alpha": 0.1,
        "copy_X": true,
        "eps": 2.220446049250313e-16,
        "fit_intercept": true,
        "fit_path": true,
        "jitter": null,
        "max_iter": 500,
        "normalize": true,
        "positive": false,
        "precompute": "auto",
        "random_state": 15795,
        "verbose": false
    },
    "random_state": 15795,
    "process_time": 0.08360221300000004,
    "time_time": 0.2678647041320801,
    "target_noise": 0.0,
    "feature_noise": 0.0,
    "model_size": 3,
    "symbolic_model": "not implemented",
    "mse_train": 8697698.265646698,
    "mae_train": 1190.1241636157051,
    "r2_train": 0.0,
    "mse_test": 14503154.748303825,
    "mae_test": 1572.73054952318,
    "r2_test": -0.015839219429410134
}