{
    "dataset": "557_analcatdata_apnea1",
    "algorithm": "LassoLars",
    "params": {
        "alpha": 1,
        "copy_X": true,
        "eps": 2.220446049250313e-16,
        "fit_intercept": true,
        "fit_path": true,
        "jitter": null,
        "max_iter": 500,
        "normalize": true,
        "positive": false,
        "precompute": "auto",
        "random_state": 5390,
        "verbose": false
    },
    "random_state": 5390,
    "process_time": 0.07627519100000013,
    "time_time": 0.29941415786743164,
    "target_noise": 0.0,
    "feature_noise": 0.0,
    "model_size": 3,
    "symbolic_model": "not implemented",
    "mse_train": 8351683.946621324,
    "mae_train": 1229.15654589067,
    "r2_train": 0.0,
    "mse_test": 15504938.368575543,
    "mae_test": 1582.5105986214708,
    "r2_test": -0.006034966720710022
}