{
    "dataset": "557_analcatdata_apnea1",
    "algorithm": "LassoLars",
    "params": {
        "alpha": 0.1,
        "copy_X": true,
        "eps": 2.220446049250313e-16,
        "fit_intercept": true,
        "fit_path": true,
        "jitter": null,
        "max_iter": 500,
        "normalize": true,
        "positive": false,
        "precompute": "auto",
        "random_state": 28020,
        "verbose": false
    },
    "random_state": 28020,
    "process_time": 0.07321527299999997,
    "time_time": 0.2506687641143799,
    "target_noise": 0.0,
    "feature_noise": 0.0,
    "model_size": 3,
    "symbolic_model": "not implemented",
    "mse_train": 10954936.1007054,
    "mae_train": 1441.9588909228637,
    "r2_train": 0.0,
    "mse_test": 7700888.265147678,
    "mae_test": 1297.9252431309608,
    "r2_test": -0.0037103691262603267
}