{
    "dataset": "557_analcatdata_apnea1",
    "algorithm": "LassoLars",
    "params": {
        "alpha": 0.1,
        "copy_X": true,
        "eps": 2.220446049250313e-16,
        "fit_intercept": true,
        "fit_path": true,
        "jitter": null,
        "max_iter": 500,
        "normalize": true,
        "positive": false,
        "precompute": "auto",
        "random_state": 14423,
        "verbose": false
    },
    "random_state": 14423,
    "process_time": 0.07246217299999991,
    "time_time": 0.23337674140930176,
    "target_noise": 0.0,
    "feature_noise": 0.0,
    "model_size": 3,
    "symbolic_model": "not implemented",
    "mse_train": 9258824.969164245,
    "mae_train": 1273.4584964019693,
    "r2_train": 0.0,
    "mse_test": 12782998.90044202,
    "mae_test": 1493.7978944386741,
    "r2_test": -0.004757024098847484
}