{
    "dataset": "557_analcatdata_apnea1",
    "algorithm": "LassoLars",
    "params": {
        "alpha": 0.1,
        "copy_X": true,
        "eps": 2.220446049250313e-16,
        "fit_intercept": true,
        "fit_path": true,
        "jitter": null,
        "max_iter": 500,
        "normalize": true,
        "positive": false,
        "precompute": "auto",
        "random_state": 29910,
        "verbose": false
    },
    "random_state": 29910,
    "process_time": 0.077819109,
    "time_time": 0.32026219367980957,
    "target_noise": 0.0,
    "feature_noise": 0.0,
    "model_size": 3,
    "symbolic_model": "not implemented",
    "mse_train": 9987696.447063185,
    "mae_train": 1275.0650170433025,
    "r2_train": 0.0,
    "mse_test": 10603448.14549181,
    "mae_test": 1483.4173590784637,
    "r2_test": -0.006098015025558068
}