{
    "dataset": "557_analcatdata_apnea1",
    "algorithm": "LassoLars",
    "params": {
        "alpha": 0.1,
        "copy_X": true,
        "eps": 2.220446049250313e-16,
        "fit_intercept": true,
        "fit_path": true,
        "jitter": null,
        "max_iter": 500,
        "normalize": true,
        "positive": false,
        "precompute": "auto",
        "random_state": 23654,
        "verbose": false
    },
    "random_state": 23654,
    "process_time": 0.08404480300000006,
    "time_time": 0.2904942035675049,
    "target_noise": 0.0,
    "feature_noise": 0.0,
    "model_size": 3,
    "symbolic_model": "not implemented",
    "mse_train": 11652716.765646698,
    "mae_train": 1517.200527079914,
    "r2_train": 0.0,
    "mse_test": 5633029.374448665,
    "mae_test": 1191.3561750542915,
    "r2_test": -0.019322373270305393
}