{
    "dataset": "557_analcatdata_apnea1",
    "algorithm": "LassoLars",
    "params": {
        "alpha": 0.1,
        "copy_X": true,
        "eps": 2.220446049250313e-16,
        "fit_intercept": true,
        "fit_path": true,
        "jitter": null,
        "max_iter": 500,
        "normalize": true,
        "positive": false,
        "precompute": "auto",
        "random_state": 21962,
        "verbose": false
    },
    "random_state": 21962,
    "process_time": 0.07455114999999979,
    "time_time": 0.2316725254058838,
    "target_noise": 0.0,
    "feature_noise": 0.0,
    "model_size": 3,
    "symbolic_model": "not implemented",
    "mse_train": 9553514.350421349,
    "mae_train": 1263.0969101123596,
    "r2_train": 0.0,
    "mse_test": 11911255.902836135,
    "mae_test": 1472.8088235294117,
    "r2_test": -0.008452278298845428
}