{
    "dataset": "556_analcatdata_apnea2",
    "algorithm": "LassoLars",
    "params": {
        "alpha": 0.1,
        "copy_X": true,
        "eps": 2.220446049250313e-16,
        "fit_intercept": true,
        "fit_path": true,
        "jitter": null,
        "max_iter": 500,
        "normalize": true,
        "positive": false,
        "precompute": "auto",
        "random_state": 23654,
        "verbose": false
    },
    "random_state": 23654,
    "process_time": 0.07753279700000015,
    "time_time": 0.3102569580078125,
    "target_noise": 0.0,
    "feature_noise": 0.0,
    "model_size": 3,
    "symbolic_model": "not implemented",
    "mse_train": 10392582.387514202,
    "mae_train": 1449.8341118545638,
    "r2_train": 0.0,
    "mse_test": 7565098.229283078,
    "mae_test": 1236.4873949579833,
    "r2_test": -0.005629216831133377
}