{
    "dataset": "556_analcatdata_apnea2",
    "algorithm": "LassoLars",
    "params": {
        "alpha": 0.1,
        "copy_X": true,
        "eps": 2.220446049250313e-16,
        "fit_intercept": true,
        "fit_path": true,
        "jitter": null,
        "max_iter": 500,
        "normalize": true,
        "positive": false,
        "precompute": "auto",
        "random_state": 21962,
        "verbose": false
    },
    "random_state": 21962,
    "process_time": 0.0831348059999999,
    "time_time": 0.23778438568115234,
    "target_noise": 0.0,
    "feature_noise": 0.0,
    "model_size": 3,
    "symbolic_model": "not implemented",
    "mse_train": 8895538.776069941,
    "mae_train": 1225.7049299330893,
    "r2_train": -2.220446049250313e-16,
    "mse_test": 12066030.217462305,
    "mae_test": 1491.790340855443,
    "r2_test": -0.011034080175295058
}