{
    "dataset": "556_analcatdata_apnea2",
    "algorithm": "LassoLars",
    "params": {
        "alpha": 1,
        "copy_X": true,
        "eps": 2.220446049250313e-16,
        "fit_intercept": true,
        "fit_path": true,
        "jitter": null,
        "max_iter": 500,
        "normalize": true,
        "positive": false,
        "precompute": "auto",
        "random_state": 28020,
        "verbose": false
    },
    "random_state": 28020,
    "process_time": 0.07296495800000002,
    "time_time": 0.23925375938415527,
    "target_noise": 0.0,
    "feature_noise": 0.0,
    "model_size": 3,
    "symbolic_model": "not implemented",
    "mse_train": 10245406.58777301,
    "mae_train": 1420.6342317889157,
    "r2_train": 0.0,
    "mse_test": 8000941.72343462,
    "mae_test": 1287.6678783873103,
    "r2_test": -0.003083621745083809
}