{
    "dataset": "556_analcatdata_apnea2",
    "algorithm": "LassoLars",
    "params": {
        "alpha": 0.1,
        "copy_X": true,
        "eps": 2.220446049250313e-16,
        "fit_intercept": true,
        "fit_path": true,
        "jitter": null,
        "max_iter": 500,
        "normalize": true,
        "positive": false,
        "precompute": "auto",
        "random_state": 4426,
        "verbose": false
    },
    "random_state": 4426,
    "process_time": 0.07891764400000012,
    "time_time": 0.31046485900878906,
    "target_noise": 0.0,
    "feature_noise": 0.0,
    "model_size": 3,
    "symbolic_model": "not implemented",
    "mse_train": 10421360.565237973,
    "mae_train": 1436.295953793713,
    "r2_train": 0.0,
    "mse_test": 7483144.527812725,
    "mae_test": 1304.2137191955433,
    "r2_test": -0.007929178196262487
}