{
    "dataset": "556_analcatdata_apnea2",
    "algorithm": "LassoLars",
    "params": {
        "alpha": 0.1,
        "copy_X": true,
        "eps": 2.220446049250313e-16,
        "fit_intercept": true,
        "fit_path": true,
        "jitter": null,
        "max_iter": 500,
        "normalize": true,
        "positive": false,
        "precompute": "auto",
        "random_state": 15795,
        "verbose": false
    },
    "random_state": 15795,
    "process_time": 0.07317693599999986,
    "time_time": 0.21278619766235352,
    "target_noise": 0.0,
    "feature_noise": 0.0,
    "model_size": 3,
    "symbolic_model": "not implemented",
    "mse_train": 9154769.416258994,
    "mae_train": 1275.1750568110087,
    "r2_train": 0.0,
    "mse_test": 11266688.101468317,
    "mae_test": 1468.4676848267395,
    "r2_test": -0.0032564530219494348
}