{
    "dataset": "556_analcatdata_apnea2",
    "algorithm": "LassoLars",
    "params": {
        "alpha": 0.1,
        "copy_X": true,
        "eps": 2.220446049250313e-16,
        "fit_intercept": true,
        "fit_path": true,
        "jitter": null,
        "max_iter": 500,
        "normalize": true,
        "positive": false,
        "precompute": "auto",
        "random_state": 14423,
        "verbose": false
    },
    "random_state": 14423,
    "process_time": 0.07192669600000001,
    "time_time": 0.1974799633026123,
    "target_noise": 0.0,
    "feature_noise": 0.0,
    "model_size": 3,
    "symbolic_model": "not implemented",
    "mse_train": 9256026.670582943,
    "mae_train": 1277.4598377730083,
    "r2_train": 0.0,
    "mse_test": 10964325.561760549,
    "mae_test": 1457.46296383722,
    "r2_test": -0.0035512198488396596
}