{
    "dataset": "556_analcatdata_apnea2",
    "algorithm": "LassoLars",
    "params": {
        "alpha": 0.1,
        "copy_X": true,
        "eps": 2.220446049250313e-16,
        "fit_intercept": true,
        "fit_path": true,
        "jitter": null,
        "max_iter": 500,
        "normalize": true,
        "positive": false,
        "precompute": "auto",
        "random_state": 29910,
        "verbose": false
    },
    "random_state": 29910,
    "process_time": 0.07369804200000019,
    "time_time": 0.2108311653137207,
    "target_noise": 0.0,
    "feature_noise": 0.0,
    "model_size": 3,
    "symbolic_model": "not implemented",
    "mse_train": 8619540.300175168,
    "mae_train": 1160.87154399697,
    "r2_train": 0.0,
    "mse_test": 12922023.304418352,
    "mae_test": 1584.2770984798412,
    "r2_test": -0.01994562824888302
}