{
    "dataset": "523_analcatdata_neavote",
    "algorithm": "AdaBoostRegressor",
    "params": {
        "base_estimator": null,
        "learning_rate": 0.01,
        "loss": "linear",
        "n_estimators": 1000,
        "random_state": 28020
    },
    "random_state": 28020,
    "process_time": 7.507936529,
    "time_time": 10.713154554367065,
    "target_noise": 0.0,
    "feature_noise": 0.0,
    "model_size": 1547,
    "symbolic_model": "not implemented",
    "mse_train": 0.6521520213023484,
    "mae_train": 0.5426579520697169,
    "r2_train": 0.9585608973857291,
    "mse_test": 0.9521226878550989,
    "mae_test": 0.69124183006536,
    "r2_test": 0.9363554353038035
}