{
    "dataset": "523_analcatdata_neavote",
    "algorithm": "AdaBoostRegressor",
    "params": {
        "base_estimator": null,
        "learning_rate": 1.0,
        "loss": "linear",
        "n_estimators": 10,
        "random_state": 23654
    },
    "random_state": 23654,
    "process_time": 2.0721361399999996,
    "time_time": 2.534113645553589,
    "target_noise": 0.0,
    "feature_noise": 0.0,
    "model_size": 28,
    "symbolic_model": "not implemented",
    "mse_train": 1.794357638888889,
    "mae_train": 0.7063888888888894,
    "r2_train": 0.8876954211590671,
    "mse_test": 0.5866145833333327,
    "mae_test": 0.5058333333333335,
    "r2_test": 0.9572488205942942
}