{
    "dataset": "523_analcatdata_neavote",
    "algorithm": "AdaBoostRegressor",
    "params": {
        "base_estimator": null,
        "learning_rate": 0.01,
        "loss": "linear",
        "n_estimators": 1000,
        "random_state": 15795
    },
    "random_state": 15795,
    "process_time": 9.380095546,
    "time_time": 11.670616865158081,
    "target_noise": 0.0,
    "feature_noise": 0.0,
    "model_size": 2131,
    "symbolic_model": "not implemented",
    "mse_train": 0.6782111067045631,
    "mae_train": 0.6069647696476966,
    "r2_train": 0.9548292901011987,
    "mse_test": 0.9655206887434733,
    "mae_test": 0.7469105691056914,
    "r2_test": 0.9409886142710081
}