{
    "dataset": "523_analcatdata_neavote",
    "algorithm": "AdaBoostRegressor",
    "params": {
        "base_estimator": null,
        "learning_rate": 0.1,
        "loss": "linear",
        "n_estimators": 100,
        "random_state": 860
    },
    "random_state": 860,
    "process_time": 3.9471829950000004,
    "time_time": 4.371253252029419,
    "target_noise": 0.0,
    "feature_noise": 0.0,
    "model_size": 282,
    "symbolic_model": "not implemented",
    "mse_train": 0.5915480563207834,
    "mae_train": 0.49929292929292823,
    "r2_train": 0.9637397531024082,
    "mse_test": 1.107486225895317,
    "mae_test": 0.7287878787878779,
    "r2_test": 0.9157523258051883
}