{
    "dataset": "523_analcatdata_neavote",
    "algorithm": "AdaBoostRegressor",
    "params": {
        "base_estimator": null,
        "learning_rate": 0.01,
        "loss": "linear",
        "n_estimators": 10,
        "random_state": 4426
    },
    "random_state": 4426,
    "process_time": 6.060803943,
    "time_time": 12.890137434005737,
    "target_noise": 0.0,
    "feature_noise": 0.0,
    "model_size": 76,
    "symbolic_model": "not implemented",
    "mse_train": 0.7372371837370311,
    "mae_train": 0.5300183582480997,
    "r2_train": 0.9516919160509669,
    "mse_test": 0.616805417220437,
    "mae_test": 0.5802360346184117,
    "r2_test": 0.9613181431102977
}