{
    "dataset": "523_analcatdata_neavote",
    "algorithm": "AdaBoostRegressor",
    "params": {
        "base_estimator": null,
        "learning_rate": 1.0,
        "loss": "linear",
        "n_estimators": 10,
        "random_state": 5390
    },
    "random_state": 5390,
    "process_time": 2.728947884,
    "time_time": 3.0282955169677734,
    "target_noise": 0.0,
    "feature_noise": 0.0,
    "model_size": 30,
    "symbolic_model": "not implemented",
    "mse_train": 1.8400138744363506,
    "mae_train": 0.679139784946237,
    "r2_train": 0.8800074424538065,
    "mse_test": 0.4273014221297258,
    "mae_test": 0.4931182795698926,
    "r2_test": 0.9722560368968337
}