{
    "dataset": "523_analcatdata_neavote",
    "algorithm": "AdaBoostRegressor",
    "params": {
        "base_estimator": null,
        "learning_rate": 0.01,
        "loss": "linear",
        "n_estimators": 1000,
        "random_state": 14423
    },
    "random_state": 14423,
    "process_time": 4.4236042090000005,
    "time_time": 7.108375072479248,
    "target_noise": 0.0,
    "feature_noise": 0.0,
    "model_size": 1404,
    "symbolic_model": "not implemented",
    "mse_train": 0.7598064878844099,
    "mae_train": 0.5932813852813856,
    "r2_train": 0.9499682584010372,
    "mse_test": 0.6888889357395841,
    "mae_test": 0.6481818181818181,
    "r2_test": 0.9587036653714521
}