{
    "dataset": "523_analcatdata_neavote",
    "algorithm": "AdaBoostRegressor",
    "params": {
        "base_estimator": null,
        "learning_rate": 0.1,
        "loss": "linear",
        "n_estimators": 100,
        "random_state": 21962
    },
    "random_state": 21962,
    "process_time": 4.102805821,
    "time_time": 8.83024525642395,
    "target_noise": 0.0,
    "feature_noise": 0.0,
    "model_size": 191,
    "symbolic_model": "not implemented",
    "mse_train": 1.7135020181615093,
    "mae_train": 0.6798298869589191,
    "r2_train": 0.8895256074529665,
    "mse_test": 0.6445521560449922,
    "mae_test": 0.5708850289495448,
    "r2_test": 0.9579669138639274
}