{
    "dataset": "519_vinnie",
    "algorithm": "BSRRegressor",
    "params": {
        "Ops": [
            "inv",
            "ln",
            "neg",
            "sin",
            "cos",
            "exp",
            "square",
            "cubic",
            "+",
            "*"
        ],
        "alpha1": 0.4,
        "alpha2": 0.4,
        "beta": -1,
        "disp": false,
        "itrNum": 5000,
        "max_time": 7200,
        "treeNum": 6,
        "val": 100
    },
    "random_state": 23654,
    "process_time": 519096.012274188,
    "time_time": 267104.1565465927,
    "target_noise": 0.0,
    "feature_noise": 0.0,
    "model_size": 53,
    "symbolic_model": "[0.00671784]+[-0.00026639]*(((x[1])*(1/[x[0]]))*(1.1531*((0.6241*((x[1])^3)+1.173)*(sin(x[1])))+-0.3386))*(exp((x[0])^2))+[0.04190237]*sin(cos(exp(0.8073*(-((x[1])*(x[0])))+6.0354)))+[-0.00265407]*1/[(cos(0.3531*(1/[x[1]])+-0.1635))*(cos(x[0]))]+3.5938*(-(x[1]))+0.2274+[0.07172122]*(cos(1/[(x[0])^2]))*((x[1])*(x[1]))+[-0.86452855]*-(x[1])+[0.00026056]*(exp(x[0]))^2+cos(-(x[0]))",
    "mse_train": 2.1793048201846665,
    "mae_train": 1.1964766076184807,
    "r2_train": 0.7436191815300237,
    "mse_test": 2.8059858497862566,
    "mae_test": 1.33526317344621,
    "r2_test": 0.768319924850228
}