{
    "dataset": "519_vinnie",
    "algorithm": "BSRRegressor",
    "params": {
        "Ops": [
            "inv",
            "ln",
            "neg",
            "sin",
            "cos",
            "exp",
            "square",
            "cubic",
            "+",
            "*"
        ],
        "alpha1": 0.4,
        "alpha2": 0.4,
        "beta": -1,
        "disp": false,
        "itrNum": 500,
        "max_time": 7200,
        "treeNum": 6,
        "val": 1000
    },
    "random_state": 15795,
    "process_time": 516751.372219426,
    "time_time": 264978.995054245,
    "target_noise": 0.0,
    "feature_noise": 0.0,
    "model_size": 67,
    "symbolic_model": "[0.03602034]+[0.01257339]*(-1.3671*(x[1])+0.5323+sin(-(x[0])))^2+-(x[1]+x[0])+[-0.05925262]*sin(exp((1/[((x[1])*(exp((x[1])*(x[1]))))*(x[1])])*(-(1/[x[0]]))))+[0.93621924]*-(-((x[1])^3+x[1]))+[0.13644621]*(sin(cos(cos(x[0])+sin((((x[1])*(x[0]))^2)*(1/[cos(x[0])])))))^3+[0.00619798]*exp(x[1])+cos(x[0])+(x[0])*(exp(x[0]))+x[1]+-(x[0])+[0.29560924]*-(3.2304*((x[1])^3)+0.3419)",
    "mse_train": 2.192316753998934,
    "mae_train": 1.1729457183687892,
    "r2_train": 0.7591149127699903,
    "mse_test": 2.704361101587128,
    "mae_test": 1.330427916966798,
    "r2_test": 0.738359644292442
}