{
    "dataset": "192_vineyard",
    "algorithm": "LassoLars",
    "params": {
        "alpha": 0.01,
        "copy_X": true,
        "eps": 2.220446049250313e-16,
        "fit_intercept": true,
        "fit_path": true,
        "jitter": null,
        "max_iter": 500,
        "normalize": true,
        "positive": false,
        "precompute": "auto",
        "random_state": 23654,
        "verbose": false
    },
    "random_state": 23654,
    "process_time": 0.07452282300000013,
    "time_time": 0.21272730827331543,
    "target_noise": 0.0,
    "feature_noise": 0.0,
    "model_size": 2,
    "symbolic_model": "not implemented",
    "mse_train": 6.531725972976293,
    "mae_train": 2.001670693867296,
    "r2_train": 0.6181290281020548,
    "mse_test": 10.620315447241504,
    "mae_test": 2.6134335585686257,
    "r2_test": 0.5645722196545817
}