{
    "dataset": "192_vineyard",
    "algorithm": "LassoLars",
    "params": {
        "alpha": 0.01,
        "copy_X": true,
        "eps": 2.220446049250313e-16,
        "fit_intercept": true,
        "fit_path": true,
        "jitter": null,
        "max_iter": 500,
        "normalize": true,
        "positive": false,
        "precompute": "auto",
        "random_state": 860,
        "verbose": false
    },
    "random_state": 860,
    "process_time": 0.07450496200000001,
    "time_time": 0.2486860752105713,
    "target_noise": 0.0,
    "feature_noise": 0.0,
    "model_size": 2,
    "symbolic_model": "not implemented",
    "mse_train": 7.705680970075994,
    "mae_train": 2.1322040474990964,
    "r2_train": 0.6439318035154458,
    "mse_test": 6.140237136214028,
    "mae_test": 2.121371986745778,
    "r2_test": 0.4285792532928575
}