{
    "dataset": "192_vineyard",
    "algorithm": "LassoLars",
    "params": {
        "alpha": 0.01,
        "copy_X": true,
        "eps": 2.220446049250313e-16,
        "fit_intercept": true,
        "fit_path": true,
        "jitter": null,
        "max_iter": 500,
        "normalize": true,
        "positive": false,
        "precompute": "auto",
        "random_state": 21962,
        "verbose": false
    },
    "random_state": 21962,
    "process_time": 0.07742497600000009,
    "time_time": 0.25030064582824707,
    "target_noise": 0.0,
    "feature_noise": 0.0,
    "model_size": 2,
    "symbolic_model": "not implemented",
    "mse_train": 7.280666067751752,
    "mae_train": 2.055641388620745,
    "r2_train": 0.6798573860149343,
    "mse_test": 7.452332989456711,
    "mae_test": 2.3218416875518124,
    "r2_test": -0.19719037568268472
}