{
    "dataset": "192_vineyard",
    "algorithm": "LassoLars",
    "params": {
        "alpha": 0.01,
        "copy_X": true,
        "eps": 2.220446049250313e-16,
        "fit_intercept": true,
        "fit_path": true,
        "jitter": null,
        "max_iter": 500,
        "normalize": true,
        "positive": false,
        "precompute": "auto",
        "random_state": 29910,
        "verbose": false
    },
    "random_state": 29910,
    "process_time": 0.07595818499999996,
    "time_time": 0.246351957321167,
    "target_noise": 0.0,
    "feature_noise": 0.0,
    "model_size": 2,
    "symbolic_model": "not implemented",
    "mse_train": 7.723028093972314,
    "mae_train": 2.196370727593082,
    "r2_train": 0.6370826992837912,
    "mse_test": 5.937936993681408,
    "mae_test": 1.940562748027409,
    "r2_test": 0.5017321986434171
}