{
    "dataset": "192_vineyard",
    "algorithm": "LassoLars",
    "params": {
        "alpha": 0.1,
        "copy_X": true,
        "eps": 2.220446049250313e-16,
        "fit_intercept": true,
        "fit_path": true,
        "jitter": null,
        "max_iter": 500,
        "normalize": true,
        "positive": false,
        "precompute": "auto",
        "random_state": 15795,
        "verbose": false
    },
    "random_state": 15795,
    "process_time": 0.07406424400000011,
    "time_time": 0.21146345138549805,
    "target_noise": 0.0,
    "feature_noise": 0.0,
    "model_size": 2,
    "symbolic_model": "not implemented",
    "mse_train": 16.48486493567846,
    "mae_train": 3.0260491265202787,
    "r2_train": 0.25187290564920395,
    "mse_test": 8.52842309700341,
    "mae_test": 2.571909814999003,
    "r2_test": 0.06287158426945627
}