{
    "dataset": "192_vineyard",
    "algorithm": "LassoLars",
    "params": {
        "alpha": 0.1,
        "copy_X": true,
        "eps": 2.220446049250313e-16,
        "fit_intercept": true,
        "fit_path": true,
        "jitter": null,
        "max_iter": 500,
        "normalize": true,
        "positive": false,
        "precompute": "auto",
        "random_state": 14423,
        "verbose": false
    },
    "random_state": 14423,
    "process_time": 0.07514747500000007,
    "time_time": 0.24169325828552246,
    "target_noise": 0.0,
    "feature_noise": 0.0,
    "model_size": 2,
    "symbolic_model": "not implemented",
    "mse_train": 13.079317892263445,
    "mae_train": 2.9263393426704627,
    "r2_train": 0.14733005382826725,
    "mse_test": 25.755886257893675,
    "mae_test": 3.665164098124161,
    "r2_test": 0.11950141042095053
}