{
    "dataset": "192_vineyard",
    "algorithm": "LassoLars",
    "params": {
        "alpha": 0.01,
        "copy_X": true,
        "eps": 2.220446049250313e-16,
        "fit_intercept": true,
        "fit_path": true,
        "jitter": null,
        "max_iter": 500,
        "normalize": true,
        "positive": false,
        "precompute": "auto",
        "random_state": 28020,
        "verbose": false
    },
    "random_state": 28020,
    "process_time": 0.07699661000000013,
    "time_time": 0.2558760643005371,
    "target_noise": 0.0,
    "feature_noise": 0.0,
    "model_size": 2,
    "symbolic_model": "not implemented",
    "mse_train": 7.965171373255453,
    "mae_train": 2.1962860175048005,
    "r2_train": 0.5876297471417833,
    "mse_test": 5.721509667670891,
    "mae_test": 1.909106484787883,
    "r2_test": 0.667834031660467
}