{
    "dataset": "192_vineyard",
    "algorithm": "LassoLars",
    "params": {
        "alpha": 0.001,
        "copy_X": true,
        "eps": 2.220446049250313e-16,
        "fit_intercept": true,
        "fit_path": true,
        "jitter": null,
        "max_iter": 500,
        "normalize": true,
        "positive": false,
        "precompute": "auto",
        "random_state": 5390,
        "verbose": false
    },
    "random_state": 5390,
    "process_time": 0.0747325179999998,
    "time_time": 0.26003193855285645,
    "target_noise": 0.0,
    "feature_noise": 0.0,
    "model_size": 2,
    "symbolic_model": "not implemented",
    "mse_train": 8.036539343229594,
    "mae_train": 2.153606984062915,
    "r2_train": 0.6298409768778194,
    "mse_test": 5.336526831645982,
    "mae_test": 2.0687020928287,
    "r2_test": 0.4972837042652336
}