{
    "dataset": "523_analcatdata_neavote",
    "algorithm": "LinearRegression",
    "params": {
        "copy_X": true,
        "fit_intercept": true,
        "n_jobs": null,
        "normalize": false,
        "positive": false
    },
    "random_state": 23654,
    "process_time": 0.0166078300000001,
    "time_time": 0.1102449893951416,
    "target_noise": 0.0,
    "feature_noise": 0.0,
    "model_size": 2,
    "symbolic_model": "not implemented",
    "mse_train": 1.048812126034621,
    "mae_train": 0.6349018231177888,
    "r2_train": 0.9343573424021993,
    "mse_test": 0.7275666034182494,
    "mae_test": 0.558739965831168,
    "r2_test": 0.9469765476753258
}