{
    "dataset": "523_analcatdata_neavote",
    "algorithm": "LinearRegression",
    "params": {
        "copy_X": true,
        "fit_intercept": true,
        "n_jobs": null,
        "normalize": false,
        "positive": false
    },
    "random_state": 15795,
    "process_time": 0.01698240800000006,
    "time_time": 0.09387683868408203,
    "target_noise": 0.0,
    "feature_noise": 0.0,
    "model_size": 2,
    "symbolic_model": "not implemented",
    "mse_train": 1.0109445678929214,
    "mae_train": 0.6557984123777671,
    "r2_train": 0.9326683338732868,
    "mse_test": 0.8248572996406713,
    "mae_test": 0.6663533319866224,
    "r2_test": 0.9495857801412655
}