{
    "dataset": "523_analcatdata_neavote",
    "algorithm": "LinearRegression",
    "params": {
        "copy_X": true,
        "fit_intercept": true,
        "n_jobs": null,
        "normalize": false,
        "positive": false
    },
    "random_state": 21962,
    "process_time": 0.017414258999999932,
    "time_time": 0.0990762710571289,
    "target_noise": 0.0,
    "feature_noise": 0.0,
    "model_size": 2,
    "symbolic_model": "not implemented",
    "mse_train": 1.057485577879451,
    "mae_train": 0.6237543929447645,
    "r2_train": 0.9318208700046775,
    "mse_test": 0.6694723017290083,
    "mae_test": 0.5952058882036998,
    "r2_test": 0.9563418000228892
}