{
    "dataset": "523_analcatdata_neavote",
    "algorithm": "LinearRegression",
    "params": {
        "copy_X": true,
        "fit_intercept": true,
        "n_jobs": null,
        "normalize": false,
        "positive": false
    },
    "random_state": 28020,
    "process_time": 0.017396675000000084,
    "time_time": 0.11885643005371094,
    "target_noise": 0.0,
    "feature_noise": 0.0,
    "model_size": 2,
    "symbolic_model": "not implemented",
    "mse_train": 0.9798108374384238,
    "mae_train": 0.5993931034482773,
    "r2_train": 0.9377407713095756,
    "mse_test": 0.9014367218811418,
    "mae_test": 0.6454108374384248,
    "r2_test": 0.9397435346336135
}