{
    "dataset": "523_analcatdata_neavote",
    "algorithm": "LinearRegression",
    "params": {
        "copy_X": true,
        "fit_intercept": true,
        "n_jobs": null,
        "normalize": false,
        "positive": false
    },
    "random_state": 14423,
    "process_time": 0.016892529000000156,
    "time_time": 0.09440040588378906,
    "target_noise": 0.0,
    "feature_noise": 0.0,
    "model_size": 2,
    "symbolic_model": "not implemented",
    "mse_train": 0.7629199705714051,
    "mae_train": 0.5810534346984932,
    "r2_train": 0.9497632417767354,
    "mse_test": 1.5918242308033443,
    "mae_test": 0.7677854982424591,
    "r2_test": 0.9045760460145703
}