{
    "dataset": "556_analcatdata_apnea2",
    "algorithm": "sembackpropgp",
    "params": {
        "caching": false,
        "classweights": false,
        "elitism": 1,
        "erc": true,
        "evaluations": 500000,
        "functions": "+_-_*_aq_plog_sin_cos",
        "generations": -1,
        "gomea": false,
        "gomfos": "LT",
        "ims": false,
        "initmaxtreeheight": 6,
        "linearscaling": true,
        "maxsize": 5000,
        "maxtreeheight": 20,
        "parallel": false,
        "popsize": 1000,
        "prob": "symbreg",
        "reproduction": 0.0,
        "sbagx": false,
        "sblibtype": "p_10_9999_l_n",
        "sbrdo": 0.9,
        "seed": -1,
        "silent": true,
        "subcross": 0.0,
        "submut": 0.1,
        "syntuniqinit": 1000,
        "time": 7200,
        "tournament": 8,
        "unifdepthvar": true
    },
    "random_state": 16850,
    "process_time": 92321.866296371,
    "time_time": 92569.11236357689,
    "target_noise": 0.0,
    "feature_noise": 0.0,
    "model_size": 625,
    "symbolic_model": "-60647376455.174309+0.062466*((((2.286000+(-0.000000*(plog(((x0aqcos(cos(sin(x0))))-(x1-0.186000)))*((((x0+((5.441937*plog(((x0aqx0)-(x1-0.186000))))+1.647169))*(sin(((-1.223000-x0)-cos(-4.799000)))+plog(plog((x1aqx2)))))*1427117.970459)+3271535.496756))))-((cos(((0.031330+((sin((3.405000+x1))*(-0.778818+(-2.016350*plog(((x0aqx0)-(x1-0.186000))))))*-0.007664))*(0.010981+(plog(cos(((-3.633000-x0)-(x1*x0))))*-0.047949))))*800015.818212)+((x2+(cos(x1)+((plog((3.986000*5.189000))+cos(x2))aqplog((x0+x2)))))aq5.029000)))+(((cos(plog(plog(x2)))+(cos((((0.039000aqx0)+((sin((((x0+3.984000)aqcos((plog(sin(x2))*x1)))+cos(plog(x0))))*(-0.778818+(-2.016350*plog(((x0aqx1)-(x1-0.186000))))))*-0.007664))*(0.010981+(plog(cos(((-3.633000-x0)-(cos(x2)*x2))))*-0.047949))))*-98001.394793))+(((cos(x0)+(x0aq(cos((x2+(x0aqx0)))aqplog(sin((((x0-x0)aqx2)+sin((((sin((x0aqx0))+(x0aq(x2*(6.486000-((x0*x0)-sin(-7.173000))))))*(x2*-6.986000))aq(plog((x0+(x2*cos(x0))))aqx0)))))))))*(3450675.691784+(plog(cos(((4.347947+(1.458028*(sin(x0)aqx0)))-(x1*x0))))*9626227.121587)))*0.000000))+((1.000000*(2.347572*(((((plog(cos((x0+x2)))*34.140655)+plog(x2))*plog(((x0aqx2)-(x1-0.186000))))*-0.009801)+((cos(((0.031330+((sin(plog(sin(sin(x2))))*(sin(((x0+x1)+x0))+(-2.016350*plog(((x0aqcos(x1))-(x1-0.186000))))))*-0.007664))*(0.010981+(plog(cos(((-3.633000-x0)-(cos(0.489000)*x2))))*-0.047949))))*-65263.175717)+(881673.132692+(-326.281897*cos(((0.031330+((sin((3.405000+x0))*((x1aq-0.739000)+(-2.016350*plog(((x0aqsin(x1))-(x1-0.186000))))))*-0.007664))*(0.010981+(plog(cos(((-3.633000-x0)-(x1*x0))))*((x2*(plog((x2aqx0))+x0))aqx1)))))))))))+((sin(x0)aqx0)+(((((((plog(cos((x0+x2)))*34.140655)+0.439152)*plog(((x0aqx0)-(x1-0.186000))))*-0.009801)+-815974.418414)*(-11159717.147261+(0.134048*(((plog(cos((x0+x2)))*34.140655)+0.439152)*plog(((x0aqx0)-(x1-0.186000)))))))*(0.106620+(cos(((0.031330+((sin((3.405000+x2))*(-0.778818+(-2.016350*plog(((x0aqx1)-(x1-0.186000))))))*-0.007664))*(0.010981+(plog(cos(((-3.633000-x0)-(-25.306745*x2))))*-0.047949))))*(((-90062234.051195*((0.000000+(cos(((-3.633000-x0)-cos(x2)))*-0.000000))*(((cos(x0)aq(x0+(x0+(x0aq(x1-0.265000)))))*0.000000)+0.000000)))*-1.000077)+((((((0.000000*((0.000043+(((x0*sin(x2))*plog(x0))*0.000355))aqplog((x2*(4.678000*x2)))))+-0.000000)+(plog(cos((cos(((4.104000*x2)+x0))+(((x2*x2)*-0.221395)+x0))))*-0.000000))+(-0.000000*((x1aq((cos((5.309000*plog(x2)))aqsin(x2))-x1))*(((plog(cos((cos(x0)+x2)))*34.140655)+1.509000)*plog(((x0aqx0)-(x1-0.186000)))))))+(((cos((cos(sin(x1))-x0))+(x0aq(cos(sin(x1))aq8.108000)))*(3450675.691784+(plog(cos(((x0*x0)-(x1*x0))))*9626227.121587)))*-0.000000))+((((plog(cos((cos(((4.104000*x2)+x0))+x2)))*34.140655)+(sin(x1)aqx0))*plog(((x0aqx0)-(x1-0.186000))))*-0.000000)))))))))))",
    "mse_train": 232122.0482517313,
    "mae_train": 304.3340844970622,
    "r2_train": 0.975797520198886,
    "mse_test": 639194.6470264264,
    "mae_test": 396.28539362774944,
    "r2_test": 0.9357511814338125
}