{
    "dataset": "556_analcatdata_apnea2",
    "algorithm": "sembackpropgp",
    "params": {
        "caching": false,
        "classweights": false,
        "elitism": 1,
        "erc": true,
        "evaluations": 500000,
        "functions": "+_-_*_aq_plog_sin_cos",
        "generations": -1,
        "gomea": false,
        "gomfos": "LT",
        "ims": false,
        "initmaxtreeheight": 6,
        "linearscaling": true,
        "maxsize": 5000,
        "maxtreeheight": 20,
        "parallel": false,
        "popsize": 1000,
        "prob": "symbreg",
        "reproduction": 0.0,
        "sbagx": false,
        "sblibtype": "p_10_9999_l_n",
        "sbrdo": 0.9,
        "seed": -1,
        "silent": true,
        "subcross": 0.0,
        "submut": 0.1,
        "syntuniqinit": 1000,
        "time": 7200,
        "tournament": 8,
        "unifdepthvar": true
    },
    "random_state": 4426,
    "process_time": 112418.984884337,
    "time_time": 112953.38428330421,
    "target_noise": 0.0,
    "feature_noise": 0.0,
    "model_size": 549,
    "symbolic_model": "-0.241998+-0.000001*((((x1*cos(((x2*(((5.349000*x2)-(x0-x2))+plog((x2aqx2))))aqx0)))*-4.578000)+(plog(((((-93869983679725906493064819664279868029917531297855154110447382824102968006797095880944703333407577706549548345788833143455744.000000+((((-3590027047419205742219252336316019032267352682945792915390300676385775274800822523661934586056784519904194828116798015012864.000000*(x1-(0.000109+(0.999588*(2.021035+(2.006502*(x1+cos(x1))))))))+14639455014050667491158075722514336025093539522317793237012374458996638670249039523706785648003180792213109262266248850309120.000000)*(0.000000+(plog((plog(cos((x1+((-1.000710*x1)+1.369802))))*cos(((cos(x2)aq-2.549000)+(x1+3.526000)))))*0.000000)))*-5939348605740262226866480512615708238673233557825328569033843715329620173822652272761758498147636543100651037627120766418944.000000))+44610426196725855664952059455481795364052969568267255703915388697213107594150582790343018730617761130675651247273540818305024.000000)+4649131286278565800907242856953379625202217117528588847840123812956139086993951741254404158485341389034239905798093937836032.000000)+14639455014050667491158075722514336025093539522317793237012374458996638670249039523706785648003180792213109262266248850309120.000000))*(plog((plog((x1+0.134000))*cos(-4.169000)))*((((((-41.545080+((sin(x0)*cos(x0))*-184.647933))*plog(((2.196875+(1.657797*cos(((-3.728000+x0)-cos(x0)))))-x1)))+(-5.265000*x2))*(((((-25.612182+(sin(x2)*26.479112))+((sin(plog(sin(x2)))*(((-0.129355*(((5.456487*(x2*x2))+((-0.439000aqplog(x0))-plog((-7.155000*-0.988000))))*(x2*(-325914477.077147*(-6.167000-0.000000)))))+cos((((x1+x1)+x1)-(x1-x1))))+plog((x1-x0))))*-0.000000))+((x2*plog((x1-x0)))*((((-0.015412*((((x2*x2)*x2)*154.319393)+301.135936))*1.000624)+(8.258450+((((x2*plog(x0))*(-5890.534221+(-7000.963092*plog((x2aqx1)))))+(x2+((x2*plog(x0))*-2886.772917)))*-0.003484)))+(0.000002*((5.821000+(plog((x0-x2))*-76.891121))*(((-341016.900351*(cos((x2*(x2+5.727000)))*plog(-0.434000)))+51179.306227)+71115.394793))))))*((-1.122000*-12.832691)+17.468287))+(x2+(1.317056*((-287.185154+(cos((x0-cos(5.583000)))*1575.815793))*((plog(cos((x1+x0)))*-5.870353)+-1.627092))))))*0.001074)+((0.537272*((((-41.545080+((sin(x0)*cos(x0))*-184.647933))*plog(((2.196875+(1.657797*cos((plog(x2)*-2.295000))))-cos(((plog((x0-x2))*x2)*plog(x0))))))+-4.567000)*((plog(cos((x1+x0)))*-5.870353)+sin((plog(plog(x1))*((x2*(2.601000-((cos(x1)aqplog(x0))aqx2)))+(x2+x2)))))))+((((((sin(x2)+6.638206)+(0.392010*((9.229555+((plog(x0)*sin(x0))*25.888829))+(-12.581082*cos((x1-(-4.161000aqx1)))))))*-3506.115450)+46518.115483)*0.017982)+((223.831823+((9.229555+((plog(x0)*sin(x0))*((-3.912984*((9.229555+x2)+(-12.581082*cos((x1-(-4.161000aqx1))))))+51.348977)))*-28.200990))+((((((-41.545080+(cos(x2)*-184.647933))*plog(((2.196875+(1.657797*(x2*(x2*(-6.167000-plog(x0))))))-x1)))+6.731857)*((plog(cos((x1+x0)))*-5.870353)+-1.627092))*0.120867)+((((sin(x0)*(-268171.123649+((51.246763*plog(cos((plog(x1)+x0))))*-10889.043370)))*((((plog(x0)*sin(x0))*(-46856.409716+(sin(cos(plog(x0)))*54541.464513)))*0.000000)+0.000000))*-12504090.837371)+(-124.804491+(2.116053*((-2.512263*((plog(x0)*sin(x0))*(((95.242300*(cos(x1)aqx0))*-5.008847)+(((plog(x2)*plog(x0))*-96.816742)+210.245361))))+(((-1.101338*((1.628000+(5.533053*(x2*x2)))*(x2*(x2*(-6.167000-0.000000)))))+-290.022186)+(1.079358*(cos(plog(sin(x1)))*(71.964934+(((x2*x2)*-83.164024)+((x1*-24.443199)+322.632657)))))))))))))))))))",
    "mse_train": 240686.8840375216,
    "mae_train": 260.3266756027643,
    "r2_train": 0.976904466309287,
    "mse_test": 554175.0885454728,
    "mae_test": 356.83364654953914,
    "r2_test": 0.9253563472550295
}