{
    "dataset": "556_analcatdata_apnea2",
    "algorithm": "sembackpropgp",
    "params": {
        "caching": false,
        "classweights": false,
        "elitism": 1,
        "erc": true,
        "evaluations": 500000,
        "functions": "+_-_*_aq_plog_sin_cos",
        "generations": -1,
        "gomea": false,
        "gomfos": "LT",
        "ims": false,
        "initmaxtreeheight": 6,
        "linearscaling": true,
        "maxsize": 1000,
        "maxtreeheight": 20,
        "parallel": false,
        "popsize": 1000,
        "prob": "symbreg",
        "reproduction": 0.0,
        "sbagx": false,
        "sblibtype": "p_10_9999_l_n",
        "sbrdo": 0.9,
        "seed": -1,
        "silent": true,
        "subcross": 0.0,
        "submut": 0.1,
        "syntuniqinit": 1000,
        "time": 7200,
        "tournament": 8,
        "unifdepthvar": true
    },
    "random_state": 29910,
    "process_time": 107944.132044241,
    "time_time": 107949.58488202095,
    "target_noise": 0.0,
    "feature_noise": 0.0,
    "model_size": 642,
    "symbolic_model": "-0.217841+0.000000*(((0.846124+((368.456909+(((((cos(x1)+((((((203.925533+(-203.926430+(612457.198366*(plog(x0)*(x1*x1)))))*((x1*(x1*plog(x0)))*-306228.599233))+-0.513589)+-258.837541)*(x2+((((0.200976*plog(plog(x2)))+0.241119)*(((-6.848000aq-1.471000)*x0)+(((x0+(0.923595*x0))+(x1*(-6.263000*x1)))*plog(plog(x2)))))+plog(x2))))*-0.000004))+((-211.753690+((((((-8.424233+((-7.711861+(x2*0.000827))*((x0*0.007750)+0.186583)))*0.001212)+(x2+-0.459871))+-258.837541)*(plog(((x1+x2)+-3.889000))+((sin(plog((-2.100000*x0)))*(1.506216+((-0.034839--10.678266)*0.524612)))+plog(x2))))*2.341958))*(((0.002425*(((6.563757*((-730.691131*(plog(x0)*(5.331000*-0.000309)))+-1.835166))+11.866020)*(-10356.422812+(-870.300428*(((7.415859+(0.051703*x0))+(-7.711000*plog(0.000000)))*plog(plog(x2)))))))+-258.837541)*(-0.000408+(((((plog(plog(x1))*74243273.700361)+78738444.087770)*plog(plog(x2)))*-0.000000)+-0.229020)))))+(4840753.293421+(-91.707015*(((-0.000000*(-185391094846189396875722564204659997170858983424.000000*((-40.441542*(1.835390+(-0.112744*(x1*plog(x0)))))+74.232264)))+-4174.199019)*plog((sin((x1-4.677000))*plog((x0-x1))))))))*(((((((x0+(-1650.673968*((((-852.479395+(x1aqx1))*sin((x1+x1)))+-2548.519321)aq((x2+sin(x0))+(cos(sin(x1))+cos(x0))))))+(((((((x1+x0)*-1355.155797)+(4137.865189+(-5027.637392*x0)))*sin((x1+x1)))+-2548.519321)aq((x2+(((sin(x0)aqx1)+plog(x2))+x0))+(cos(cos(x2))+cos((x2*0.300000)))))*(3145.997021+(plog(((x1aq(x1aqcos(x0)))+cos(x2)))*-1972.709739))))+(13528573.550754+(((((plog(-7.112000)aqsin(x2))-sin((x2-x1)))+(sin((x2aqx1))-(1.407174+(x1*-2.176835))))aq((cos((x1+x0))+((x0+x0)+x0))+(cos(x1)+cos((x2*x2)))))*58550782.622636)))aqplog((x0*sin(cos(x0)))))*((1.024854*(((((plog(((x1+8.197000)*plog(x1)))*((9440488141934464021299200.000000*-34.685582)+1413072562456321352722808832.000000))+7955244166691733307916288.000000)*(6.281000*((sin((x1+0.760000))*-57979674875113089926504120320.000000)+9196016631696488651697422336.000000)))*((0.000000+(-0.000000*-34.685582))+(0.000000*(plog(plog(plog(x2)))*(0.979712+(x2+0.001816))))))*-0.000000))+((-0.000002*(((plog((x0+cos(sin(x0))))*68029.921311)+6072.180185)*(sin(((x2-plog(x2))*x2))*(365.025946+(-365.025947+(plog(plog(x2))*-0.000010))))))+-0.000021)))+x1)*(((-0.000000*((-982903314.436116+x2)*((-0.037042*(sin(((cos(x2)+(x0aqplog(x2)))aqsin(x2)))*(365.025946+((x1-x1)*((plog(x0)aqx2)*465.778554)))))+4.406159)))+(((sin(((cos(x1)+(x0aq(x2aqx1)))aqsin(plog((-2.100000*x0)))))*(((-0.000000*(((-3268112.574221+(x0*225715.926201))+(plog(x2)*18707596.543285))*((-114390.069156+x2)*x0)))+-3187.158193)+(-7834.118128*plog((x0*(x0-(plog(0.000000)+x2)))))))*0.000200)+(-0.509579+(-0.000000*(sin(((cos(x1)+(x0aqx2))aqplog(plog(x2))))*(((x0*((2993510.224096+(-9389328.157761*0.000000))-((29578955.588349*x2)+16020491.318882)))*-167.632438)+214.578166))))))+((18.934102*(plog(cos((8.400000-x0)))-cos(plog((x1-x1)))))+29.961116))))*((x0-(x1+(x1*cos(plog(x2)))))+(-0.000000*((-6017281225945925669346729217567303820910989934592.000000+(7179917414878495733580044388382842733066316677120.000000*cos(cos(cos(((x1*x1)+(x1aq0.463000)))))))*((161585752724140681127586783947435068169694216192.000000*(sin(((cos(x1)+(x0aqx2))aqplog(cos(((x0aq1.501000)+x1)))))*(-0.375399+(-4.064000*(plog((x0-x1))*sin(x0))))))+x2))))))*(x0+3.890128)))aqsin((x2*(sin(sin((cos(x2)+cos(x2))))+x2)))))",
    "mse_train": 121176.09203538281,
    "mae_train": 173.69054066972092,
    "r2_train": 0.9859416989983886,
    "mse_test": 1733964.525232357,
    "mae_test": 525.7817424653568,
    "r2_test": 0.8631367940309562
}