{
    "dataset": "556_analcatdata_apnea2",
    "algorithm": "sembackpropgp",
    "params": {
        "caching": false,
        "classweights": false,
        "elitism": 1,
        "erc": true,
        "evaluations": 500000,
        "functions": "+_-_*_aq_plog_sin_cos",
        "generations": -1,
        "gomea": false,
        "gomfos": "LT",
        "ims": false,
        "initmaxtreeheight": 6,
        "linearscaling": true,
        "maxsize": 1000,
        "maxtreeheight": 20,
        "parallel": false,
        "popsize": 1000,
        "prob": "symbreg",
        "reproduction": 0.0,
        "sbagx": false,
        "sblibtype": "p_10_9999_l_n",
        "sbrdo": 0.9,
        "seed": -1,
        "silent": true,
        "subcross": 0.0,
        "submut": 0.1,
        "syntuniqinit": 1000,
        "time": 7200,
        "tournament": 4,
        "unifdepthvar": true
    },
    "random_state": 860,
    "process_time": 134112.35708140302,
    "time_time": 134114.72260570526,
    "target_noise": 0.0,
    "feature_noise": 0.0,
    "model_size": 744,
    "symbolic_model": "-22440.984257+0.000000*(((103137.040726*(((((plog(plog((sin(x1)-plog(x1))))*-0.608334)*(cos(x0)*-7.607000))+-0.450248)*((plog((x0-x1))*((19.518710*(plog((x0-x1))*(-5.467000+0.117069)))+x1))--7.938000))+(cos(x1)-x1)))+((0.137995*(plog((x0-x1))*((19.518710*(plog((x0-x1))*((x0*-3986746.093589)+959057.673677)))+x1)))+((-2053905.692709+(184.601988*((plog(plog((sin((plog((2.201000-(x1-x0)))+plog(x2)))-cos(sin(((-6.340000*-7.206000)+(x1aqx1)))))))*plog(plog((-7.887000-x1))))*((0.000000*((plog(plog((sin(x1)-plog(x1))))*-0.608334)*(cos(6.131000)+(431471909499582784124924408410805588983808.000000*plog((sin(x1)-x0))))))+-7722.043847))))+((((((plog(plog((sin(x1)-plog(x1))))*-0.608334)*(cos(x0)*-7.607000))+cos(-7.036000))*((plog((x0-x1))*((19.518710*(plog((x2-cos((x2*x2))))*(-5.467000+0.117069)))+10.780480))-(-3.731000-plog(cos(plog(4.897000))))))*-28168.240497)+((0.000000*(plog(plog((sin(x1)-plog(x1))))*(((((plog((x0-sin((x2*7.703000))))*-1548203574.715963)+-55701966.820568)*plog((sin(x1)-x0)))*-9682147220718310683875225056051200.000000)+-4305622242617838453750456716492380099837952.000000)))+((-9786164.704778+(-0.000000*(plog(plog((cos(cos(cos((((x2+x1)aqx0)aqx2))))-plog(x1))))*(((((plog((x0-sin((x2*5.435000))))*-1548203574.715963)+-55701966.820568)*plog((sin(x1)-x0)))*-9682147220718310683875225056051200.000000)+-4305622242617838453750456716492380099837952.000000))))+((((-159.270383+(2.420861*(0.000131*(sin(plog(x0))*((8243244.794030*x1)+-3695428.795706)))))*(cos(x0)*-7.607000))*-2945.519630)+(((16711756.125109+(0.000000*(plog(plog((sin(x1)-plog(x1))))*(((-64885293580235189397758505516180847263219712.000000*(sin(((4.245000*x0)aqx0))-plog(x1)))+20329263917310228344620217961826956955615232.000000)+(-3291557176370833445072741483083995451228160.000000+(cos(4.441000)*(plog((x0-x1))*((6.104000+x0)*(15643418424137888543570539169016186023182336.000000+(x0*-9278815577249663975142843977121204721942528.000000))))))))))+(((0.000000*((-0.000000+((((plog(x1)*(x2+x1))+0.734862)*cos(sin((-4.265000*x2))))*0.000000))*((plog(plog((sin(x2)-plog(x0))))*(813103660940737698122587985978428880117039104.000000+(6876463562253842929709277238440828035263365120.000000*plog((-0.502000-x2)))))*(-3080600818261642830030214262878030004224.000000+(431471909499582784124924408410805588983808.000000*plog((x1--1.007165)))))))+-4089749.954392)+(0.040390*((((plog((x0-sin((x2*8.337000))))*-1548203574.715963)+((-2285111658.609750*sin((cos(x0)aqcos(x2))))+(((plog(x1)+x2)*71468281.717424)+549659396.176439)))*plog(((-0.907021+(0.907021+(1.004412*sin(x1))))-x0)))*(0.019802+(0.004395*(19.518710*(plog((x0-x1))*(x0*(x2-x0))))))))))+(((-32588649.382307+(((-2085536525107940691596031387762688.000000*(plog((sin(x1)-x0))*((10455806678.329567*(x1aqx1))+432792363.689443)))+(((((-0.081323*(x2+x1))+0.734862)*cos(sin((-4.265000*x2))))*99933580841847047645090809263075932803956736.000000)+(((((0.000000-x0)*x1)*((x0aqx1)*plog(x2)))*14082713391361202974248462400068044804063232.000000)+(((8.231000-x1)-sin((x0aqx1)))+(78312417267490961411701845703512812630835200.000000*(sin(x1)-(x1aqx2)))))))*0.000000))+(((((plog(plog((sin(x2)-plog(x0))))*((((627423748252058190969190879799901417127540686848.000000*x1)+-307729176485930881727470023874442977673463463936.000000)+x0)*x0))*-0.000000)+999104.794616)+(((plog(plog((sin(x2)-plog(x1))))*((x2+x0)*x0))*((3080600818261642830030214262878030004224.000000+(0.000000*-351.178777))+(431471909499582784124924408410805588983808.000000*plog((x1-x0)))))*0.000000))*0.747229))+((0.000000*((((-897517231086611012076219580201263309457981440.000000+((((-0.260532*0.000000)+-0.429179)*plog((-0.502000-x2)))*64833103442682299939413818695391818539499257856.000000))+-1064730660319061944550810534263013660164096.000000)+((plog(plog((sin(x2)-plog(x0))))*((((627423748252058190969190879799901417127540686848.000000*x1)+-307729176485930881727470023874442977673463463936.000000)+x0)*x0))*x1))*((-2085536525107940691596031387762688.000000*(plog((sin(x1)-sin(x1)))*((10455806678.329567*(x1aqx1))+432792363.689443)))+(((((-0.081323*(0.000000+x1))+0.734862)*cos(sin((-4.265000*x2))))*99933580841847047645090809263075932803956736.000000)+(((((x1-0.000000)*x1)*((0.000000aqx1)*plog(x2)))*14082713391361202974248462400068044804063232.000000)+((6463945024876038473198879116249088724566016.000000*(x1+cos(x2)))+-61040979565643833024145905083477926688587776.000000))))))+(((((x1-sin(x0))+((0.361329+(-2778606024089537703846619599779521140658691637248.000000+(x0*4532477591130150642458473614959974734057296625664.000000)))*plog((2.201000-(x1-x0)))))*(((x1+((0.000000*x0)*8317054986393377754914321714819610140695592960.000000))+(84018679522367659924092822460065294645765079040.000000*(plog(x2)*x0)))+-8349211659794476261064259401450559673489948672.000000))*0.000000)+((-0.000000*((81017363364105300075938042130827935765862054625280.000000+(-162034823883034359607463500479751520502630980780032.000000+(cos((x1-x0))*97652811542790016881869296895394194720292864.000000)))+(sin(plog(x0))*167200514967295501633849223486990944206585856.000000)))+(((27179269.469258*(plog((x1+(x0+x1)))*((x1aq(x1+7.900000))*x2)))+2330627.622113)+((-3854984.772606*plog(plog((x1-plog(x0)))))+((cos(sin((7.976000*x2)))*31132882.236586)+(((sin(x2)-plog(x0))*2244391.115505)+-27312092.166431)))))))))))))))))",
    "mse_train": 132325.35357822434,
    "mae_train": 243.22403686968445,
    "r2_train": 0.9857178159159149,
    "mse_test": 1500753.1670917994,
    "mae_test": 507.22367462686134,
    "r2_test": 0.8626186489808345
}