{
    "dataset": "556_analcatdata_apnea2",
    "algorithm": "sembackpropgp",
    "params": {
        "caching": false,
        "classweights": false,
        "elitism": 1,
        "erc": true,
        "evaluations": 500000,
        "functions": "+_-_*_aq_plog_sin_cos",
        "generations": -1,
        "gomea": false,
        "gomfos": "LT",
        "ims": false,
        "initmaxtreeheight": 6,
        "linearscaling": true,
        "maxsize": 1000,
        "maxtreeheight": 20,
        "parallel": false,
        "popsize": 1000,
        "prob": "symbreg",
        "reproduction": 0.0,
        "sbagx": false,
        "sblibtype": "p_10_9999_l_n",
        "sbrdo": 0.9,
        "seed": -1,
        "silent": true,
        "subcross": 0.0,
        "submut": 0.1,
        "syntuniqinit": 1000,
        "time": 7200,
        "tournament": 8,
        "unifdepthvar": true
    },
    "random_state": 5390,
    "process_time": 105604.664956242,
    "time_time": 105609.04287433624,
    "target_noise": 0.0,
    "feature_noise": 0.0,
    "model_size": 999,
    "symbolic_model": "-0.154656+-0.000001*(((((x2+x2)+(0.000000*(plog(((x1-x1)-(x1-x0)))*(((-6122291091489840089268224.000000*(plog((-0.584000+x1))*-2363.015459))+(4.558000aqx1))+6044435984816906310996983808.000000))))+((((-0.000000*((plog(((x1-x1)-(x1-x0)))*((-14467068492140736774422921216.000000*plog((-0.584000+x1)))+6044435984816906310996983808.000000))*(7222118281225873746499369153012138375157917402408470058408869888.000000+(97937506345414085597191104074947673065023951166687484157186015232.000000*plog(plog(((x1+x0)+plog(x0))))))))*-8054171083644371456818960924672.000000)+(26559985629021945189329154233860096.000000+(-0.000000*((plog(((x1-x1)-(x1-x0)))*((-14467068492140736774422921216.000000*plog((-0.584000+x1)))+6044435984816906310996983808.000000))*(x0+(97937506345414085597191104074947673065023951166687484157186015232.000000*plog(plog(x2))))))))*((0.000000*(((125222485077479.796875*plog(plog(((x1+x0)+plog(x0)))))+x2)*((((x0*x1)-(x0--0.444000))*-102955578142226.062500)+-50015722434881.148438)))+-0.000000)))+(0.160706*((((((plog(((x1-x1)-(x1-x0)))*((-14467068492140736774422921216.000000*(0.000000+(0.000423*(plog((-0.584000+x0))*-2363.015459))))+cos(x0)))*(x0+(97937506345414085597191104074947673065023951166687484157186015232.000000*plog(plog(((((((1.777778*(-1.500000*(x1+x2)))+1.563480)*(x1+x2))+2.531751)+x2)+plog(plog(cos(((0.109421*((x2*x1)+sin(x1)))+1.440711))))))))))*-0.000000)+(((x1+(cos(cos(x0))-x2))+((((0.000000*((plog(((x1-x1)-(x1-x0)))*((-14467068492140736774422921216.000000*plog((-0.584000+x1)))+6044435984816906310996983808.000000))*(7222118281225873746499369153012138375157917402408470058408869888.000000+(97937506345414085597191104074947673065023951166687484157186015232.000000*plog(plog(((x0+x2)+plog(x0))))))))+-4622388589017927501741199934357504.000000)+(-0.000000*((plog(cos(plog(plog(x1))))*((-14467068492140736774422921216.000000*plog((-0.584000+x1)))+6044435984816906310996983808.000000))*(((-180017906139994186743545856.000000+(0.382637*(plog(((x1-x1)-(x1-x0)))*((-14467068492140736774422921216.000000*plog(x2))+6044435984816906310996983808.000000))))*(sin(x0)*((plog(cos(x2))*plog((plog(x0)+x1)))+6044435984816906310996983808.000000)))+((3483605570953061666592219607141974016.000000*(plog(((x1-(x1+x1))-(x1-x0)))*((((x2*0.260819)+1.161813)*plog(x2))+((104607016875378191755913461760.000000*cos(x1))+-48769851799216906471512997888.000000))))+-1638918902910808844271293459893455078761735251600445931310284800.000000)))))*-0.000000))+(-0.000000*(((-0.000000*((x2*((-14467068492140736774422921216.000000*plog((-0.584000+x1)))+x0))*(7222118281225873746499369153012138375157917402408470058408869888.000000+(97937506345414085597191104074947673065023951166687484157186015232.000000*plog(plog(((x1+x2)+plog(x0))))))))*-8054171083644371456818960924672.000000)+((17005442819136851082649242808877056.000000+(((((plog(((x1-x1)-(x1-x0)))*((-14467068492140736774422921216.000000*plog((x2+x1)))+x0))*(7222118281225873746499369153012138375157917402408470058408869888.000000+(97937506345414085597191104074947673065023951166687484157186015232.000000*plog(plog(x2)))))*-0.000000)+(-2113358427071343745666141810327552.000000+(6345275181165164198312332308250624.000000+(((x0*sin(x2))*-42931816199329097890086806496477184.000000)+((sin(((x2aqx0)*x1))*-15669896428248677501863296027852800.000000)+-3715623018610282007777191363870720.000000)))))*1.600423))+(-0.000000*((plog(cos(plog(plog(x1))))*((-14467068492140736774422921216.000000*plog((-0.584000+x1)))+6044435984816906310996983808.000000))*(7222118281225873746499369153012138375157917402408470058408869888.000000+(sin(x0)+(8942357801014409804742918144.000000*((plog(((x1+x2)+plog(x1)))*-30921779335429299458412307954217779200.000000)+cos(-8.142000))))))))))))*(-7.259000aq(7.351000+(-5.737000aqcos(x2)))))+(0.000000*((((((plog(((x1-x1)-(x1-(x0aqcos(x1)))))*((-14467068492140736774422921216.000000*(0.000000+(0.000423*(plog((-0.584000+x1))*-2363.015459))))+cos(x0)))*(x0+(97937506345414085597191104074947673065023951166687484157186015232.000000*plog(plog(((((-1.500000*(x1+x2))+2.531751)+x2)+plog((x0+x2))))))))*0.000000)+6977861436296098688122376255700992.000000)+(1.175389*(((-0.000000*((plog(((x1-x1)-(x1-x0)))*((-14467068492140736774422921216.000000*plog((-0.584000+x1)))+6044435984816906310996983808.000000))*(7222118281225873746499369153012138375157917402408470058408869888.000000+(97937506345414085597191104074947673065023951166687484157186015232.000000*plog(plog(((x1+x2)+plog(x0))))))))*-8054171083644371456818960924672.000000)+(((-0.000000*((plog(((x1-x1)-(x1-x0)))*((-14467068492140736774422921216.000000*plog((-0.584000+x1)))+x0))*(x1+(97937506345414085597191104074947673065023951166687484157186015232.000000*plog(plog(((x1+x2)+(cos(x2)+plog(x2)))))))))+-11132245158256156043938120912076800.000000)+(-0.000000*((plog(((x1-x1)-(x1-x0)))*((-14467068492140736774422921216.000000*plog((-0.584000+x1)))+6044435984816906310996983808.000000))*(7222118281225873746499369153012138375157917402408470058408869888.000000+(97937506345414085597191104074947673065023951166687484157186015232.000000*plog(plog(x2))))))))))+((-275181634032909086633988464836608.000000*((((((cos(plog(sin((x0-x1))))*0.948392)+-0.745954)aq(((x0*-7.645000)-(plog(x2)-x2))*plog(((sin(0.540000)*(plog(x2)+plog(4.165000)))+x1))))*-2254.208747)+31.131901)aq(sin((((6.294000-(((x0aqx2)aq(x0-x0))+x1))*x2)aqsin(6.626000)))+(sin(x1)+plog(x1)))))+((1.347573*(-0.000000*(plog(((x1-x1)-(x1-x0)))*(((623804387235636597227261753587617321299882992687632273367866802176.000000+(102111430280969650600823617537583566460638095446179045740474716389376.000000*plog(((x1-x2)-(x1-x0)))))*plog((-0.584000+x1)))+6044435984816906310996983808.000000))))+(((((-0.000000*((plog(((x1-x1)-(x1-x0)))*((-14467068492140736774422921216.000000*plog((-0.584000+x1)))+6044435984816906310996983808.000000))*(7222118281225873746499369153012138375157917402408470058408869888.000000+(97937506345414085597191104074947673065023951166687484157186015232.000000*plog(plog(((x1+x2)+plog(x1))))))))*-8054171083644371456818960924672.000000)+((-0.000000*(plog(((x1-x1)-(x1-x0)))*((-14467068492140736774422921216.000000*(23974484939213275196212258979283206144.000000+(191946257201052258137105227987011239936.000000*(x1*cos(x0)))))+x0)))+(139130544668309928139180630932979712.000000+(127273460337868655989459764383842304.000000*plog(plog((x0+(cos(x2)+plog(x2)))))))))*0.495536)+((((1.235190*((-3286231994676842240643691555323904.000000+(-85721664867052536781438126821212160.000000*cos(((x2*(8.070000aqx0))+(-3.867000-(x0-x1))))))+(((plog((x2+plog(x2)))*-49827080895562171306512124932521984.000000)+-2865710160753298149981997454327808.000000)+(1.000000*(-79703760611300740703685773122076672.000000*(x1*cos((x0*3.121000))))))))+45914666948224703990596197509234688.000000)+(((plog(((x1-x1)-(x1-x0)))*((-14467068492140736774422921216.000000*plog((-0.584000+x1)))+x0))*(7222118281225873746499369153012138375157917402408470058408869888.000000+(9793