{
    "dataset": "556_analcatdata_apnea2",
    "algorithm": "sembackpropgp",
    "params": {
        "caching": false,
        "classweights": false,
        "elitism": 1,
        "erc": true,
        "evaluations": 500000,
        "functions": "+_-_*_aq_plog_sin_cos",
        "generations": -1,
        "gomea": false,
        "gomfos": "LT",
        "ims": false,
        "initmaxtreeheight": 6,
        "linearscaling": true,
        "maxsize": 1000,
        "maxtreeheight": 20,
        "parallel": false,
        "popsize": 1000,
        "prob": "symbreg",
        "reproduction": 0.0,
        "sbagx": false,
        "sblibtype": "p_10_9999_l_n",
        "sbrdo": 0.9,
        "seed": -1,
        "silent": true,
        "subcross": 0.0,
        "submut": 0.1,
        "syntuniqinit": 1000,
        "time": 7200,
        "tournament": 8,
        "unifdepthvar": true
    },
    "random_state": 15795,
    "process_time": 118892.412051206,
    "time_time": 134624.82379317284,
    "target_noise": 0.0,
    "feature_noise": 0.0,
    "model_size": 158,
    "symbolic_model": "-0.220074+0.012206*((-0.469657+((-0.110546+((-0.243409+(((-0.570108+(1.299475*(sin((x0*-4.025000))+((-0.156229*((plog(x0)-(8.224000*1.768000))aqplog((x0-x1))))+-1.873335))))*((-157.306476*(plog(sin(plog((((x0aqx1)-(-6.386000aq-6.814000))aq-5.579000))))*-5.134541))+213.610718))*-0.007371))*((-0.570108+(1.299475*(sin((x0*-4.025000))+((-0.156229*((plog(x0)-(8.224000*1.768000))aqplog((x0-x1))))+-1.873335))))*plog(sin(plog((((x0aqx1)-(-6.386000aq-6.814000))aqcos((x0-x1)))))))))*(((-2.427011*((((-0.570108+(1.299475*(sin((x0*-4.025000))+((-0.156229*((plog(x0)-(8.224000*1.768000))aqplog((x0-x1))))+-1.873335))))*(-6709.709720+((-18876.920736*plog(sin(plog((((x0aqx1)-(-6.386000aq-6.814000))aq-5.579000)))))*1.336620)))*-0.000466)+-0.239045))+-1.196280)aq(((-1.900000+x1)aqcos(x1))*(plog(x0)-(x1*x2)))))))",
    "mse_train": 998116.5979361595,
    "mae_train": 448.33410162006516,
    "r2_train": 0.8909730488499807,
    "mse_test": 1085028.0299149866,
    "mae_test": 471.84005987488166,
    "r2_test": 0.9033823104963705
}