{
    "dataset": "556_analcatdata_apnea2",
    "algorithm": "sembackpropgp",
    "params": {
        "caching": false,
        "classweights": false,
        "elitism": 1,
        "erc": true,
        "evaluations": 500000,
        "functions": "+_-_*_aq_plog_sin_cos",
        "generations": -1,
        "gomea": false,
        "gomfos": "LT",
        "ims": false,
        "initmaxtreeheight": 6,
        "linearscaling": true,
        "maxsize": 1000,
        "maxtreeheight": 20,
        "parallel": false,
        "popsize": 1000,
        "prob": "symbreg",
        "reproduction": 0.0,
        "sbagx": false,
        "sblibtype": "p_10_9999_l_n",
        "sbrdo": 0.9,
        "seed": -1,
        "silent": true,
        "subcross": 0.0,
        "submut": 0.1,
        "syntuniqinit": 1000,
        "time": 7200,
        "tournament": 8,
        "unifdepthvar": true
    },
    "random_state": 23654,
    "process_time": 103052.98415134201,
    "time_time": 103055.39095759392,
    "target_noise": 0.0,
    "feature_noise": 0.0,
    "model_size": 396,
    "symbolic_model": "-0.262764+0.000000*((((((x0aqx2)*0.202000)*-7.970000)+(35.256512*((-217.900918+(((-495810.093658+(22452.994662*(5.261867*((((((1.842132+(-1.819310*plog(plog((x2aqx0)))))*(plog(cos(x2))+plog(cos(x2))))+plog(x2))*x0)+(plog(((x1aq0.480000)--1.276442))*10.022468))*plog(cos((x0--1.079000)))))))*plog(((((-0.000001*((-99560989497.018311+(((-594935024887.592041+x2)+(plog((x0-x1))*(45650451953.123718+-0.016287)))*((plog(sin(x1))*(plog(-4.741000)*plog(x0)))aqsin(4.945000))))*plog(cos((x0aqsin(cos(x0)))))))*(-0.079610+(0.087213*(((cos(x1)+(17.325632*((x1-x0)*plog(x0))))+(plog(((x1aq0.480000)--1.276442))*10.022468))*sin(x0)))))+x0)-plog((-6.029000+(-6.073000*x1))))))*-0.000479))*((((3.406000*x0)*(x2+x0))+(3.118000+(-80.044704*plog(((x1aq0.480000)-cos(x1))))))--2.834000))))+(((0.420462*(((x2*(((plog(x0)aqx0)+6.363000)+x1))+((-291.453709+((plog((((x1*plog(((x1aqx1)-cos(-0.251000))))+2.004471)-x0))*70.492956)+278.108928))*plog((((1.192933*plog(((x1aq0.480000)-cos(-0.251000))))+2.004471)-x1))))*(plog((x0*sin(x1)))+(-24.351590*(((((((sin(x1)aq(-1.848000aqsin((x2*((x2*x1)+-3.780000)))))*x0)*plog((x0-x1)))*0.958653)*1594.316776)+512.782752)*(-0.051523+(-1.023812*plog((((0.247638*(x0*(-3.802000-cos(x0))))+1.552271)-x1)))))))))+-2.099400)*((((-7.095000-sin(sin((6.323000*(-3.008000*(x0aqx2))))))*sin(plog(((sin((x2+(((0.786000--1.537000)-sin(sin(((x2-x0)*(x1aqx1)))))*plog(x2))))+x1)aqsin(plog(plog(((x2*x2)*x2))))))))+((cos(plog(sin(cos(((x2-sin(sin(sin(x0))))*x2)))))+(((-3.108317+(2.729494*plog((((1.192933*plog((sin(x1)-cos(-0.251000))))+2.004471)-x0))))*plog((x0-x1)))*-0.646397))*(-3.637000aq(x2*(x1+cos(x2))))))aq((x1+(((x1aqx2)*(x2+cos(x2)))aqx2))*sin(((((plog((x0aqsin(x2)))+((5.717000-sin(sin(x2)))aqcos(x1)))+4.476000)+((x0aqx0)+(x0-(x2+(x2*-2.722000)))))aqx2)))))))",
    "mse_train": 157939.40256957992,
    "mae_train": 185.98935859741005,
    "r2_train": 0.9848026797690504,
    "mse_test": 889257.8036628606,
    "mae_test": 325.0810955824092,
    "r2_test": 0.8817908767929901
}