{
    "dataset": "678_visualizing_environmental",
    "algorithm": "FFXRegressor",
    "params": {},
    "random_state": 860,
    "process_time": 168.216777291,
    "time_time": 163.58877849578857,
    "target_noise": 0.0,
    "feature_noise": 0.0,
    "model_size": 910,
    "symbolic_model": "-3.37 - 142*max(0,X0-0.384) * max(0,-0.940-X1) + 79.1*max(0,-1.46-X1) * max(0,X0-0.384) + 73.4*max(0,-0.424-X1) * max(0,X0-0.384) - 48.1*max(0,-1.46-X1) * max(0,-1.35-X2) + 38.5*max(0,-0.940-X1) * max(0,-1.35-X2) - 36.1*max(0,X2-0.321) * max(0,-0.940-X1) + 32.3*max(0,X0-2.36) * max(0,X1-0.0913) + 31.0*max(0,-0.424-X1) * max(0,X2-0.321) - 21.0*abs(X1) * max(0,-1.35-X2) - 19.5*max(0,X0-3.02) + 18.7*max(0,-1.35-X2) + 15.0*abs(X2) * max(0,-1.35-X2) + 14.0*max(0,-1.46-X1) * max(0,-0.235-X2) - 12.8*max(0,X2-0.321) * abs(X1) - 11.2*max(0,-1.35-X2) * max(0,-0.235-X2) + 9.64*max(0,-1.46-X1) * abs(X2) - 9.62*max(0,-0.940-X1) * abs(X2) - 9.53*max(0,-0.940-X1) - 9.51*max(0,X1-1.12) + 9.14*max(0,X2-0.321) * max(0,X1-0.0913) - 8.81*max(0,-0.424-X1) * max(0,-1.46-X1) - 8.51*max(0,X1-0.607) + 8.01*max(0,X0-0.384) * abs(X1) - 7.65*max(0,X2-0.321) + 7.28*abs(X0) * max(0,X2-0.321) - 7.20*max(0,X2-0.878) - 6.62*max(0,X1-0.0913) - 6.32*max(0,-1.46-X1) * max(0,-0.940-X1) + 5.83*max(0,-1.35-X2) * max(0,X1-0.0913) + 5.82*abs(X1) * max(0,X1-0.0913) - 5.43*abs(X2) * max(0,-0.235-X2) - 5.33*abs(X0) * abs(X2) + 5.23*max(0,-0.276-X0) - 5.22*max(0,-0.424-X1) - 5.07*max(0,X2-1.43) - 5.05*max(0,X0-0.384) * max(0,X1-0.0913) + 4.51*abs(X0) * max(0,-1.35-X2) - 4.49*max(0,X2-0.321) * max(0,X0-0.384) - 4.41*max(0,X0-1.70) * abs(X2) + 4.27*max(0,X0-1.70) * abs(X1) + 3.68*max(0,X0-0.384) * abs(X2) + 3.56*max(0,X2-0.321) * abs(X2) + 3.51*max(0,-0.424-X1) * abs(X1) + 3.06*abs(X1) * max(0,-0.940-X1) + 3.06*abs(X1) * abs(X2) - 3.01*max(0,X0-1.70) * max(0,X1-0.0913) - 3.00*max(0,0.0913-X1) + 2.89*abs(X2) - 2.85*max(0,-0.424-X1) * max(0,-0.235-X2) + 2.79*max(0,-0.235-X2) + 2.75*max(0,X0-1.04) + 2.75*abs(X0) * max(0,-0.235-X2) + 2.70*X1^2 + 2.37*max(0,X1+1.46) + 2.28*max(0,-0.792-X2) - 2.22*max(0,-0.940-X1) * max(0,-0.235-X2) + 2.11*X2 - 2.09*max(0,X1-0.0913) * max(0,-0.235-X2) - 2.01*max(0,-0.424-X1) * max(0,-1.35-X2) + 1.92*abs(X1) * max(0,-0.235-X2) - 1.91*max(0,X2+0.235) + 1.91*max(0,X0-1.70) * max(0,X2-0.321) + 1.89*max(0,0.384-X0) + 1.81*max(0,-0.424-X1) * max(0,-0.940-X1) - 1.70*abs(X2) * max(0,X1-0.0913) - 1.53*X1 + 1.52*abs(X0) * max(0,-0.940-X1) + 1.40*X2^2 - 1.33*abs(X0) * max(0,X1-0.0913) - 1.10*abs(X0) - 1.04*abs(X0) * max(0,X0-0.384) + 0.977*max(0,-1.46-X1) + 0.940*max(0,X1+0.940) - 0.869*max(0,1.70-X0) - 0.869*abs(X0) * max(0,-1.46-X1) + 0.823*abs(X1) + 0.694*max(0,X0-2.36) + 0.673*max(0,X0+0.276) - 0.651*max(0,X1+0.424) + 0.596*max(0,X0-0.384) - 0.552*abs(X0) * abs(X1) - 0.521*max(0,1.43-X2) - 0.481*max(0,-0.424-X1) * abs(X0) + 0.468*max(0,X0-1.70) * max(0,X0-0.384) + 0.420*max(0,0.607-X1) - 0.401*X0^2 + 0.383*max(0,X0-1.70) - 0.323*max(0,-0.424-X1) * abs(X2) - 0.278*max(0,X0-1.70) * max(0,X0-2.36) - 0.213*max(0,-1.46-X1) * abs(X1) - 0.137*max(0,X0-1.70) * abs(X0) + 0.121*max(0,2.36-X0) + 0.108*max(0,3.02-X0) - 0.0454*max(0,0.878-X2) - 0.0261*X0 - 0.00785*max(0,X2+0.792) + 0.00638*max(0,1.12-X1) + 0.00333*max(0,X0-2.36) * abs(X2) - 0.000894*max(0,1.04-X0) + 1.68e-7*max(0,X0-2.36) * abs(X1) + 3.56e-11*max(0,X0-2.36) * max(0,X0-0.384)",
    "mse_train": 3.0582261251607714,
    "mae_train": 1.2524335765598151,
    "r2_train": 0.7396957534493218,
    "mse_test": 60.92679482076677,
    "mae_test": 5.156411739514021,
    "r2_test": -3.386237124276362
}