{
    "dataset": "678_visualizing_environmental",
    "algorithm": "FFXRegressor",
    "params": {},
    "random_state": 21962,
    "process_time": 135.88503618599998,
    "time_time": 103.19633293151855,
    "target_noise": 0.0,
    "feature_noise": 0.0,
    "model_size": 885,
    "symbolic_model": "-3.74 - 287*max(0,X1-1.13) * max(0,X2-0.913) + 105*max(0,X2-1.46) * max(0,X0-1.59) + 95.5*max(0,X1-1.13) * max(0,X0-0.557) - 73.7*max(0,X2-1.46) * abs(X1) - 70.9*max(0,X2-0.913) * max(0,-0.346-X1) - 64.7*max(0,X2-0.913) * max(0,X0-1.59) + 56.2*max(0,X2-1.46) * max(0,X1-0.146) + 53.2*max(0,X0-1.59) * max(0,X1-0.146) + 49.0*max(0,0.146-X1) * max(0,X0-1.59) + 35.9*max(0,X1-1.13) * max(0,-1.28-X2) - 35.3*max(0,X0-1.59) * abs(X1) - 35.1*max(0,-0.477-X0) * max(0,X1-1.13) + 31.4*max(0,X0-1.59) - 29.0*max(0,X1-1.13) + 27.7*max(0,X1-1.13) * max(0,X1-0.146) + 19.0*max(0,X2-0.913) * max(0,X1-0.146) + 18.1*max(0,-0.477-X0) * max(0,-1.28-X2) + 17.1*max(0,-0.346-X1) * max(0,-1.28-X2) - 15.7*max(0,-0.346-X1) * max(0,X0-0.557) - 14.7*max(0,0.146-X1) * max(0,-1.28-X2) - 13.1*abs(X0) * max(0,-1.28-X2) - 12.8*max(0,X0-0.557) * max(0,X0-1.59) + 12.3*max(0,-1.28-X2) + 12.1*max(0,X1-1.13) * abs(X0) + 11.8*max(0,X0-2.11) - 10.1*max(0,-1.28-X2) * max(0,X1-0.146) - 9.07*max(0,-0.477-X0) * abs(X1) - 8.32*max(0,X2-0.913) + 8.23*max(0,-0.477-X0) * max(0,-0.346-X1) + 8.19*X0 * max(0,-1.28-X2) - 7.81*max(0,X2-0.913) * abs(X1) - 7.81*max(0,0.146-X1) * max(0,X0-0.557) - 7.51*max(0,X2-1.46) * abs(X0) - 7.01*max(0,-0.731-X2) + 6.92*max(0,X2-1.46) * max(0,X2-0.913) + 6.77*max(0,X2-0.913) * max(0,X0-0.557) + 6.17*max(0,-0.477-X0) + 5.90*max(0,X2-1.46) + 5.46*max(0,-0.477-X0) * max(0,X1-0.146) + 5.21*X0 * max(0,X0-1.59) - 5.12*max(0,X1-1.13) * abs(X1) + 4.84*max(0,X1-0.146) - 4.70*max(0,-0.477-X0) * abs(X0) + 4.50*X2^2 - 4.25*abs(X1) * max(0,X1-0.146) - 4.25*max(0,X0-1.07) - 3.86*abs(X0) - 3.78*max(0,X0-0.557) * max(0,X1-0.146) - 3.55*max(0,-0.346-X1) * abs(X1) + 3.43*max(0,X0-0.557) * abs(X1) - 3.35*max(0,X2-0.913) * abs(X0) + 3.29*X0^2 + 3.10*max(0,X2-1.46) * max(0,X0-0.557) + 2.95*max(0,X0+0.477) - 2.95*abs(X2) - 2.46*max(0,X2-0.365) + 2.37*max(0,0.146-X1) * abs(X1) - 2.35*max(0,-0.346-X1) - 2.30*X0 * max(0,X1-0.146) + 2.23*X1^2 - 2.20*max(0,-0.183-X2) - 2.17*abs(X0) * max(0,X0-0.557) + 2.02*max(0,0.557-X0) - 2.00*abs(X0) * max(0,X1-0.146) + 1.91*max(0,-1.33-X1) + 1.83*max(0,X1-0.638) + 1.70*max(0,X2+0.183) + 1.70*abs(X0) * max(0,-0.346-X1) - 1.52*X0 - 1.51*max(0,X1+0.346) + 1.48*max(0,1.46-X2) - 1.43*X0 * max(0,X0-0.557) + 1.33*X0 * abs(X0) - 1.30*max(0,1.07-X0) + 1.26*abs(X1) * max(0,-1.28-X2) - 1.24*abs(X1) + 1.22*max(0,0.365-X2) + 1.12*abs(X0) * abs(X1) - 1.09*max(0,-0.838-X1) + 1.08*X0 * max(0,-0.346-X1) + 1.02*max(0,1.59-X0) - 1.00*max(0,0.638-X1) + 0.953*max(0,0.0398-X0) + 0.930*X2 - 0.681*X1 + 0.594*abs(X0) * max(0,X0-1.59) + 0.520*X0 * abs(X1) - 0.515*max(0,0.146-X1) * max(0,-0.346-X1) + 0.470*max(0,X1+0.838) - 0.394*max(0,2.11-X0) - 0.369*max(0,X0-0.0398) + 0.336*max(0,0.146-X1) * abs(X0) + 0.225*max(0,1.13-X1) - 0.146*max(0,X0-0.557) - 0.140*max(0,X1-1.13) * X0 - 0.125*max(0,0.146-X1) - 0.00187*max(0,X2-0.913) * X0 - 0.00157*max(0,X2-1.46) * X0 + 0.000970*max(0,-0.477-X0) * X0",
    "mse_train": 3.526132162437874,
    "mae_train": 1.2833862122807487,
    "r2_train": 0.679704341232193,
    "mse_test": 3182.469280398986,
    "mae_test": 25.43738329693728,
    "r2_test": -184.88926876793596
}