{
    "dataset": "678_visualizing_environmental",
    "algorithm": "FFXRegressor",
    "params": {},
    "random_state": 14423,
    "process_time": 119.479271887,
    "time_time": 91.86516499519348,
    "target_noise": 0.0,
    "feature_noise": 0.0,
    "model_size": 215,
    "symbolic_model": "-0.240 + 815*max(0,X2-0.915) * max(0,X1-1.12) - 98.2*max(0,X0-2.43) * max(0,X2-0.915) + 31.7*max(0,X0-2.43) - 19.0*max(0,X1-1.12) * max(0,-1.35-X2) + 16.9*max(0,X0-0.137) * max(0,X1-1.12) + 15.4*max(0,X0-1.85) - 9.13*max(0,X0-2.43) * max(0,X0-0.137) + 6.50*max(0,-1.35-X2) - 6.15*max(0,X0-1.85) * max(0,X0-0.137) - 5.12*max(0,X2-0.915) * max(0,1.28-X0) - 3.35*max(0,X1-1.12) + 2.67*max(0,1.28-X0) * max(0,X1-1.12) + 2.32*max(0,X0-1.85) * max(0,X2-0.915) - 2.00*max(0,1.28-X0) * max(0,-1.35-X2) + 1.61*max(0,X2-0.915) - 0.793*max(0,X0-0.137) - 0.757*max(0,X2-0.915) * max(0,X0-0.137) + 0.330*max(0,-0.435-X0) - 0.219*max(0,-1.28-X1) - 0.212*max(0,1.28-X0) * max(0,X0-0.137) + 0.190*max(0,1.28-X0) + 0.0804*max(0,X1+0.321)",
    "mse_train": 5.92844491693246,
    "mae_train": 1.8740549172502192,
    "r2_train": 0.49615629025948826,
    "mse_test": 490.1114327020411,
    "mae_test": 8.338792166799802,
    "r2_test": -31.919534805174067
}