{
    "dataset": "678_visualizing_environmental",
    "algorithm": "FFXRegressor",
    "params": {},
    "random_state": 23654,
    "process_time": 164.292520994,
    "time_time": 67.13159561157227,
    "target_noise": 0.0,
    "feature_noise": 0.0,
    "model_size": 832,
    "symbolic_model": "3.36 + 27.7*max(0,-1.37-X2) + 26.3*max(0,X1-1.16) * max(0,-1.37-X2) + 17.2*max(0,X0-2.98) + 15.3*max(0,X1-0.684) * max(0,-1.37-X2) - 13.2*max(0,-1.37-X2) * abs(X1) + 12.9*max(0,X0-1.67) * max(0,X1-0.211) - 10.2*max(0,X1-1.16) * max(0,X1-0.211) + 9.52*max(0,-0.814-X2) - 9.14*max(0,X0-2.33) * max(0,X1-0.211) + 8.16*abs(X1) * max(0,X1-0.211) - 7.41*X1 * max(0,-1.37-X2) + 7.02*max(0,X1-1.16) * max(0,X1-0.684) + 6.86*max(0,X2-0.851) - 6.85*abs(X2) * max(0,X1-0.211) - 6.76*max(0,X1-0.684) + 6.37*X1 * max(0,X1-0.684) - 6.29*max(0,X1-0.211) + 6.16*max(0,0.211-X1) * max(0,-1.37-X2) + 6.10*max(0,X1-0.684) * max(0,X0-2.33) + 5.97*max(0,X1-0.684) * max(0,X1-0.211) + 5.79*max(0,-1.21-X1) - 5.28*max(0,X1-1.16) * X1 - 5.18*max(0,-1.37-X2) * max(0,-0.262-X1) - 5.00*X2^2 + 4.98*abs(X2) * abs(X1) + 4.73*max(0,-0.259-X2) - 4.65*max(0,X0-1.67) * abs(X1) + 4.50*max(0,X2-1.41) - 4.48*max(0,X0-1.67) - 4.34*max(0,-0.259-X2) * max(0,X1-0.684) - 4.25*max(0,-0.735-X1) * max(0,-0.259-X2) - 3.85*max(0,-0.259-X2) * abs(X2) - 3.52*max(0,-0.259-X2) * max(0,-0.262-X1) - 3.43*max(0,X1+0.262) + 3.09*max(0,-0.735-X1) * abs(X2) - 3.04*max(0,-0.735-X1) * max(0,-1.37-X2) + 3.04*abs(X2) + 2.98*abs(X2) * max(0,X0-2.33) + 2.85*X1 * max(0,-0.735-X1) + 2.78*X1 - 2.69*max(0,X1-0.684) * abs(X1) + 2.55*max(0,X1-1.16) - 2.53*max(0,-0.735-X1) * max(0,-0.262-X1) - 2.52*max(0,0.211-X1) * max(0,-0.735-X1) + 2.39*max(0,-0.259-X2) * abs(X1) - 2.32*abs(X2) * max(0,-0.262-X1) - 2.22*abs(X2) * max(0,-1.37-X2) + 2.22*max(0,X0-1.02) - 2.15*X1 * abs(X1) + 2.10*max(0,-1.37-X2) * max(0,X1-0.211) + 2.07*max(0,X1-1.16) * max(0,-0.259-X2) - 2.00*max(0,0.684-X1) - 1.96*max(0,X2+0.259) + 1.91*max(0,X1+0.735) + 1.81*max(0,0.211-X1) * abs(X1) + 1.78*max(0,X2-0.296) + 1.77*max(0,-0.735-X1) - 1.72*X1^2 + 1.68*max(0,-0.281-X0) - 1.53*max(0,X0-1.67) * max(0,X0-2.33) - 1.16*max(0,0.211-X1) * X1 - 1.15*max(0,-0.259-X2) * max(0,-1.37-X2) + 1.07*max(0,-0.735-X1) * abs(X1) + 1.06*max(0,X1-0.684) * abs(X2) - 1.06*max(0,0.296-X2) - 1.03*max(0,X1-1.16) * abs(X2) + 0.915*X2 - 0.876*max(0,X1-1.16) * abs(X1) - 0.772*max(0,0.211-X1) * abs(X2) + 0.763*max(0,0.211-X1) * max(0,-0.259-X2) + 0.702*max(0,-0.262-X1) * abs(X1) - 0.676*X1 * max(0,X1-0.211) - 0.650*X1 * max(0,-0.262-X1) - 0.630*max(0,1.67-X0) - 0.588*max(0,X0+0.281) - 0.531*max(0,-0.262-X1) - 0.515*abs(X0) + 0.500*X1 * abs(X2) - 0.429*max(0,X1+1.21) - 0.347*X0^2 + 0.310*max(0,X0-0.370) + 0.308*abs(X1) - 0.291*max(0,0.211-X1) - 0.240*max(0,0.211-X1) * max(0,-0.262-X1) - 0.200*X0 + 0.167*max(0,-0.259-X2) * max(0,X1-0.211) - 0.162*max(0,1.41-X2) + 0.153*max(0,0.851-X2) + 0.139*max(0,0.370-X0) + 0.123*max(0,1.16-X1) + 0.120*X1 * max(0,X0-2.33) - 0.103*max(0,X0-2.33) - 0.0821*X1 * max(0,-0.259-X2) + 0.0105*max(0,X0-2.33) * abs(X1)",
    "mse_train": 4.918701854802036,
    "mae_train": 1.625102424101577,
    "r2_train": 0.6416613109860503,
    "mse_test": 19.546308239978753,
    "mae_test": 3.47813014528251,
    "r2_test": -1.1828251842160968
}