{
    "dataset": "678_visualizing_environmental",
    "algorithm": "FFXRegressor",
    "params": {},
    "random_state": 28020,
    "process_time": 144.797890339,
    "time_time": 104.3529896736145,
    "target_noise": 0.0,
    "feature_noise": 0.0,
    "model_size": 879,
    "symbolic_model": "-5.50 - 99.6*max(0,X2-1.41) + 44.9*abs(X2) * max(0,X2-1.41) + 41.9*max(0,-0.227-X2) * max(0,-0.321-X0) - 34.0*max(0,-0.772-X2) * max(0,-0.321-X0) - 33.5*abs(X2) * max(0,-0.321-X0) + 28.7*abs(X2) * max(0,-1.35-X1) - 27.1*max(0,-0.227-X2) * max(0,-1.35-X1) - 24.5*max(0,-1.35-X1) * max(0,-1.32-X2) + 23.6*max(0,-1.32-X2) - 20.8*abs(X0) * max(0,-1.32-X2) + 19.7*max(0,-1.35-X1) * max(0,X0-0.227) + 19.4*max(0,-0.772-X2) * max(0,0.227-X0) + 16.2*max(0,-0.321-X0) * max(0,-1.32-X2) + 15.3*max(0,-0.772-X2) * max(0,-1.32-X2) + 14.9*abs(X2) * max(0,0.227-X0) - 14.4*max(0,X1-0.117) * max(0,X2-1.41) + 14.2*max(0,-0.772-X2) * abs(X0) - 13.7*max(0,-0.772-X2) - 13.2*max(0,-0.227-X2) * max(0,0.227-X0) + 12.9*abs(X0) * max(0,X2-1.41) - 11.9*max(0,-1.35-X1) - 11.9*max(0,-0.227-X2) * max(0,-1.32-X2) + 11.0*max(0,-0.321-X0) - 10.9*max(0,X0-1.87) - 9.65*abs(X2) * max(0,X0-0.774) + 9.52*max(0,0.227-X0) * max(0,-0.321-X0) - 8.94*max(0,-0.227-X2) * abs(X0) + 8.31*max(0,-0.772-X2) * max(0,-1.35-X1) + 8.03*max(0,-0.227-X2) + 6.66*max(0,X0-1.32) + 5.85*abs(X2) * X0 - 5.73*max(0,0.227-X0) - 5.29*max(0,-1.35-X1) * max(0,-0.321-X0) + 5.15*max(0,0.227-X0) * X0 - 5.10*max(0,X1-0.117) * max(0,-1.32-X2) + 4.56*max(0,X2-0.864) + 4.15*max(0,X1-0.117) * max(0,-0.227-X2) - 4.07*max(0,-0.321-X0) * abs(X0) + 4.01*max(0,X0-0.774) + 3.85*max(0,-1.35-X1) * abs(X0) - 3.70*max(0,X1-0.117) * max(0,0.227-X0) + 3.53*abs(X2) * max(0,X0-0.227) - 3.22*max(0,-0.227-X2) * X0 - 3.11*max(0,-0.772-X2) * X0 + 2.99*max(0,X1-0.117) * max(0,X0-0.774) - 2.98*abs(X2) * max(0,-0.227-X2) - 2.95*abs(X2) * max(0,X1-0.117) - 2.47*max(0,X1-0.117) - 2.41*max(0,0.117-X1) - 2.33*max(0,X1-0.117) * max(0,X0-0.227) - 2.27*X2^2 + 2.25*max(0,-0.863-X1) + 2.15*max(0,X1-0.117) * abs(X0) - 2.15*abs(X2) * abs(X0) - 2.05*max(0,X0-0.774) * max(0,X2-1.41) + 1.93*max(0,1.87-X0) - 1.81*max(0,X0-0.227) + 1.80*max(0,X2+0.227) + 1.79*max(0,X1-0.117) * max(0,-0.321-X0) + 1.37*max(0,0.774-X0) + 1.36*max(0,0.227-X0) * max(0,-1.32-X2) - 1.28*X0 + 1.18*abs(X1) + 1.15*max(0,0.227-X0) * max(0,-1.35-X1) + 1.12*max(0,X1+0.373) + 1.10*max(0,X1-0.607) - 1.05*max(0,X0-2.42) - 0.940*max(0,X2-0.319) + 0.828*max(0,1.32-X0) - 0.751*X0 * max(0,-1.32-X2) + 0.689*max(0,X0+0.321) + 0.681*max(0,X1-1.10) + 0.570*X0 * abs(X0) - 0.569*max(0,X0-0.774) * abs(X0) - 0.497*max(0,X0-0.227) * max(0,X2-1.41) + 0.457*abs(X2) + 0.449*max(0,X1-0.117) * X0 - 0.443*X2 - 0.432*max(0,X0-0.227) * max(0,X0-0.774) + 0.418*X1^2 - 0.367*abs(X0) + 0.352*max(0,0.227-X0) * abs(X0) + 0.314*max(0,X0-0.227) * abs(X0) + 0.302*max(0,0.864-X2) - 0.258*max(0,1.41-X2) - 0.235*X0^2 - 0.229*max(0,X2+0.772) + 0.209*abs(X2) * max(0,-1.32-X2) - 0.184*max(0,0.319-X2) + 0.150*max(0,2.42-X0) + 0.150*max(0,-1.35-X1) * X0 - 0.0980*max(0,0.607-X1) + 0.0726*X1 + 0.0503*X0 * max(0,X2-1.41) + 0.0230*max(0,-0.373-X1) - 0.0191*max(0,X1+0.863) + 0.00110*max(0,-0.321-X0) * X0 - 0.000350*max(0,X0-0.774) * X0 + 0.000192*max(0,X0-0.227) * X0",
    "mse_train": 2.7472923005472842,
    "mae_train": 1.2821725653930094,
    "r2_train": 0.7749755922572409,
    "mse_test": 52.539828145287,
    "mae_test": 4.4418232488129235,
    "r2_test": -2.8856274049571877
}