{
    "dataset": "678_visualizing_environmental",
    "algorithm": "FFXRegressor",
    "params": {},
    "random_state": 4426,
    "process_time": 142.770281622,
    "time_time": 112.14129996299744,
    "target_noise": 0.0,
    "feature_noise": 0.0,
    "model_size": 873,
    "symbolic_model": "-0.0890 - 208*max(0,X0-0.527) * max(0,-0.809-X1) - 172*max(0,X1-0.180) * max(0,X2-1.41) + 124*max(0,X2-1.41) * max(0,X0-2.14) + 115*max(0,-0.314-X1) * max(0,X0-0.527) - 60.8*max(0,X2-0.849) * max(0,-0.809-X1) - 41.0*max(0,X1-0.180) * max(0,X0-2.14) - 40.6*max(0,X2-1.41) * max(0,X0-1.60) - 29.4*max(0,-1.39-X2) * max(0,-1.30-X1) + 20.7*max(0,X2-0.849) * max(0,X2-1.41) + 20.6*abs(X1) * max(0,X0-2.14) - 19.4*max(0,X2-1.41) + 15.3*max(0,-0.828-X2) * max(0,-1.39-X2) + 14.3*max(0,-0.828-X2) * max(0,-0.809-X1) + 13.5*max(0,-0.828-X2) * max(0,-1.30-X1) + 11.4*max(0,X0-0.527) * max(0,X0-2.14) - 11.0*max(0,-0.828-X2) * abs(X0) - 10.5*max(0,X0-2.14) + 10.0*max(0,X2-1.41) * max(0,X0-0.527) - 9.77*max(0,-0.828-X2) * max(0,-0.314-X1) - 9.52*X0 * max(0,-0.828-X2) - 8.84*X0 * max(0,X2-1.41) - 8.83*max(0,-1.30-X1) * max(0,-0.809-X1) - 8.49*max(0,X2-0.849) * max(0,X0-2.14) + 8.02*max(0,-0.314-X1) * max(0,-1.30-X1) - 6.73*abs(X0) * max(0,-1.39-X2) - 6.40*max(0,-1.39-X2) * max(0,-0.809-X1) + 5.97*max(0,X1-0.180) * max(0,X0-1.60) - 5.70*max(0,-1.30-X1) + 4.71*max(0,X1-0.180) * max(0,X2-0.849) - 4.71*max(0,-0.314-X1) * max(0,-0.809-X1) + 4.16*abs(X0) * max(0,-1.30-X1) + 4.01*abs(X0) * max(0,-0.809-X1) + 3.77*max(0,X2-1.41) * abs(X0) + 3.33*max(0,-0.547-X0) + 3.28*max(0,X2-0.849) * abs(X0) - 3.27*max(0,X1-0.180) * max(0,-1.39-X2) - 3.02*X0 * max(0,X0-2.14) + 2.91*max(0,X1-0.180) * max(0,X0-0.527) + 2.79*max(0,X2-0.849) * max(0,X0-1.60) + 2.69*max(0,-0.828-X2) + 2.49*abs(X2) - 2.41*abs(X1) - 2.40*max(0,X1-0.675) - 2.06*X0 * max(0,-1.30-X1) - 2.04*max(0,X2-0.849) * max(0,X0-0.527) + 1.96*max(0,X0+0.00995) - 1.93*max(0,X2-0.849) - 1.90*abs(X0) + 1.89*X0 * max(0,-0.314-X1) + 1.77*max(0,X0-1.60) - 1.77*X2^2 + 1.72*max(0,X1-0.180) - 1.55*abs(X0) * max(0,X0-1.60) - 1.50*X0 * max(0,-1.39-X2) + 1.48*max(0,-0.314-X1) + 1.23*max(0,0.527-X0) + 1.22*X1^2 + 1.14*X0 * max(0,X2-0.849) + 1.06*max(0,-0.809-X1) + 1.03*abs(X0) * max(0,X0-0.527) - 0.951*max(0,X0-1.06) - 0.827*max(0,-0.314-X1) * max(0,-1.39-X2) - 0.814*max(0,X1-0.180) * abs(X0) - 0.805*max(0,X0-0.527) - 0.797*X0 * max(0,X1-0.180) - 0.755*X0^2 - 0.626*abs(X0) * max(0,X0-2.14) - 0.565*max(0,X2+0.269) + 0.531*max(0,1.06-X0) - 0.519*max(0,X2+0.828) - 0.490*max(0,0.849-X2) + 0.459*max(0,0.180-X1) - 0.436*max(0,-0.269-X2) - 0.426*max(0,X1-0.180) * max(0,-0.828-X2) + 0.366*max(0,X0-1.60) * max(0,X0-2.14) + 0.326*X0 * abs(X0) - 0.312*X0 * max(0,-0.809-X1) + 0.285*max(0,X1+0.314) + 0.235*max(0,X2-0.290) + 0.223*X0 - 0.221*max(0,X1-1.17) - 0.199*max(0,X0-1.60) * max(0,X0-0.527) + 0.164*max(0,-0.00995-X0) - 0.153*max(0,0.290-X2) - 0.142*max(0,0.675-X1) - 0.137*X0 * max(0,X0-1.60) + 0.130*max(0,-1.39-X2) - 0.115*X2 - 0.0802*max(0,-0.314-X1) * abs(X0) + 0.0750*max(0,X1+1.30) - 0.0687*X0 * max(0,X0-0.527) + 0.0477*max(0,1.17-X1) - 0.0388*max(0,X1+0.809) - 0.0344*max(0,1.41-X2) - 0.0191*max(0,X0+0.547) + 0.0123*max(0,1.60-X0) + 0.00777*max(0,2.14-X0)",
    "mse_train": 4.697981463466961,
    "mae_train": 1.434762763942597,
    "r2_train": 0.6183222651770325,
    "mse_test": 643.6928758377962,
    "mae_test": 9.750168126372637,
    "r2_test": -47.99969450637571
}