{
    "dataset": "678_visualizing_environmental",
    "algorithm": "FFXRegressor",
    "params": {},
    "random_state": 5390,
    "process_time": 151.13569246999998,
    "time_time": 111.90731024742126,
    "target_noise": 0.0,
    "feature_noise": 0.0,
    "model_size": 931,
    "symbolic_model": "0.469 - 162*max(0,X1-1.08) * max(0,X0-0.441) + 80.8*max(0,X1-1.08) * max(0,-1.46-X2) + 41.8*max(0,X1-1.08) * X0 + 40.2*max(0,X1-1.08) * abs(X0) + 37.9*max(0,X1-1.08) - 26.8*max(0,X1-1.08) * max(0,X1-0.0931) + 26.6*max(0,-0.891-X1) * max(0,-0.888-X2) + 24.1*max(0,X1-1.08) * max(0,-0.888-X2) + 22.5*max(0,-0.888-X2) * max(0,-1.46-X2) - 22.1*max(0,-1.46-X2) * max(0,X1-0.0931) + 21.0*X0 * max(0,-1.46-X2) + 18.3*max(0,-0.891-X1) * max(0,-1.46-X2) + 14.2*max(0,-1.46-X2) - 12.0*max(0,-0.888-X2) * max(0,X1-0.0931) - 9.75*max(0,-1.46-X2) * abs(X1) - 9.38*max(0,X1-0.0931) - 9.13*max(0,-0.891-X1) * abs(X0) - 9.03*max(0,X1-1.08) * X1 - 8.91*X0 * max(0,0.0931-X1) - 8.86*max(0,-0.888-X2) * max(0,-0.399-X1) + 7.88*abs(X1) * max(0,X1-0.0931) - 7.63*max(0,X1-0.585) - 7.57*abs(X0) * max(0,-1.46-X2) + 7.51*max(0,-0.891-X1) + 7.30*max(0,-0.194-X0) * max(0,-1.46-X2) - 6.30*max(0,-0.194-X0) * abs(X1) + 6.30*X0 * abs(X1) - 6.24*X0 * max(0,X1-0.0931) + 5.88*max(0,X0-0.441) + 5.63*max(0,X0-2.35) - 5.52*max(0,-0.399-X1) - 5.32*max(0,-0.888-X2) * max(0,0.0931-X1) - 4.94*max(0,-0.399-X1) * max(0,-1.46-X2) + 4.81*max(0,-0.194-X0) * abs(X0) + 4.76*max(0,-0.194-X0) * max(0,-0.399-X1) + 4.51*max(0,-0.888-X2) + 4.41*max(0,-0.194-X0) * max(0,-0.891-X1) + 4.33*abs(X0) * max(0,X1-0.0931) + 4.03*X1 * max(0,-1.46-X2) + 3.98*X0 * max(0,-0.399-X1) + 3.85*abs(X1) - 3.76*X0 * max(0,-0.891-X1) + 3.52*max(0,0.441-X0) + 3.21*abs(X0) * max(0,-0.399-X1) - 3.18*abs(X0) - 2.89*X1 * X0 - 2.86*max(0,X0-2.98) - 2.84*max(0,-0.891-X1) * abs(X1) + 2.81*X0 * max(0,-0.888-X2) + 2.53*max(0,X0-1.71) + 2.39*X1 * max(0,-0.888-X2) - 2.32*max(0,-0.891-X1) * max(0,-0.399-X1) - 2.25*max(0,X0-0.441) * max(0,X1-0.0931) + 2.22*max(0,-0.194-X0) * max(0,0.0931-X1) + 2.11*abs(X0) * max(0,-0.888-X2) + 2.06*max(0,0.0931-X1) * max(0,-1.46-X2) - 1.77*max(0,1.08-X0) - 1.71*X1 * max(0,X0-0.441) - 1.68*X1 * max(0,-0.399-X1) - 1.50*max(0,0.0931-X1) + 1.46*max(0,X0-1.08) + 1.45*max(0,-1.38-X1) - 1.30*max(0,X2-0.256) + 1.28*max(0,-0.891-X1) * max(0,0.0931-X1) - 1.19*max(0,-0.888-X2) * abs(X1) + 1.14*X1 * max(0,-0.891-X1) - 1.13*max(0,X1+0.399) + 1.09*X1 * max(0,X1-0.0931) - 1.08*abs(X0) * max(0,X0-0.441) - 1.00*max(0,X2-1.40) + 0.970*max(0,-0.399-X1) * abs(X1) + 0.946*max(0,0.0931-X1) * max(0,-0.399-X1) + 0.938*abs(X0) * abs(X1) - 0.905*X0^2 - 0.831*max(0,-0.194-X0) + 0.745*max(0,X2-0.828) + 0.714*X1 * max(0,0.0931-X1) - 0.667*max(0,0.0931-X1) * abs(X1) + 0.658*X1 + 0.588*max(0,-0.194-X0) * max(0,-0.888-X2) - 0.566*X1 * abs(X1) - 0.556*max(0,-0.194-X0) * max(0,X1-0.0931) - 0.556*X0 * max(0,X0-0.441) + 0.544*abs(X2) + 0.542*X0 * abs(X0) + 0.526*max(0,2.35-X0) - 0.517*max(0,X0-0.441) * max(0,0.0931-X1) + 0.459*max(0,X1-1.08) * abs(X1) - 0.384*max(0,0.256-X2) + 0.369*max(0,X1+1.38) + 0.275*max(0,X0-0.441) * abs(X1) - 0.255*abs(X0) * max(0,0.0931-X1) - 0.236*max(0,2.98-X0) - 0.217*X1 * abs(X0) + 0.206*max(0,X1+0.891) - 0.187*max(0,1.08-X1) - 0.180*max(0,1.71-X0) + 0.114*max(0,X2+0.316) + 0.113*X0 + 0.111*X2^2 - 0.101*X1^2 + 0.0966*max(0,0.585-X1) - 0.0954*max(0,-0.316-X2) + 0.0736*max(0,X0+0.194) - 0.0532*max(0,X2+0.888) - 0.0470*X2",
    "mse_train": 3.5318042606785705,
    "mae_train": 1.3057363238731505,
    "r2_train": 0.7344977538089342,
    "mse_test": 44.94776941793298,
    "mae_test": 4.243564358038598,
    "r2_test": -3.4780356348023655
}