{
    "dataset": "678_visualizing_environmental",
    "algorithm": "FFXRegressor",
    "params": {},
    "random_state": 15795,
    "process_time": 152.434000808,
    "time_time": 128.997807264328,
    "target_noise": 0.0,
    "feature_noise": 0.0,
    "model_size": 759,
    "symbolic_model": "2.09 - 78.4*max(0,0.177-X1) * max(0,X2-1.42) + 74.9*max(0,X0-1.44) * max(0,X2-1.42) - 56.1*max(0,X1-0.632) * max(0,X2-1.42) - 48.9*max(0,X1-0.177) * max(0,X2-1.42) - 40.9*max(0,-1.19-X1) * max(0,-0.758-X2) + 35.5*abs(X1) * max(0,X1-1.09) + 33.7*max(0,X0-1.44) * max(0,X1-0.632) - 30.2*max(0,X1-0.177) * max(0,X1-1.09) + 29.6*max(0,X0-0.827) * max(0,X1-1.09) + 25.8*max(0,-0.732-X1) + 25.1*abs(X1) * max(0,X2-1.42) - 24.5*max(0,-0.758-X2) * max(0,X1-0.632) + 24.0*max(0,X1-0.632) + 23.7*max(0,-0.215-X2) * max(0,-1.19-X1) - 22.4*max(0,X0-0.827) * max(0,X1-0.632) - 21.4*max(0,X0-2.66) + 20.2*max(0,X1-1.09) + 18.9*max(0,X0-2.66) * max(0,X1-0.177) + 17.3*max(0,-0.732-X1) * max(0,-0.758-X2) + 15.0*max(0,X1-0.177) - 15.0*max(0,X1-0.632) * max(0,X1-0.177) + 15.0*max(0,-0.758-X2) * max(0,X1-0.177) + 14.7*max(0,-1.19-X1) - 12.9*max(0,-0.215-X2) * max(0,-0.732-X1) - 12.3*max(0,-0.215-X2) * max(0,X1-0.177) + 12.0*max(0,X0-0.827) * max(0,X1-0.177) - 11.8*max(0,X0-1.44) * max(0,X1-0.177) + 11.2*max(0,-1.30-X2) + 10.9*max(0,-0.758-X2) - 10.8*X1^2 - 10.1*max(0,-0.215-X2) * max(0,-0.758-X2) + 7.91*max(0,-0.215-X2) * abs(X1) - 7.81*abs(X1) - 7.64*max(0,X1-0.632) * max(0,X1-1.09) + 7.61*max(0,0.177-X1) - 7.27*max(0,0.177-X1) * max(0,-1.19-X1) + 7.19*max(0,-0.215-X2) * max(0,X1-1.09) + 7.03*max(0,-1.19-X1) * max(0,-0.732-X1) + 6.93*max(0,-1.19-X1) * abs(X1) - 6.65*max(0,X2-1.42) + 6.48*max(0,X1+0.277) - 6.10*max(0,X0-0.827) + 6.06*max(0,-0.215-X2) * max(0,X1-0.632) - 5.57*max(0,0.177-X1) * max(0,-0.215-X2) - 5.56*max(0,X0-1.44) * abs(X1) - 5.49*abs(X1) * max(0,-0.732-X1) + 5.04*max(0,X0-2.05) - 5.03*max(0,0.177-X1) * max(0,-0.732-X1) + 4.59*max(0,X0-0.216) + 4.59*max(0,X0-1.44) + 4.27*max(0,0.177-X1) * max(0,-0.758-X2) - 4.10*abs(X1) * max(0,X1-0.177) - 4.00*max(0,X1+0.732) + 3.92*max(0,-0.277-X1) + 3.62*max(0,X2-0.329) + 2.87*max(0,-0.394-X0) + 2.77*max(0,0.177-X1) * abs(X1) - 2.77*abs(X0) + 2.64*max(0,X2-0.873) + 2.54*max(0,-0.758-X2) * max(0,X1-1.09) + 2.29*abs(X1) * max(0,X1-0.632) - 2.17*abs(X1) * max(0,-0.758-X2) - 2.13*max(0,X2+0.215) - 1.93*abs(X2) + 1.76*max(0,-0.215-X2) - 1.62*X0 - 1.55*max(0,X0-0.827) * max(0,X2-1.42) + 1.51*X1 - 1.14*max(0,0.873-X2) - 0.982*max(0,0.632-X1) - 0.898*max(0,0.177-X1) * max(0,X0-1.44) + 0.826*max(0,X2+1.30) + 0.591*max(0,1.09-X1) - 0.536*max(0,0.329-X2) + 0.349*max(0,1.42-X2) + 0.331*X0^2 + 0.277*max(0,0.827-X0) - 0.175*max(0,1.44-X0) + 0.0820*max(0,X2+0.758) + 0.0113*max(0,X0-2.66) * max(0,X1-0.632) + 5.67e-7*max(0,X0-2.66) * abs(X1) + 3.07e-10*max(0,X0-2.66) * max(0,X0-1.44)",
    "mse_train": 2.576671936584453,
    "mae_train": 1.1501684175183338,
    "r2_train": 0.7763917593636076,
    "mse_test": 555.7154684160123,
    "mae_test": 10.113347020308472,
    "r2_test": -36.14244751553523
}