{
    "dataset": "678_visualizing_environmental",
    "algorithm": "FFXRegressor",
    "params": {},
    "random_state": 16850,
    "process_time": 169.00760337100002,
    "time_time": 119.14289426803589,
    "target_noise": 0.0,
    "feature_noise": 0.0,
    "model_size": 879,
    "symbolic_model": "-2.93 - 75.2*max(0,-1.42-X2) * max(0,X1-1.07) + 58.4*max(0,X0-0.349) * max(0,X1-1.07) - 29.4*max(0,0.972-X0) * max(0,X2-1.17) + 26.1*max(0,X0-1.60) * max(0,X2-1.17) - 20.3*abs(X0) * max(0,X1-1.07) + 18.9*max(0,X1-0.148) * max(0,-1.42-X2) + 15.9*max(0,-0.275-X0) * max(0,X1-1.07) - 15.6*max(0,X1-0.148) * max(0,X2-1.17) + 14.7*max(0,X1-1.07) * max(0,X2-1.17) - 12.8*max(0,X1-0.148) * max(0,X0-1.60) + 11.8*max(0,0.972-X0) * max(0,X0-0.349) + 11.8*max(0,X1-0.148) * max(0,X0-0.972) + 11.4*max(0,X1-0.148) * max(0,X0-2.22) + 10.4*max(0,-1.23-X1) - 10.2*max(0,X1-0.148) * max(0,X0-0.349) + 8.93*max(0,X1-0.148) * max(0,X1-1.07) - 7.95*X1^2 - 7.12*max(0,X2-0.649) * max(0,X2-1.17) + 6.80*max(0,X2-1.17) + 6.47*max(0,X1-0.609) - 6.20*max(0,X2-0.649) * max(0,X0-1.60) + 6.11*max(0,-0.312-X1) + 5.61*max(0,0.148-X1) + 5.57*max(0,X1-0.148) * abs(X0) + 5.18*max(0,-0.772-X1) - 4.84*abs(X0) * max(0,X2-1.17) - 4.71*max(0,X1-0.148) * max(0,-0.275-X0) + 4.69*max(0,0.972-X0) * max(0,X1-1.07) + 4.66*max(0,X2-0.649) * max(0,X1-1.07) + 4.31*max(0,X1-0.148) * max(0,X2-0.649) + 4.20*max(0,0.349-X0) + 4.18*max(0,0.972-X0) + 3.79*max(0,-0.275-X0) * abs(X0) - 2.60*max(0,X2-0.649) + 2.52*max(0,X0+0.275) - 2.47*max(0,0.972-X0) * max(0,-0.275-X0) + 2.43*max(0,X1+0.312) + 2.15*max(0,X1-0.148) * max(0,X0-2.84) + 2.09*max(0,X2-0.132) - 2.09*max(0,X2+0.385) + 2.05*max(0,X2-0.649) * abs(X0) - 2.01*max(0,-0.275-X0) - 1.75*max(0,-0.902-X2) - 1.69*max(0,0.132-X2) + 1.67*max(0,X0-2.22) - 1.52*max(0,X0-0.972) * max(0,X2-0.649) + 1.51*X2^2 + 1.50*max(0,X1+0.772) - 1.48*max(0,X0-2.84) * max(0,X0-2.22) - 1.40*max(0,X1+1.23) + 1.39*X0 + 1.35*max(0,X2+0.902) - 1.29*max(0,1.07-X1) + 1.27*max(0,X0-1.60) + 1.25*max(0,X0-0.972) - 1.10*X0^2 + 1.08*X1 - 1.07*max(0,-0.385-X2) - 0.970*max(0,X0-0.972) * max(0,X2-1.17) + 0.934*max(0,0.649-X2) - 0.905*max(0,X1-1.07) - 0.887*max(0,2.22-X0) - 0.876*max(0,X0-0.972) * abs(X0) - 0.862*max(0,-1.42-X2) * max(0,-0.275-X0) - 0.829*max(0,-1.42-X2) + 0.815*max(0,X0-0.972) * max(0,X0-2.22) + 0.689*max(0,-1.42-X2) * max(0,0.972-X0) - 0.665*abs(X0) - 0.627*abs(X2) + 0.473*max(0,X1-0.148) - 0.471*max(0,X2-0.649) * max(0,X0-0.349) + 0.417*max(0,-1.42-X2) * abs(X0) - 0.392*max(0,1.60-X0) - 0.384*max(0,X1-0.148) * max(0,0.972-X0) - 0.363*abs(X1) + 0.361*max(0,X0-2.84) - 0.356*X2 - 0.355*max(0,X0-0.349) * abs(X0) - 0.353*max(0,2.84-X0) + 0.245*max(0,0.972-X0) * max(0,X2-0.649) + 0.244*max(0,X0-0.972) * max(0,X0-2.84) + 0.242*max(0,X0-0.349) * max(0,X0-2.84) + 0.225*max(0,X0-0.349) * max(0,X2-1.17) + 0.219*max(0,1.17-X2) - 0.144*max(0,X2+1.42) + 0.127*max(0,X0-0.349) * max(0,X0-2.22) + 0.0888*max(0,X0-1.60) * max(0,X0-2.84) - 0.0834*max(0,X0-1.60) * max(0,X0-2.22) - 0.0788*abs(X0) * max(0,X0-1.60) + 0.0708*max(0,X0-0.349) + 0.0370*abs(X0) * max(0,X0-2.84) + 0.0367*max(0,0.972-X0) * abs(X0) + 0.0338*max(0,X0-0.972) * max(0,X0-1.60) - 0.0124*abs(X0) * max(0,X0-2.22) + 0.00649*max(0,X0-0.349) * max(0,X0-1.60)",
    "mse_train": 3.3293947715480194,
    "mae_train": 1.2532338271833767,
    "r2_train": 0.7398123119667331,
    "mse_test": 49.93879245158452,
    "mae_test": 5.064621502999919,
    "r2_test": -3.239933523668938
}