{
    "dataset": "678_visualizing_environmental",
    "algorithm": "FFXRegressor",
    "params": {},
    "random_state": 29910,
    "process_time": 132.415651636,
    "time_time": 141.0331666469574,
    "target_noise": 0.0,
    "feature_noise": 0.0,
    "model_size": 467,
    "symbolic_model": "-0.631 - 317*max(0,X1-0.663) * max(0,X2-1.56) + 307*max(0,X0-1.16) * max(0,X1-1.12) + 170*max(0,-1.31-X2) * max(0,X1-1.12) - 104*max(0,X1-0.663) * max(0,-1.31-X2) - 71.1*max(0,X2-1.56) - 51.5*max(0,X1-0.663) * max(0,X1-1.12) + 45.1*max(0,X1-1.12) + 43.7*max(0,-0.735-X2) * max(0,-1.16-X1) + 39.9*max(0,X2-0.414) * max(0,X2-1.56) + 35.0*max(0,-1.31-X2) - 29.7*max(0,-0.708-X1) * max(0,-1.31-X2) - 22.4*max(0,-0.708-X1) * max(0,-0.735-X2) - 7.72*max(0,-0.708-X1) * max(0,-1.16-X1) + 7.19*max(0,-1.16-X1) + 7.00*max(0,X0-1.16) * max(0,X2-1.56) - 6.69*max(0,-1.16-X1) * max(0,-1.31-X2) - 5.32*max(0,X0-3.17) - 3.85*max(0,X1-0.663) * max(0,-0.735-X2) + 3.09*max(0,X0-1.16) - 2.72*max(0,-0.735-X2) * max(0,-1.31-X2) + 2.50*max(0,X2-0.989) - 2.46*max(0,X1-0.663) + 2.42*max(0,-0.735-X2) * max(0,X1-1.12) - 2.42*max(0,X2-0.414) * max(0,X1-1.12) + 2.34*max(0,X0-2.50) * max(0,X0-1.83) + 2.26*max(0,X1-0.206) - 1.93*max(0,X2-1.56) * max(0,X0-1.83) + 1.58*max(0,X0-2.50) - 1.49*max(0,X2-0.414) * max(0,X0-1.83) - 1.48*max(0,X0-1.83) + 1.28*max(0,-0.177-X0) - 1.09*max(0,X0-1.16) * max(0,X1-0.663) + 0.989*max(0,-0.708-X1) - 0.924*max(0,X1+0.251) + 0.736*max(0,-0.160-X2) + 0.615*max(0,X1-0.663) * max(0,X0-1.83) - 0.613*max(0,-0.251-X1) - 0.529*X0^2 - 0.528*max(0,X0-1.16) * max(0,X0-1.83) - 0.382*max(0,0.414-X2) - 0.349*max(0,-0.735-X2) - 0.315*max(0,X2-0.414) + 0.285*max(0,X2+0.160) + 0.273*max(0,1.16-X0) - 0.250*X0 + 0.220*max(0,X1+0.708) - 0.127*max(0,X0-1.16) * max(0,X0-2.50) + 0.0547*max(0,X0-0.492) + 0.00955*max(0,0.492-X0) + 0.00289*max(0,X1-0.663) * max(0,X0-2.50)",
    "mse_train": 4.164489288646156,
    "mae_train": 1.411032384943962,
    "r2_train": 0.6257562524355054,
    "mse_test": 115.95735788945767,
    "mae_test": 5.882867342391882,
    "r2_test": -6.446003700402804
}