{
    "dataset": "663_rabe_266",
    "algorithm": "BSRRegressor",
    "params": {
        "Ops": [
            "inv",
            "ln",
            "neg",
            "sin",
            "cos",
            "exp",
            "square",
            "cubic",
            "+",
            "*"
        ],
        "alpha1": 0.4,
        "alpha2": 0.4,
        "beta": -1,
        "disp": false,
        "itrNum": 500,
        "max_time": 7200,
        "treeNum": 6,
        "val": 1000
    },
    "random_state": 23654,
    "process_time": 141091.096857322,
    "time_time": 295204.05150318146,
    "target_noise": 0.0,
    "feature_noise": 0.0,
    "model_size": 47,
    "symbolic_model": "[-0.12671688]+[0.52852498]*x[0]+x[0]+[-0.01705299]*exp((x[1])*(x[1]))+[0.08388655]*sin(exp(((x[1])^3)^2))+[-0.00050465]*((1.4584*(x[1]+-2.9107*((x[0])*(x[1])+x[0])+1.056)+-0.4942+x[0])^2+cos(cos(cos(x[0]+x[1]+x[0]))))*(x[0])+[0.23408042]*(cos(0.438*(x[0])+-2.3535)+x[1])^2+[-0.18541203]*1/[cos((sin(sin(x[1])))^2)]",
    "mse_train": 9.021056275284211,
    "mae_train": 2.387705247639425,
    "r2_train": 0.9967981877262634,
    "mse_test": 14.56321853994132,
    "mae_test": 3.0021103663069604,
    "r2_test": 0.9940228123211449
}