{
    "dataset": "663_rabe_266",
    "algorithm": "BSRRegressor",
    "params": {
        "Ops": [
            "inv",
            "ln",
            "neg",
            "sin",
            "cos",
            "exp",
            "square",
            "cubic",
            "+",
            "*"
        ],
        "alpha1": 0.4,
        "alpha2": 0.4,
        "beta": -1,
        "disp": false,
        "itrNum": 1000,
        "max_time": 7200,
        "treeNum": 6,
        "val": 500
    },
    "random_state": 15795,
    "process_time": 274069.0707381,
    "time_time": 274072.0233376026,
    "target_noise": 0.0,
    "feature_noise": 0.0,
    "model_size": 60,
    "symbolic_model": "[-0.14564298]+[1.16398604]*1/[6.0422*(exp((-(x[1]))*(x[0])))+1.7032+cos(x[1]+-(x[0]))+x[0]]+[-0.04343431]*sin(cos(-1.583*(-((x[0])^2))+-0.8317)+-0.6256*((x[0])*(((x[1])^3)*(cos(x[0]))))+0.9896)+[0.01398732]*sin(1/[0.0334*(sin(sin(x[0])+x[0]))+-9.3247])+[-0.00335988]*(x[0]+exp(sin(1/[x[0]])))^3+(4.7006*(x[1])+3.523)^2+[-0.00839921]*1/[sin(-((exp(x[1]))^3))]+[0.87385089]*2.0909*(0.7096*(1.1472*(0.6819*(x[0])+-0.1191)+0.2013)+-0.4278)+0.8381",
    "mse_train": 30.317442862747193,
    "mae_train": 4.3996407837017175,
    "r2_train": 0.9879193314876223,
    "mse_test": 44.294929597937916,
    "mae_test": 5.288872053701758,
    "r2_test": 0.9856520493111532
}