{
    "dataset": "523_analcatdata_neavote",
    "algorithm": "KernelRidge",
    "params": {
        "alpha": 1,
        "coef0": 1,
        "degree": 3,
        "gamma": 0.1,
        "kernel": "poly",
        "kernel_params": null
    },
    "random_state": 5390,
    "process_time": 0.770099748,
    "time_time": 1.8259377479553223,
    "target_noise": 0.0,
    "feature_noise": 0.0,
    "model_size": 75,
    "symbolic_model": "not implemented",
    "mse_train": 1.1041397035480855,
    "mae_train": 0.7563811110893487,
    "r2_train": 0.9279958978800549,
    "mse_test": 0.544678379805512,
    "mae_test": 0.6261375503223543,
    "r2_test": 0.9646349483296858
}