{
    "dataset": "523_analcatdata_neavote",
    "algorithm": "KernelRidge",
    "params": {
        "alpha": 0.01,
        "coef0": 1,
        "degree": 3,
        "gamma": 1,
        "kernel": "poly",
        "kernel_params": null
    },
    "random_state": 23654,
    "process_time": 0.7659686470000002,
    "time_time": 1.3867905139923096,
    "target_noise": 0.0,
    "feature_noise": 0.0,
    "model_size": 75,
    "symbolic_model": "not implemented",
    "mse_train": 0.732102413317442,
    "mae_train": 0.5426156445902419,
    "r2_train": 0.9541794503982174,
    "mse_test": 2.4595577972634537,
    "mae_test": 0.7410184205520318,
    "r2_test": 0.8207528424335753
}