{
    "dataset": "523_analcatdata_neavote",
    "algorithm": "KernelRidge",
    "params": {
        "alpha": 0.0001,
        "coef0": 1,
        "degree": 3,
        "gamma": 0.01,
        "kernel": "rbf",
        "kernel_params": null
    },
    "random_state": 4426,
    "process_time": 0.7970181869999999,
    "time_time": 2.147096633911133,
    "target_noise": 0.0,
    "feature_noise": 0.0,
    "model_size": 75,
    "symbolic_model": "not implemented",
    "mse_train": 0.7539542229647775,
    "mae_train": 0.5675577005463613,
    "r2_train": 0.9505965180539482,
    "mse_test": 0.8155416160208169,
    "mae_test": 0.6975890273001277,
    "r2_test": 0.9488547551662643
}