{
    "dataset": "523_analcatdata_neavote",
    "algorithm": "KernelRidge",
    "params": {
        "alpha": 0.0001,
        "coef0": 1,
        "degree": 3,
        "gamma": 10,
        "kernel": "rbf",
        "kernel_params": null
    },
    "random_state": 28020,
    "process_time": 0.775264277,
    "time_time": 2.4070565700531006,
    "target_noise": 0.0,
    "feature_noise": 0.0,
    "model_size": 75,
    "symbolic_model": "not implemented",
    "mse_train": 0.6463230745368361,
    "mae_train": 0.5080216805127865,
    "r2_train": 0.9589312808473441,
    "mse_test": 0.9341450729559753,
    "mae_test": 0.6539704921877274,
    "r2_test": 0.9375571475296808
}