{
    "dataset": "523_analcatdata_neavote",
    "algorithm": "KernelRidge",
    "params": {
        "alpha": 0.0001,
        "coef0": 1,
        "degree": 3,
        "gamma": 0.1,
        "kernel": "sigmoid",
        "kernel_params": null
    },
    "random_state": 21962,
    "process_time": 0.8750021920000002,
    "time_time": 1.8392016887664795,
    "target_noise": 0.0,
    "feature_noise": 0.0,
    "model_size": 75,
    "symbolic_model": "not implemented",
    "mse_train": 0.726175689686975,
    "mae_train": 0.537202115814774,
    "r2_train": 0.9531813692949908,
    "mse_test": 0.6945685826146221,
    "mae_test": 0.5810521147353575,
    "r2_test": 0.9547051999025314
}