{
    "dataset": "523_analcatdata_neavote",
    "algorithm": "KernelRidge",
    "params": {
        "alpha": 0.01,
        "coef0": 1,
        "degree": 3,
        "gamma": 0.01,
        "kernel": "sigmoid",
        "kernel_params": null
    },
    "random_state": 29910,
    "process_time": 0.787337921,
    "time_time": 1.8984341621398926,
    "target_noise": 0.0,
    "feature_noise": 0.0,
    "model_size": 75,
    "symbolic_model": "not implemented",
    "mse_train": 0.838764791705426,
    "mae_train": 0.6688370120897914,
    "r2_train": 0.9466066276612306,
    "mse_test": 1.3603937398950967,
    "mae_test": 0.6576340775986003,
    "r2_test": 0.910556902226548
}