{
    "dataset": "556_analcatdata_apnea2",
    "algorithm": "FFXRegressor",
    "params": {},
    "random_state": 29910,
    "process_time": 144.064075272,
    "time_time": 63.579657554626465,
    "target_noise": 0.0,
    "feature_noise": 0.0,
    "model_size": 410,
    "symbolic_model": "1.50 + 93.9*max(0,X1-1.02) * max(0,X0-1.06) - 16.2*abs(X0) * max(0,X1-1.02) + 15.0*max(0,0.673-X0) * max(0,X1-1.02) - 14.4*max(0,X2-1.18) * max(0,X0-1.06) - 12.7*max(0,X2-1.18) * max(0,X1-1.02) - 12.5*abs(X1) * max(0,X0-1.06) + 10.4*max(0,0.642-X1) * max(0,X0-1.06) - 8.01*max(0,X1+0.110) * max(0,X0-1.06) - 7.60*abs(X0) * max(0,X0-1.06) + 6.26*max(0,X2-0.735) * max(0,X0-1.06) + 5.75*max(0,X2-0.735) * max(0,X1-1.02) - 4.61*max(0,X1+0.110) * max(0,X1-1.02) + 3.56*max(0,X0-1.06) - 3.17*max(0,0.642-X1) + 3.15*abs(X1) * abs(X0) - 2.82*max(0,0.673-X0) * abs(X1) - 2.77*max(0,0.642-X1) * abs(X0) + 2.73*abs(X0) * max(0,X2-1.18) + 2.68*max(0,0.642-X1) * max(0,0.673-X0) + 2.57*abs(X1) * max(0,X2-1.18) - 2.51*max(0,0.673-X0) * max(0,X2-1.18) - 2.19*max(0,0.642-X1) * max(0,X2-1.18) + 1.90*abs(X0) + 1.55*abs(X1) + 1.36*max(0,X2-1.18) - 1.22*max(0,X2-0.735) * abs(X0) - 1.19*max(0,X2-0.735) * abs(X1) + 1.07*max(0,0.673-X0) * max(0,X2-0.735) - 1.01*max(0,0.673-X0) + 0.966*max(0,0.642-X1) * max(0,X2-0.735) + 0.899*max(0,X0+0.474) - 0.898*max(0,X1+0.486) + 0.658*max(0,0.642-X1) * abs(X1) - 0.635*max(0,X1-1.02) + 0.466*max(0,X2-0.735) * max(0,X2-1.18) - 0.358*max(0,X2-0.293) - 0.354*max(0,X0+0.0916) - 0.284*max(0,0.673-X0) * abs(X0) - 0.234*max(0,X2-0.735) - 0.113*max(0,X1+0.110) - 0.0863*max(0,0.293-X2) + 0.0537*max(0,-0.589-X2) - 0.00529*abs(X1) * max(0,X1-1.02)",
    "mse_train": 850089.3526629795,
    "mae_train": 402.37022831556004,
    "r2_train": 0.9013764860933821,
    "mse_test": 800584.3755912329,
    "mae_test": 469.0144607119959,
    "r2_test": 0.9368092353115134
}