{
    "dataset": "556_analcatdata_apnea2",
    "algorithm": "FFXRegressor",
    "params": {},
    "random_state": 16850,
    "process_time": 122.922180535,
    "time_time": 65.14276504516602,
    "target_noise": 0.0,
    "feature_noise": 0.0,
    "model_size": 353,
    "symbolic_model": "0.523 + 81.6*max(0,X0-1.04) * max(0,X1-1.09) - 16.1*abs(X0) * max(0,X1-1.09) - 14.4*abs(X1) * max(0,X0-1.04) + 13.6*max(0,0.655-X0) * max(0,X1-1.09) + 11.3*max(0,0.709-X1) * max(0,X0-1.04) - 9.02*abs(X1) * max(0,X1-1.09) - 7.16*max(0,X0-1.04) - 5.97*max(0,X1-1.09) + 3.93*max(0,X1+0.431) * max(0,X1-1.09) - 2.64*max(0,0.655-X0) * abs(X1) + 2.63*abs(X0) * abs(X1) + 2.40*max(0,0.709-X1) * max(0,0.655-X0) - 2.02*max(0,X1+0.431) * max(0,X0-1.04) - 1.77*max(0,0.709-X1) * abs(X0) - 1.67*max(0,0.655-X0) + 1.01*abs(X0) * max(0,X0-1.04) + 0.895*abs(X1) + 0.848*max(0,X1+0.431) * abs(X1) + 0.841*max(0,X1+0.431) * abs(X0) - 0.827*max(0,0.709-X1) + 0.670*max(0,X2-1.21) + 0.535*abs(X0) - 0.507*max(0,X1+0.431) * max(0,0.709-X1) - 0.340*max(0,X2-1.21) * max(0,X0-1.04) + 0.268*max(0,-0.945-X2) + 0.254*max(0,X2-1.21) * max(0,X1-1.09) - 0.146*abs(X2) + 0.131*max(0,0.655-X0) * abs(X0) + 0.122*max(0,X1+0.431) * max(0,0.655-X0) - 0.118*max(0,X2-1.21) * max(0,0.709-X1) - 0.110*max(0,X2-1.21) * max(0,X1+0.431) - 0.107*max(0,X2-1.21) * max(0,0.655-X0) + 0.0958*max(0,X1+0.431) - 0.0318*max(0,0.709-X1) * abs(X1) + 0.0127*max(0,0.348-X2) - 0.00975*max(0,X2-1.21) * abs(X1) - 0.00808*max(0,X0+0.485)",
    "mse_train": 922991.3297229065,
    "mae_train": 390.78396655525864,
    "r2_train": 0.9037632177448471,
    "mse_test": 627398.5596752261,
    "mae_test": 358.6903128622363,
    "r2_test": 0.9369368682657406
}