{
    "dataset": "556_analcatdata_apnea2",
    "algorithm": "FFXRegressor",
    "params": {},
    "random_state": 21962,
    "process_time": 121.91309464,
    "time_time": 71.53739213943481,
    "target_noise": 0.0,
    "feature_noise": 0.0,
    "model_size": 286,
    "symbolic_model": "0.247 + 93.5*max(0,X0-1.02) * max(0,X1-1.04) - 18.2*abs(X1) * max(0,X0-1.02) - 16.2*abs(X0) * max(0,X1-1.04) + 15.1*max(0,0.667-X1) * max(0,X0-1.02) + 13.5*max(0,0.646-X0) * max(0,X1-1.04) - 5.68*abs(X1) * max(0,X1-1.04) - 3.92*max(0,X0-1.02) + 2.99*abs(X0) * abs(X1) - 2.89*max(0,X0+0.489) * max(0,X1-1.04) - 2.86*max(0,0.667-X1) * abs(X0) + 2.72*max(0,0.646-X0) * max(0,0.667-X1) - 2.70*max(0,X0+0.489) * max(0,X0-1.02) - 2.22*max(0,0.646-X0) * abs(X1) + 1.85*abs(X0) - 1.60*max(0,0.646-X0) - 1.20*max(0,0.667-X1) + 0.929*max(0,X0+0.489) * abs(X1) - 0.893*max(0,X2-1.19) * max(0,X0-1.02) + 0.877*abs(X1) + 0.853*max(0,X2-1.19) + 0.527*max(0,X1+0.446) - 0.421*max(0,X2-1.19) * max(0,X1-1.04) - 0.353*abs(X0) * max(0,X0-1.02) - 0.165*max(0,X2-1.19) * max(0,0.646-X0) - 0.144*max(0,X2-0.326) - 0.138*max(0,0.667-X1) * abs(X1) - 0.109*max(0,0.646-X0) * abs(X0) - 0.0891*max(0,X2-1.19) * max(0,0.667-X1) - 0.0211*abs(X2) - 0.0200*max(0,X2-1.19) * abs(X1)",
    "mse_train": 796454.3458428677,
    "mae_train": 356.03411217742416,
    "r2_train": 0.910465867679041,
    "mse_test": 1005418.0359195386,
    "mae_test": 465.9140847896092,
    "r2_test": 0.9157542388990177
}