{
    "dataset": "556_analcatdata_apnea2",
    "algorithm": "FFXRegressor",
    "params": {},
    "random_state": 23654,
    "process_time": 166.330871267,
    "time_time": 94.66539788246155,
    "target_noise": 0.0,
    "feature_noise": 0.0,
    "model_size": 348,
    "symbolic_model": "0.150 + 78.9*max(0,X1-1.06) * max(0,X0-1.05) - 15.7*abs(X1) * max(0,X0-1.05) - 13.4*abs(X0) * max(0,X1-1.06) + 12.8*max(0,0.677-X1) * max(0,X0-1.05) + 11.4*max(0,0.670-X0) * max(0,X1-1.06) - 7.39*abs(X0) * max(0,X0-1.05) - 5.38*max(0,X1-1.06) - 4.87*max(0,X0-1.05) + 2.39*abs(X1) * abs(X0) - 2.35*max(0,0.677-X1) * abs(X0) - 2.29*max(0,X0+0.465) * max(0,X1-1.06) + 2.28*max(0,0.677-X1) * max(0,0.670-X0) - 2.00*max(0,0.677-X1) + 1.73*abs(X0) - 1.69*max(0,0.670-X0) * abs(X1) + 1.54*max(0,X0+0.465) * max(0,X0-1.05) - 1.15*max(0,X2-1.21) * max(0,X1-1.06) + 1.00*max(0,X0+0.465) * abs(X1) + 0.934*max(0,X2-1.21) - 0.759*max(0,X2-1.21) * max(0,X0-1.05) + 0.684*max(0,X0+0.465) * abs(X0) + 0.656*max(0,X0+0.465) * max(0,0.670-X0) - 0.566*max(0,0.670-X0) * abs(X0) - 0.425*max(0,X1+0.463) + 0.380*abs(X1) - 0.332*max(0,0.670-X0) + 0.308*max(0,0.677-X1) * abs(X1) + 0.301*max(0,X0+0.465) - 0.256*max(0,X2-0.339) + 0.229*max(0,X2-1.21) * abs(X1) + 0.177*max(0,X1+0.0830) - 0.159*max(0,0.677-X1) * max(0,X2-1.21) - 0.151*max(0,X2-1.21) * max(0,0.670-X0) - 0.0364*max(0,-0.535-X2) - 0.0281*max(0,X2-1.21) * abs(X0) + 0.0276*max(0,X2+0.535) - 0.0266*abs(X1) * max(0,X1-1.06)",
    "mse_train": 1001095.3423351612,
    "mae_train": 416.2323536131518,
    "r2_train": 0.9036721283501307,
    "mse_test": 397214.148544647,
    "mae_test": 353.5259316691997,
    "r2_test": 0.9471982859959436
}