{
    "dataset": "556_analcatdata_apnea2",
    "algorithm": "FFXRegressor",
    "params": {},
    "random_state": 15795,
    "process_time": 123.59310723200001,
    "time_time": 72.02243256568909,
    "target_noise": 0.0,
    "feature_noise": 0.0,
    "model_size": 268,
    "symbolic_model": "-0.246 + 98.0*max(0,X1-1.06) * max(0,X0-1.03) - 19.4*abs(X0) * max(0,X1-1.06) + 15.4*max(0,0.651-X0) * max(0,X1-1.06) - 14.3*max(0,X1+0.114) * max(0,X0-1.03) - 8.81*abs(X1) * max(0,X0-1.03) - 6.85*abs(X1) * max(0,X1-1.06) + 6.30*max(0,0.666-X1) * max(0,X0-1.03) + 3.94*max(0,X1+0.114) * abs(X0) - 3.54*abs(X0) * max(0,X0-1.03) + 1.92*max(0,X1+0.114) - 1.90*abs(X1) * max(0,0.651-X0) - 1.81*max(0,0.666-X1) * max(0,X1+0.114) + 1.67*max(0,0.666-X1) * max(0,0.651-X0) - 1.62*max(0,X1+0.114) * max(0,0.651-X0) + 1.13*abs(X1) * abs(X0) - 0.742*max(0,X0+0.482) * max(0,X1-1.06) - 0.626*max(0,0.651-X0) + 0.626*max(0,X0-1.03) + 0.599*abs(X1) - 0.519*max(0,0.666-X1) - 0.466*max(0,0.666-X1) * abs(X0) + 0.456*max(0,X2-1.22) - 0.350*abs(X0) + 0.255*max(0,X0+0.482) * abs(X0) + 0.247*max(0,X0+0.482) * max(0,X0-1.03) + 0.231*max(0,X0+0.482) - 0.0982*abs(X2) - 0.0736*max(0,X1-1.06) + 0.0636*max(0,0.346-X2)",
    "mse_train": 849673.1483690101,
    "mae_train": 360.17663687158705,
    "r2_train": 0.9071879247051292,
    "mse_test": 840245.5769711967,
    "mae_test": 451.25597148195817,
    "r2_test": 0.9251792727705275
}