{
    "dataset": "556_analcatdata_apnea2",
    "algorithm": "FFXRegressor",
    "params": {},
    "random_state": 4426,
    "process_time": 121.33182092400001,
    "time_time": 66.65862989425659,
    "target_noise": 0.0,
    "feature_noise": 0.0,
    "model_size": 268,
    "symbolic_model": "0.366 + 80.0*max(0,X1-1.12) * max(0,X0-1.05) - 15.5*abs(X1) * max(0,X0-1.05) - 15.2*abs(X0) * max(0,X1-1.12) + 13.3*max(0,0.680-X0) * max(0,X1-1.12) + 12.6*max(0,0.737-X1) * max(0,X0-1.05) - 5.35*abs(X1) * max(0,X1-1.12) - 3.21*max(0,X0+0.439) * max(0,X0-1.05) + 3.01*abs(X0) * abs(X1) - 2.51*max(0,0.680-X0) * abs(X1) - 2.35*max(0,0.737-X1) * abs(X0) + 2.16*max(0,0.680-X0) * max(0,0.737-X1) + 1.32*abs(X1) + 1.29*abs(X0) - 1.24*max(0,0.737-X1) - 1.18*max(0,0.680-X0) - 1.11*max(0,X0-1.05) - 0.701*max(0,X2-1.19) * max(0,X0-1.05) + 0.568*max(0,X2-1.19) - 0.454*abs(X0) * max(0,X0-1.05) + 0.287*max(0,X1+0.0355) - 0.278*max(0,X1-1.12) + 0.198*max(0,X0+0.439) - 0.190*max(0,X2-1.19) * max(0,0.680-X0) - 0.0894*max(0,X2-1.19) * abs(X1) - 0.0644*max(0,-0.562-X2) - 0.0633*max(0,X2-1.19) * abs(X0) - 0.0556*max(0,X2+0.562) + 0.0357*max(0,0.737-X1) * abs(X1) + 0.0206*max(0,X2-1.19) * max(0,0.737-X1)",
    "mse_train": 835784.4119299359,
    "mae_train": 369.61279041821814,
    "r2_train": 0.9198008353421893,
    "mse_test": 894496.6105658789,
    "mae_test": 350.0656913073535,
    "r2_test": 0.87951732988237
}