{
    "dataset": "556_analcatdata_apnea2",
    "algorithm": "FFXRegressor",
    "params": {},
    "random_state": 860,
    "process_time": 120.766514727,
    "time_time": 77.88381719589233,
    "target_noise": 0.0,
    "feature_noise": 0.0,
    "model_size": 356,
    "symbolic_model": "-0.222 + 133*max(0,X0-1.01) * max(0,X1-1.06) - 35.2*max(0,X0+0.136) * max(0,X1-1.06) - 34.8*max(0,X1+0.0558) * max(0,X0-1.01) - 11.1*max(0,X0-1.01) - 10.7*max(0,X2-1.23) * max(0,X0-1.01) - 10.6*max(0,X2-1.23) * max(0,X1-1.06) + 9.24*max(0,X0+0.136) * max(0,X1+0.0558) + 8.51*max(0,X0+0.136) * max(0,X0-1.01) + 5.95*max(0,X1-1.06) - 5.40*max(0,-0.428-X1) * max(0,X0-1.01) - 4.32*max(0,-0.136-X0) * max(0,X1-1.06) + 2.91*max(0,X2-0.362) * max(0,X1-1.06) + 2.82*max(0,X2-0.362) * max(0,X0-1.01) + 2.64*max(0,X2-1.23) * max(0,X1+0.0558) + 2.45*max(0,X2-1.23) * max(0,X0+0.136) - 2.30*max(0,X1+0.0558) * max(0,X1-1.06) + 1.50*max(0,-0.428-X1) * max(0,X0+0.136) + 1.28*max(0,X2-1.23) + 1.20*max(0,-0.136-X0) * max(0,X1+0.0558) - 1.15*max(0,X2-0.362) * max(0,X2-1.23) - 0.706*max(0,X2-0.362) * max(0,X1+0.0558) + 0.679*max(0,-0.136-X0) * max(0,-0.428-X1) - 0.664*max(0,X1+0.0558) - 0.653*max(0,X2-0.362) * max(0,X0+0.136) - 0.598*max(0,-0.428-X1) - 0.516*max(0,X0+0.136) + 0.298*max(0,-0.0558-X1) + 0.297*max(0,-0.945-X2) - 0.222*max(0,-0.509-X2) - 0.192*max(0,-0.136-X0) * max(0,X2-1.23) - 0.0926*max(0,-0.428-X1) * max(0,X2-1.23) - 0.0919*max(0,-0.136-X0) - 0.0363*max(0,-0.517-X0) + 0.00393*max(0,X2-0.362) + 0.00154*max(0,X2+0.509)",
    "mse_train": 947874.179836666,
    "mae_train": 472.93316947421914,
    "r2_train": 0.8976937286853675,
    "mse_test": 443298.22235849977,
    "mae_test": 379.7235019776515,
    "r2_test": 0.959419770001205
}