{
    "dataset": "556_analcatdata_apnea2",
    "algorithm": "FFXRegressor",
    "params": {},
    "random_state": 14423,
    "process_time": 123.442382624,
    "time_time": 66.31104373931885,
    "target_noise": 0.0,
    "feature_noise": 0.0,
    "model_size": 324,
    "symbolic_model": "0.560 + 82.7*max(0,X1-1.09) * max(0,X0-1.04) - 15.7*abs(X0) * max(0,X1-1.09) - 15.7*abs(X1) * max(0,X0-1.04) + 14.0*max(0,0.669-X0) * max(0,X1-1.09) + 14.0*max(0,0.697-X1) * max(0,X0-1.04) - 8.36*max(0,X1-1.09) - 6.61*abs(X0) * max(0,X0-1.04) + 3.04*abs(X1) * abs(X0) - 2.62*max(0,0.697-X1) * abs(X0) - 2.61*max(0,0.669-X0) * abs(X1) + 2.43*max(0,0.669-X0) * max(0,0.697-X1) - 1.75*max(0,X2-1.20) * max(0,X0-1.04) - 1.52*max(0,0.697-X1) + 1.45*abs(X0) + 1.41*abs(X1) - 1.30*max(0,0.669-X0) + 0.637*max(0,X2-1.20) + 0.553*max(0,-0.977-X2) * max(0,X1-1.09) - 0.382*max(0,X2-1.20) * max(0,X1-1.09) - 0.381*max(0,X2-1.20) * max(0,0.669-X0) - 0.334*abs(X1) * max(0,X1-1.09) + 0.298*max(0,X0+0.0820) + 0.277*max(0,X2-1.20) * abs(X0) + 0.229*max(0,-0.977-X2) * max(0,0.697-X1) + 0.220*max(0,X1+0.0832) - 0.199*max(0,X0-1.04) + 0.175*max(0,X0+0.458) - 0.146*max(0,-0.977-X2) * abs(X1) - 0.121*abs(X2) + 0.0973*max(0,-0.977-X2) * abs(X0) - 0.0849*max(0,X2-1.20) * max(0,0.697-X1) + 0.0844*max(0,0.697-X1) * abs(X1) + 0.0831*max(0,-0.977-X2) + 0.0698*max(0,X2-1.20) * abs(X1) - 0.0137*max(0,0.328-X2)",
    "mse_train": 774521.0585079403,
    "mae_train": 365.13918897004964,
    "r2_train": 0.9163225122320049,
    "mse_test": 1097650.7139430917,
    "mae_test": 443.84228548147183,
    "r2_test": 0.8995333815344441
}