{
    "dataset": "556_analcatdata_apnea2",
    "algorithm": "FFXRegressor",
    "params": {},
    "random_state": 5390,
    "process_time": 109.082635197,
    "time_time": 55.0537326335907,
    "target_noise": 0.0,
    "feature_noise": 0.0,
    "model_size": 263,
    "symbolic_model": "-0.490 + 138*max(0,X1-0.985) * max(0,X0-1.04) - 35.9*max(0,X1+0.153) * max(0,X0-1.04) - 35.7*max(0,X0+0.0899) * max(0,X1-0.985) + 9.25*max(0,X1+0.153) * max(0,X0+0.0899) - 6.74*max(0,X1-0.985) + 5.56*max(0,X1+0.153) * max(0,X1-0.985) - 4.61*max(0,-0.532-X1) * max(0,X0-1.04) - 4.04*max(0,-0.465-X0) * max(0,X1-0.985) + 3.44*max(0,X0-1.04) - 1.29*max(0,X2-1.20) * max(0,X0-1.04) - 1.19*max(0,X2-1.20) * max(0,X1-0.985) - 1.01*max(0,X0+0.0899) * max(0,X0-1.04) + 0.982*max(0,-0.532-X1) * max(0,X0+0.0899) + 0.906*max(0,-0.465-X0) * max(0,X1+0.153) + 0.421*max(0,-0.0899-X0) - 0.368*max(0,X0+0.0899) - 0.360*max(0,-0.532-X1) * max(0,X2-1.20) + 0.332*max(0,-0.153-X1) - 0.327*max(0,X1+0.153) - 0.295*max(0,-0.465-X0) - 0.274*max(0,-0.465-X0) * max(0,X2-1.20) + 0.256*max(0,X2-1.20) * max(0,X0+0.0899) + 0.191*max(0,X2-1.20) + 0.189*max(0,X2-1.20) * max(0,X1+0.153) - 0.142*max(0,-0.532-X1) + 0.0121*max(0,-0.0858-X2)",
    "mse_train": 927939.3950389466,
    "mae_train": 481.42503086095115,
    "r2_train": 0.8873731487584952,
    "mse_test": 1039222.8867436812,
    "mae_test": 521.8466114864998,
    "r2_test": 0.9253797213102741
}