{
    "dataset": "556_analcatdata_apnea2",
    "algorithm": "FFXRegressor",
    "params": {},
    "random_state": 28020,
    "process_time": 114.467789748,
    "time_time": 66.85681295394897,
    "target_noise": 0.0,
    "feature_noise": 0.0,
    "model_size": 325,
    "symbolic_model": "-0.209 + 128*max(0,X1-1.05) * max(0,X0-1.09) - 34.0*max(0,X1+0.0849) * max(0,X0-1.09) - 33.7*max(0,X0+0.0552) * max(0,X1-1.05) - 12.3*max(0,X2-1.20) * max(0,X0-1.09) + 8.99*max(0,X1+0.0849) * max(0,X0+0.0552) - 8.44*max(0,X1-1.05) + 7.31*max(0,X1+0.0849) * max(0,X1-1.05) - 4.16*max(0,-0.0849-X1) * max(0,X0-1.09) + 3.82*max(0,X0-1.09) - 3.72*max(0,-0.0552-X0) * max(0,X1-1.05) + 3.44*max(0,X2-0.332) * max(0,X0-1.09) + 3.00*max(0,X2-1.20) * max(0,X0+0.0552) - 1.48*max(0,X2-1.20) * max(0,X1-1.05) + 1.14*max(0,-0.0849-X1) * max(0,X0+0.0552) + 1.07*max(0,-0.0552-X0) * max(0,X1+0.0849) - 0.886*max(0,X0+0.0552) * max(0,X0-1.09) - 0.860*max(0,X2-0.332) * max(0,X0+0.0552) - 0.753*max(0,X1+0.0849) - 0.666*max(0,X0+0.0552) + 0.429*max(0,X2-0.332) * max(0,X1-1.05) + 0.416*max(0,-0.0849-X1) * max(0,-0.0552-X0) + 0.358*max(0,X2-1.20) - 0.169*max(0,-0.0849-X1) * max(0,X2-1.20) - 0.167*max(0,X2-0.332) - 0.140*max(0,-0.0849-X1) - 0.107*max(0,-0.437-X0) - 0.0671*max(0,-0.0552-X0) + 0.0653*max(0,X2+0.539) - 0.0569*max(0,-0.0552-X0) * max(0,X2-1.20) - 0.0326*max(0,X2-1.20) * max(0,X1+0.0849) - 0.00566*max(0,-0.974-X2) + 0.00564*max(0,-0.464-X1)",
    "mse_train": 936691.296700122,
    "mae_train": 429.8547876767664,
    "r2_train": 0.9085745120337166,
    "mse_test": 497899.64533391496,
    "mae_test": 368.11871531082437,
    "r2_test": 0.9375779755970101
}