{
    "dataset": "678_visualizing_environmental",
    "algorithm": "sembackpropgp",
    "params": {
        "caching": false,
        "classweights": false,
        "elitism": 1,
        "erc": true,
        "evaluations": 500000,
        "functions": "+_-_*_aq_plog_sin_cos",
        "generations": -1,
        "gomea": false,
        "gomfos": "LT",
        "ims": false,
        "initmaxtreeheight": 6,
        "linearscaling": true,
        "maxsize": 5000,
        "maxtreeheight": 20,
        "parallel": false,
        "popsize": 1000,
        "prob": "symbreg",
        "reproduction": 0.0,
        "sbagx": false,
        "sblibtype": "p_10_9999_l_n",
        "sbrdo": 0.9,
        "seed": -1,
        "silent": true,
        "subcross": 0.0,
        "submut": 0.1,
        "syntuniqinit": 1000,
        "time": 7200,
        "tournament": 8,
        "unifdepthvar": true
    },
    "random_state": 23654,
    "process_time": 56191.955284917,
    "time_time": 56193.13400840759,
    "target_noise": 0.0,
    "feature_noise": 0.0,
    "model_size": 550,
    "symbolic_model": "1161472.367907+-0.236777*(((-2.334000*((((((sin(((-10.695000*x2)+plog(x0)))*0.751000)+(-14.947000+(0.653592*sin(cos((x2*12.723000))))))*-1.314579)+(-15.271000+((sin(x0)aqsin(((((x0--9.782000)*plog(x2))-x0)aqx1)))aq11.013000)))-x0)-((((((1.683014*sin((x1+x2)))+-27.424647)-x0)-cos(x1))*-0.500631)+12.269000)))+((1.052783*(((19.669532*sin(cos(((((x2aqsin(x2))aqcos(plog(x1)))+x1)*12.723000))))*0.065069)+((((11921517736821272.000000*(x1-(x1+-0.274146)))+-3268232373572933.000000)*1.185499)+((sin(((-10.695000*x0)+plog(x0)))*1.085102)+-3.594000))))+((((1.133910*(((19.669532*sin(cos(((((x2aqsin(x2))aqcos(plog(x1)))+x1)*12.723000))))*0.065069)+(2.275747+(-1.692322*sin(cos(((((x2aqsin(x2))aqcos(plog(x0)))+x1)*12.723000)))))))+254.210577)+cos(cos((x1-(x2*(x0+x0))))))+(2.152374*((0.027458*(((-24.963062*cos(plog(((plog(x2)-x2)*(sin(x1)-(x0--15.863000))))))+plog(x0))+(19.669532*((((-3.930838*cos(((((x2aqsin(x2))aqcos(plog(sin((x2aqx1)))))+x1)*cos(x1))))+-2.441000)+(-1.434944*(sin(x2)aqx2)))+(plog(cos(sin((x2-x0))))*4.475928)))))+((((-0.020000*((-24.963062*cos(plog(((plog(x2)-x2)*((x2*x0)+(sin(sin(sin(x1)))+x2))))))+x0))+((0.331221*cos((((x1aqcos(plog(x1)))+x1)*12.723000)))+-11.058414))*1.026699)+((585.246249*(((-0.000560*cos(((((x2aqsin(x2))aqcos(plog((x1aqx1))))+x2)*12.723000)))+801.518780)+(((((plog(x2)-x2)*((x2*x0)+(((x2*x0)*-0.999379)+-0.001619)))*0.130156)+(x2-x2))+((cos(((((x1-x2)aqcos(plog(x1)))+x1)*12.723000))*-0.000652)+-281.376573))))+((781.829265*(((cos(((((x2aqsin(x2))aqcos((x2-cos(x2))))+x1)*12.723000))*-0.000318)+(((cos((x2*(x2+-12.936000)))*0.000378)+-1120.311334)+(((11921517736821272.000000*(x1-(x1+-0.274146)))+-3268232373572933.000000)*0.000361)))+((2761.393636+(cos(((((x2aqcos(cos(x2)))aqplog(x0))+x1)*12.723000))*0.000500))+((((x2aqx0)aqcos(x2))+(plog(cos(((x2-x0)-(x1+17.473000))))*x1))*-0.000371))))+((617.061897*((cos(((((x2aqsin(x2))aqcos((x2-cos(x2))))+x1)*12.723000))*-0.000318)+(1120.422717+(-0.000479*cos(((((x1-x2)aqcos(plog((-11.793000-x2))))+sin((12.240000*16.241000)))*12.723000))))))+(cos((sin(x1)aqx0))+((((11921517736821272.000000*(x1-(x1+-0.274146)))+-3268232373572933.000000)*((((11921517736821272.000000*(x1-(x1+-0.274146)))+(-4620447482114612.000000+(0.250210*5404319552844595.000000)))*1.847460)+((0.163913*cos(plog(x1)))+38.202798)))*((-0.000209*cos((((plog((-4.945000--5.006000))aqplog(x0))+x1)*12.723000)))+(-0.057451+((0.000131*plog(cos((((x2+-9.426000)-x0)-x0))))+(((0.000148*cos((17.509000*(5.018000-x2))))+(((x1+x0)*0.000058)+0.000004))+((-0.000120*sin((12.240000*x1)))+(0.000016+((x2aqx2)*-0.000061)))))))))))))))))))",
    "mse_train": 0.49732984514864204,
    "mae_train": 0.5042372095800285,
    "r2_train": 0.963768382394617,
    "mse_test": 17.02673114719147,
    "mae_test": 3.4402842536816154,
    "r2_test": -0.9014525452406643
}