{
    "dataset": "678_visualizing_environmental",
    "algorithm": "sembackpropgp",
    "params": {
        "caching": false,
        "classweights": false,
        "elitism": 1,
        "erc": true,
        "evaluations": 500000,
        "functions": "+_-_*_aq_plog_sin_cos",
        "generations": -1,
        "gomea": false,
        "gomfos": "LT",
        "ims": false,
        "initmaxtreeheight": 6,
        "linearscaling": true,
        "maxsize": 1000,
        "maxtreeheight": 20,
        "parallel": false,
        "popsize": 1000,
        "prob": "symbreg",
        "reproduction": 0.0,
        "sbagx": false,
        "sblibtype": "p_10_9999_l_n",
        "sbrdo": 0.9,
        "seed": -1,
        "silent": true,
        "subcross": 0.0,
        "submut": 0.1,
        "syntuniqinit": 1000,
        "time": 7200,
        "tournament": 8,
        "unifdepthvar": true
    },
    "random_state": 5390,
    "process_time": 54303.902375952995,
    "time_time": 54304.3842689991,
    "target_noise": 0.0,
    "feature_noise": 0.0,
    "model_size": 847,
    "symbolic_model": "129.301585+-0.023919*((((sin(cos((plog(x1)+((x1-(x2+(x2-(cos(sin(((plog(x2)-(x2+3.183000))-cos(sin(plog(x0))))))-x2))))*x0))))+(-16.675983*(x1*sin(sin((-9.163000*x0))))))+(((0.666502*(((0.145644*((((((x1+9.339000)*plog(x0))*((x1+x1)*plog(x0)))*plog(cos((x2-x1))))aq((((5.143000+x1)-plog(x1))-((x0*x1)aqcos(cos(3.196000))))-(cos((-2.668000aqplog(x0)))-((x1*x1)-(-9.410000*x2)))))-plog(x0)))+2.885423)+x0))+12.896026)*(((sin(x2)-(x2+x0))*-0.798186)+(13.981348+(0.739412*(1.068125+((sin((cos(plog(17.907000))+((5.115000+x1)+(-12.227000*x2))))*(cos(((x2+cos(-8.986000))+(x2+cos(cos(x0)))))+(((14.122000aqx1)-(11.180000+-4.187000))+plog(((x1aq((x2+x0)aqx1))aqx2)))))*-0.159038)))))))+(((((((x2aqplog(sin(((((x2+x1)aq(plog(-5.567000)*cos(x0)))-x0)*-4.684000))))aq-8.524000)*1.868373)+(82.237739+(sin((x0*-13.192000))*-0.544125)))*15.985000)+plog(sin((((x1+((sin(x0)*-10.916000)+(-12.328000+(x0-x1))))*-16.919000)-(x0*x2)))))+(13.781808*((((plog(plog(cos((-17.014000aqx2))))*-0.330731)+14.121339)+(0.000255*(plog(((sin(sin(x2))+((sin((cos(plog(17.907000))+((5.115000+x1)+(-12.227000*x2))))*(178812971101.153809+(((14.122000aqx1)-x0)+plog(cos(4.059000)))))*-0.116422))+5.616267))*2467.614669)))+(6.446000+(-0.123888*(((-2673.256294+(plog((((0.116422*(sin((cos(plog(17.907000))+((x2+x1)+(-12.227000*x2))))*((2262968706999739103838262685750839655905618657674979449100690972461098382094722653461229324236021528117594659225600.000000*((x2+-1.040000)*cos(x2)))+-525511821965934314974767627167202242605133596879064535155622430801874922116226864605161806280809067884846344306688.000000)))+-8543948143683640329580086824678208458410818089426611079788166431288878903122562200091848347746304.000000)+5.616267))*4.413353))+(((-0.143092*(((plog(sin((x0+(x0+x0))))*-3.069106)+(sin(x1)aq((x1-(sin(x1)aq(sin(x1)+x2)))aqx0)))+(((((((x2*x0)*-0.195240)+-164.241409)+(-0.546625*sin((x2*-13.192000))))+82.096399)*0.995427)*-8.794330)))*-5.306124)+(((x2*(x1*(((-852255.053482+(plog((x2-x1))*-2754300.963015))*cos((((x0*x1)+x1)+x1)))+((((-727.999887+(x2*3358.113577))+-3554.870150)*((sin(x1)aqsin(x2))*plog(x0)))+-23.829678))))*-0.000003)+((sin((x0*(15.142000-x2)))*-5.752506)+(-311.914983+((x2+(-0.644193+(-1.286320*(x2aqcos(x1)))))*-27.816696))))))+((((-2181.143759*((0.000000*(((x0+sin(x2))+((9180401.671240+(-14281685.123183*(x2*x2)))*-2754300.963015))*cos((((x0*x1)+x1)+(plog(plog(x0))+(cos(-11.634000)+x1))))))+(0.412214+(((-0.000001+((x2aqx0)*0.000010))*plog(x0))*136.728979))))+sin(x0))+(-3075.421535*(((x2*(((((657.994380*plog(x2))+305.439029)*((-21.900022aqsin(x2))*plog(x0)))*0.000000)+-0.000059))*4.477708)+((-0.743001+(-0.000000*(sin((cos(plog(17.907000))+((5.115000+x1)+(17.195000*x2))))*(178812971101.153809+(((0.000000aqx1)-(11.180000+0.000000))+plog(cos(4.059000)))))))+(-0.000000*(((855743.790244+(-9770.272785*sin((-17.558000*x2))))+((9180401.671240+(-14281685.123183*(x2*x2)))*-2754300.963015))*cos((((x0*x1)+x1)+(plog(plog(x0))+(cos(x0)+1.847400))))))))))+((plog(((5.715726+(2.941138+(sin((sin(x0)+((5.115000+x1)+(-12.227000*x2))))*-62453056015.255852)))+5.616267))*4.279665)+(((((-2218.503299+(-3.374322*cos((((x0--13.192000)aq(x2+x2))*(-3.404000+x0)))))+(2.777288*cos((((29.969215*x1)+x1)+(plog(plog(x0))+(cos(cos(x1))+(2.299000aqx0)))))))+(-0.000000*((1591.621947*(-9151556028946.023438+(((0.000000aq-11.433000)+sin(x0))*17942516017.250854)))+(((((x1*x0)*(6.629000*x2))*-2378019731068.420898)+-30111037767129.347656)+(44763412120811.593750*plog(cos((-17.014000aqx2))))))))+((x1*((((852257.953853+(-16.744000*(0.000000aqx1)))+(852257.953932+((0.000000*0.000000)+-4.439100)))*cos((((6.187000*cos(-5.950000))*x1)-(x1*-11.510000))))+(((-31146642.327423*cos((-17.014000aqx2)))+-16177768.621397)+((869926.521116+(566500.845214*(x0-(x0*x1))))*(x2+plog((cos(x1)+0.000000)))))))*0.000000))+((((plog(sin((x0+(0.000000+x0))))*-3.069106)+-1529.009845)+((((82.239583+((-0.195240*(x2*x0))+-164.241409))+82.096399)*x0)*-8.794330))*(((sin((cos(plog(17.907000))+((x2+x1)+(-12.227000*x2))))*((-2262968706999739650650943881503820749031175437080320787393048695764207488537374255949479124080002333995888914989056.000000*((x2+-0.586235)*cos(x2)))+(-2186360769342217630130128602556628246845675782052561390326900818923765184266708495372697903668999989682078344019968.000000+(x0+(971752059505917253758065447310558288823985991073703950778566305553848407680011712724856916038211029111379211583488.000000*(x2*x2))))))*-0.000000)+(((((0.195349*(x2*x0))+328.894904)+(-0.546625*sin((x2*-13.192000))))*0.003481)+((((((x1+9.339000)*plog(x0))*((x1+x1)*plog(x0)))*plog(cos((x2-10.909000))))*-0.000012)+((0.001314*cos((12.882000*plog(x2))))+((0.001281*sin((x0*17.458000)))+(-0.425988+(0.000398*(x2*x2))))))))))))))))))))",
    "mse_train": 0.33442422681557427,
    "mae_train": 0.4585397308034912,
    "r2_train": 0.9748597666102861,
    "mse_test": 19.223839841152287,
    "mae_test": 3.553229000621891,
    "r2_test": -0.9152238467270353
}