{
    "dataset": "228_elusage",
    "algorithm": "FFXRegressor",
    "params": {},
    "random_state": 4426,
    "process_time": 66.12127653,
    "time_time": 88.51519012451172,
    "target_noise": 0.0,
    "feature_noise": 0.0,
    "model_size": 641,
    "symbolic_model": "-1.79 - 32.3*max(0,-1.32-X0) * max(0,-0.896-X1) - 17.7*max(0,-1.32-X0) * max(0,-0.464-X1) - 15.9*X0 * max(0,X1-1.26) + 11.6*max(0,-1.32-X0) * max(0,-0.827-X0) - 9.15*max(0,-0.827-X0) * max(0,X1-1.26) + 8.68*max(0,-1.32-X0) * max(0,0.155-X0) - 6.85*max(0,-1.32-X0) * abs(X0) - 6.45*max(0,-1.32-X0) * X0 - 6.09*max(0,-0.336-X0) - 5.80*max(0,X1-0.399) * max(0,-0.827-X0) + 5.77*max(0,-0.896-X1) * max(0,-0.827-X0) + 5.30*max(0,-0.0325-X1) * max(0,X0-0.155) - 4.51*max(0,X1-1.26) + 4.00*max(0,-0.896-X1) * X0 + 3.98*max(0,-0.896-X1) - 3.71*max(0,-0.0325-X1) * max(0,-1.32-X0) + 3.53*max(0,0.646-X0) - 3.32*max(0,X0-0.646) - 3.14*max(0,X1-0.831) + 2.98*max(0,-1.32-X0) - 2.82*max(0,-0.0325-X1) - 2.63*max(0,X1-0.399) * X0 - 2.61*max(0,-0.827-X0) * X0 - 2.61*max(0,-0.896-X1) * abs(X0) - 2.34*max(0,X1-0.399) - 2.23*max(0,X0+0.336) + 2.19*max(0,-0.0325-X1) * max(0,-0.464-X1) + 2.18*max(0,X1-0.399) * max(0,X0-0.155) + 2.04*X0^2 + 2.03*max(0,X0+0.827) - 1.86*X0 * max(0,X0-0.155) + 1.77*max(0,-0.464-X1) + 1.61*max(0,-0.464-X1) * max(0,0.155-X0) - 1.55*max(0,-0.464-X1) * max(0,-0.896-X1) - 1.31*max(0,X1-0.399) * max(0,X1-1.26) - 1.30*max(0,0.155-X0) * max(0,X1-1.26) + 1.30*max(0,X1+0.0325) - 1.06*max(0,-0.464-X1) * max(0,-0.827-X0) - 1.01*max(0,0.155-X0) * max(0,-0.896-X1) - 0.993*max(0,0.399-X1) - 0.919*max(0,-0.827-X0) + 0.805*abs(X0) * max(0,-0.827-X0) - 0.766*max(0,0.155-X0) - 0.755*max(0,X0-1.14) - 0.716*abs(X0) * max(0,X1-1.26) + 0.712*max(0,-0.0325-X1) * max(0,-0.896-X1) + 0.648*max(0,X1-0.399) * max(0,0.155-X0) - 0.604*max(0,0.155-X0) * X0 - 0.585*max(0,-0.464-X1) * abs(X0) - 0.561*max(0,-0.0325-X1) * abs(X0) + 0.497*max(0,0.155-X0) * max(0,-0.827-X0) - 0.497*X1 - 0.483*max(0,-0.0325-X1) * X0 - 0.452*max(0,-0.0325-X1) * max(0,-0.827-X0) - 0.444*X1^2 - 0.385*max(0,0.155-X0) * abs(X0) + 0.385*abs(X0) * max(0,X0-0.155) + 0.363*max(0,-0.0325-X1) * max(0,0.155-X0) - 0.336*max(0,X1-0.399) * abs(X0) + 0.304*abs(X1) - 0.300*max(0,-0.464-X1) * X0 + 0.296*abs(X0) * X0 + 0.245*max(0,X0-0.155) + 0.240*max(0,1.26-X1) + 0.220*max(0,X1+0.896) - 0.181*max(0,0.831-X1) - 0.161*max(0,X1+0.464) - 0.155*max(0,1.14-X0) - 0.125*abs(X0) + 0.119*max(0,X0+1.32) + 0.0737*X0",
    "mse_train": 12.18863002025963,
    "mae_train": 2.3474943866155424,
    "r2_train": 0.975157063179665,
    "mse_test": 23668.29225559439,
    "mae_test": 55.475567369891685,
    "r2_test": -29.5721189103589
}