{
    "dataset": "228_elusage",
    "algorithm": "FFXRegressor",
    "params": {},
    "random_state": 29910,
    "process_time": 54.227021309,
    "time_time": 72.86926078796387,
    "target_noise": 0.0,
    "feature_noise": 0.0,
    "model_size": 348,
    "symbolic_model": "0.176 + 9.77*max(0,-0.219-X0) * max(0,X1-1.01) - 8.61*max(0,-0.692-X0) * max(0,X1-0.210) - 8.44*max(0,-0.219-X0) * max(0,-0.987-X1) + 6.51*max(0,-0.692-X0) + 4.95*max(0,-0.987-X1) - 4.33*max(0,X1-1.01) - 2.91*max(0,X1-0.210) + 2.88*max(0,-1.16-X0) + 2.50*max(0,X0-0.253) + 2.26*max(0,-0.692-X0) * max(0,0.210-X1) + 2.05*max(0,-0.219-X0) * max(0,X1-0.210) - 2.01*max(0,-0.219-X0) - 2.00*max(0,0.210-X1) * max(0,-0.219-X0) - 1.40*X0 * max(0,0.210-X1) - 1.35*X0^2 - 1.28*max(0,X0+0.219) + 1.27*max(0,0.253-X0) + 1.26*max(0,X1-0.609) - 1.20*max(0,X0-0.725) + 1.03*max(0,0.210-X1) * max(0,-0.987-X1) + 1.01*max(0,X0-1.20) + 0.998*max(0,X0-0.253) * max(0,0.210-X1) + 0.956*max(0,X0+0.692) - 0.797*max(0,-0.692-X0) * max(0,X1-1.01) - 0.763*X0 - 0.684*max(0,X0-0.253) * max(0,X1-0.210) + 0.602*max(0,X0-0.253) * X0 + 0.582*max(0,0.253-X0) * max(0,X1-0.210) + 0.562*X0 * max(0,X1-1.01) - 0.536*max(0,0.253-X0) * max(0,-0.987-X1) + 0.420*X1 - 0.316*max(0,1.01-X1) - 0.316*X0 * max(0,X1-0.210) + 0.252*X1^2 + 0.221*max(0,0.253-X0) * X0 - 0.217*max(0,-0.692-X0) * max(0,-0.987-X1) - 0.174*max(0,-0.692-X0) * X0 - 0.119*max(0,0.253-X0) * max(0,0.210-X1) - 0.0285*max(0,0.609-X1)",
    "mse_train": 42.17131431133578,
    "mae_train": 4.714802605577495,
    "r2_train": 0.9285366342388884,
    "mse_test": 121.58008191390135,
    "mae_test": 8.51050740618887,
    "r2_test": 0.7431825041496938
}