{
    "dataset": "228_elusage",
    "algorithm": "FFXRegressor",
    "params": {},
    "random_state": 28020,
    "process_time": 63.470090755,
    "time_time": 79.07594728469849,
    "target_noise": 0.0,
    "feature_noise": 0.0,
    "model_size": 566,
    "symbolic_model": "3.47 - 34.5*max(0,-0.700-X0) * max(0,X1-1.10) + 17.7*max(0,-0.234-X0) * max(0,X1-1.10) - 11.2*max(0,-0.575-X1) - 10.1*max(0,-0.575-X1) * max(0,-0.234-X0) - 9.91*max(0,-0.575-X1) * X0 + 9.80*max(0,-0.993-X1) - 7.88*max(0,0.261-X1) * max(0,-0.234-X0) - 7.52*max(0,-0.234-X0) - 6.35*max(0,0.261-X1) * X0 + 6.14*max(0,0.261-X1) * max(0,X0-0.231) + 6.05*max(0,-0.700-X0) * max(0,-0.234-X0) - 5.93*max(0,X1-1.10) + 4.67*max(0,X1-0.261) * max(0,X1-1.10) - 4.54*max(0,-1.17-X0) + 4.47*max(0,X0+0.234) * max(0,X1-0.261) + 4.05*max(0,-0.700-X0) * max(0,-0.993-X1) - 3.46*max(0,X0+0.234) - 3.42*max(0,X1-0.261) * max(0,-0.700-X0) - 3.39*X0 + 3.36*max(0,X1-0.679) + 3.32*max(0,0.231-X0) + 3.30*X0 * max(0,-0.993-X1) + 2.93*max(0,X0-0.231) + 2.16*X0^2 - 1.89*X0 * max(0,X1-1.10) + 1.83*max(0,-0.700-X0) - 1.71*max(0,X1-0.261) + 1.64*max(0,-0.575-X1) * max(0,-0.993-X1) - 1.61*X0 * max(0,X0-0.231) + 1.54*max(0,X1-0.261) * max(0,-0.234-X0) - 1.44*abs(X1) + 1.40*max(0,0.231-X0) * max(0,-0.993-X1) - 1.32*max(0,0.231-X0) * max(0,-0.234-X0) + 1.29*max(0,-0.157-X1) + 1.19*max(0,X0+0.700) - 1.18*max(0,-0.575-X1) * max(0,-0.700-X0) - 1.16*max(0,X0-0.231) * max(0,X1-0.261) + 1.11*max(0,0.261-X1) * max(0,-0.993-X1) - 1.06*max(0,0.696-X0) - 1.02*X1^2 - 0.988*max(0,0.261-X1) * max(0,-0.700-X0) + 0.953*X0 * max(0,-0.234-X0) - 0.889*X1 - 0.605*max(0,0.231-X0) * X0 - 0.574*max(0,-0.575-X1) * max(0,0.231-X0) + 0.487*max(0,-0.234-X0) * max(0,-0.993-X1) - 0.449*max(0,0.261-X1) * max(0,-0.575-X1) - 0.429*max(0,0.231-X0) * max(0,X1-0.261) - 0.419*max(0,X1+0.157) + 0.406*max(0,0.231-X0) * max(0,-0.700-X0) + 0.387*max(0,X0-0.696) - 0.275*max(0,X0+1.17) - 0.236*max(0,0.231-X0) * max(0,X1-1.10) + 0.225*X0 * max(0,X1-0.261) - 0.219*max(0,0.261-X1) - 0.202*max(0,1.10-X1) - 0.157*max(0,X0-1.16) - 0.113*abs(X0) - 0.103*max(0,1.16-X0) - 0.0427*X0 * max(0,-0.700-X0) + 0.0306*max(0,0.261-X1) * max(0,0.231-X0) - 6.04e-5*max(0,0.679-X1)",
    "mse_train": 17.14353191389334,
    "mae_train": 3.0229993926092766,
    "r2_train": 0.9700977246316385,
    "mse_test": 1487.167548009517,
    "mae_test": 23.5941456891269,
    "r2_test": -1.7321780937858446
}