{
    "dataset": "228_elusage",
    "algorithm": "FFXRegressor",
    "params": {},
    "random_state": 5390,
    "process_time": 63.976523682999996,
    "time_time": 84.17618203163147,
    "target_noise": 0.0,
    "feature_noise": 0.0,
    "model_size": 509,
    "symbolic_model": "0.286 - 19.6*max(0,X0+0.232) * max(0,-0.437-X1) - 18.8*max(0,-1.17-X0) * max(0,-0.850-X1) + 14.4*max(0,-1.17-X0) * max(0,-0.699-X0) - 11.3*max(0,-1.17-X0) * max(0,X1-0.389) + 8.95*max(0,X0+0.232) * max(0,0.234-X0) + 7.18*max(0,-0.850-X1) * max(0,-0.699-X0) - 7.16*max(0,-0.850-X1) * max(0,-0.232-X0) + 5.36*max(0,-0.437-X1) - 4.80*max(0,-1.17-X0) - 4.64*max(0,-1.17-X0) * max(0,-0.232-X0) + 4.45*max(0,-0.232-X0) * max(0,-0.699-X0) + 3.45*max(0,X1-1.21) - 3.25*max(0,-1.17-X0) * max(0,-0.437-X1) - 3.14*max(0,X0-0.701) - 3.10*max(0,-0.437-X1) * max(0,-0.232-X0) + 2.93*max(0,X1-0.802) - 2.90*X0 * max(0,-0.699-X0) + 2.52*max(0,-0.699-X0) - 2.43*max(0,0.389-X1) - 2.33*max(0,X1-0.389) * max(0,-0.232-X0) + 2.32*max(0,0.234-X0) - 2.27*max(0,X0+0.232) - 2.13*max(0,-0.232-X0) + 1.75*max(0,0.234-X0) * max(0,-0.850-X1) + 1.68*X0 + 1.64*max(0,X1+0.0243) + 1.60*max(0,0.234-X0) * max(0,-0.699-X0) + 1.59*max(0,X1-0.389) * max(0,-0.699-X0) + 1.56*X0 * max(0,-0.232-X0) - 1.53*X0 * max(0,-0.850-X1) + 1.49*X0 * max(0,-0.437-X1) + 1.48*max(0,-0.437-X1) * max(0,-0.850-X1) - 1.42*max(0,0.234-X0) * max(0,-0.232-X0) - 1.22*X1 + 1.14*max(0,X0-0.234) - 0.968*X1^2 + 0.961*X0^2 - 0.936*max(0,X1-0.389) + 0.921*max(0,-0.0243-X1) - 0.919*max(0,-0.437-X1) * max(0,-0.699-X0) - 0.684*max(0,0.234-X0) * max(0,X1-0.389) - 0.576*max(0,0.234-X0) * max(0,-0.437-X1) - 0.571*max(0,-0.850-X1) + 0.487*max(0,1.21-X1) - 0.361*X0 * max(0,X0+0.232) + 0.309*max(0,X0-1.17) - 0.226*X0 * max(0,X0-0.234) - 0.168*max(0,X0+0.232) * max(0,X1-0.389) - 0.138*max(0,X1+0.437) - 0.123*X0 * max(0,X1-0.389) + 0.0915*max(0,X0+0.699) - 0.0654*X0 * max(0,0.234-X0) + 0.0597*max(0,0.802-X1) - 0.0505*max(0,X0-0.234) * max(0,X1-0.389) + 0.0229*max(0,X0+0.232) * max(0,X0-0.234)",
    "mse_train": 34.21246015213879,
    "mae_train": 3.8541729732907877,
    "r2_train": 0.9440865547942227,
    "mse_test": 1010.8177171842678,
    "mae_test": 20.775787608399657,
    "r2_test": -1.37295957063367
}