{
    "dataset": "228_elusage",
    "algorithm": "FFXRegressor",
    "params": {},
    "random_state": 21962,
    "process_time": 58.111701325,
    "time_time": 105.13320970535278,
    "target_noise": 0.0,
    "feature_noise": 0.0,
    "model_size": 619,
    "symbolic_model": "5.32 - 33.8*max(0,-1.12-X1) * max(0,-1.12-X0) - 14.9*max(0,X1-0.933) * abs(X0) + 14.6*max(0,X1-0.933) - 12.9*max(0,-1.12-X1) + 9.48*max(0,X1-0.523) * max(0,X0+0.149) + 9.16*max(0,-1.12-X1) * abs(X0) + 8.95*max(0,-0.297-X1) * max(0,X0-0.335) - 7.04*max(0,X1-0.523) * max(0,-1.12-X0) + 6.58*max(0,-1.12-X0) * abs(X0) + 6.12*abs(X1) * max(0,X1-0.933) + 5.52*max(0,-0.297-X1) * max(0,-1.12-X0) - 4.35*abs(X1) * max(0,-1.12-X0) + 4.26*abs(X1) * max(0,X0-0.335) - 4.17*abs(X1) + 4.16*max(0,-1.12-X1) * max(0,-0.297-X1) + 3.97*max(0,X1-0.523) * max(0,X1-0.933) + 3.77*max(0,-1.12-X1) * max(0,-0.149-X0) + 3.37*max(0,X0-1.30) - 3.37*max(0,X1-0.523) - 3.21*max(0,X1-0.523) * abs(X1) + 3.05*max(0,-1.12-X1) * X0 - 2.95*max(0,-0.297-X1) * abs(X0) + 2.78*max(0,X0-0.335) - 2.67*max(0,X1-0.113) + 2.50*max(0,-1.12-X0) + 2.36*max(0,X1-0.933) * max(0,-1.12-X0) - 2.21*abs(X0) + 2.01*abs(X1) * max(0,-0.297-X1) - 2.00*max(0,-0.297-X1) + 1.91*max(0,0.819-X0) - 1.90*abs(X0) * max(0,X0-0.335) - 1.84*max(0,X0+0.149) - 1.83*max(0,X0+0.149) * abs(X1) + 1.42*max(0,X1-0.523) * max(0,-0.149-X0) + 1.09*max(0,X1-0.523) * abs(X0) + 1.08*max(0,-0.707-X1) + 1.04*X1^2 + 1.03*max(0,-1.12-X0) * max(0,-0.149-X0) - 0.999*max(0,X1-0.933) * max(0,-0.149-X0) - 0.961*max(0,0.113-X1) + 0.795*max(0,X1-0.523) * max(0,X0-0.335) - 0.793*max(0,0.523-X1) + 0.773*max(0,X0+0.149) * abs(X0) + 0.711*abs(X1) * abs(X0) + 0.709*max(0,-1.12-X0) * X0 + 0.653*abs(X1) * max(0,-0.149-X0) - 0.653*X0 * max(0,-0.149-X0) - 0.584*max(0,X0+1.12) + 0.574*max(0,X0+0.149) * max(0,-0.297-X1) - 0.573*max(0,X1-0.933) * X0 + 0.570*max(0,X1-0.523) * X0 - 0.448*max(0,-0.297-X1) * max(0,-0.149-X0) + 0.434*max(0,0.335-X0) + 0.433*X0 * abs(X0) - 0.396*X1 - 0.369*max(0,X0-0.819) + 0.314*max(0,X1+1.12) - 0.245*max(0,0.933-X1) - 0.212*max(0,X1+0.297) - 0.200*max(0,-0.297-X1) * X0 - 0.193*max(0,X0+0.149) * max(0,X0-0.335) - 0.189*X0^2 - 0.161*max(0,-0.149-X0) + 0.127*X0 + 0.126*max(0,-0.632-X0) - 0.108*abs(X1) * X0 + 0.100*max(0,-0.149-X0) * abs(X0) - 0.0951*max(0,X0+0.632) - 0.0121*max(0,1.30-X0) + 0.000516*max(0,X0+0.149) * X0",
    "mse_train": 36.52935503957084,
    "mae_train": 3.955481763749961,
    "r2_train": 0.9343442198972546,
    "mse_test": 108.47675295305355,
    "mae_test": 8.059924302960962,
    "r2_test": 0.8113221194326555
}