{
    "dataset": "228_elusage",
    "algorithm": "FFXRegressor",
    "params": {},
    "random_state": 23654,
    "process_time": 58.686361171,
    "time_time": 97.4761266708374,
    "target_noise": 0.0,
    "feature_noise": 0.0,
    "model_size": 633,
    "symbolic_model": "3.05 + 24.8*max(0,-1.18-X0) * max(0,X1-1.07) + 18.3*max(0,-1.18-X0) + 11.1*max(0,-1.18-X0) * max(0,-0.160-X1) + 9.12*max(0,-0.160-X1) * max(0,X0-0.240) + 8.15*abs(X1) * max(0,X1-1.07) - 8.00*max(0,-0.571-X1) * max(0,-1.18-X0) - 7.99*max(0,X1-1.07) - 6.82*max(0,X1-1.07) * abs(X0) - 5.08*max(0,-1.18-X0) * max(0,-0.232-X0) + 4.93*max(0,0.240-X0) * max(0,X1-1.07) - 4.73*abs(X0) - 4.49*max(0,-1.18-X0) * abs(X0) - 4.20*max(0,-0.705-X0) + 3.89*max(0,-0.232-X0) - 3.28*max(0,X0-1.19) - 3.22*max(0,-0.232-X0) * max(0,X1-1.07) - 3.13*max(0,0.240-X0) * max(0,-1.18-X0) - 3.05*abs(X1) - 2.85*max(0,-0.160-X1) * X0 + 2.79*max(0,-0.571-X1) + 2.65*max(0,-0.571-X1) * max(0,0.240-X0) + 2.62*abs(X0) * max(0,X0-0.240) + 2.45*max(0,X1+0.160) * max(0,X0-0.240) + 1.96*max(0,X1+0.160) * max(0,-0.232-X0) - 1.84*max(0,-0.571-X1) * max(0,-0.160-X1) - 1.80*max(0,0.240-X0) - 1.80*abs(X1) * X0 + 1.72*abs(X1) * max(0,X0-0.240) - 1.64*max(0,-0.160-X1) * abs(X0) + 1.51*max(0,0.250-X1) - 1.49*X0 + 1.42*max(0,X1-0.250) - 1.39*max(0,-0.571-X1) * abs(X1) - 1.09*abs(X1) * max(0,-0.160-X1) + 0.954*max(0,X1-0.660) - 0.883*max(0,-0.571-X1) * abs(X0) - 0.851*max(0,-0.571-X1) * X0 - 0.737*max(0,0.713-X0) - 0.723*max(0,-0.160-X1) * max(0,-0.232-X0) + 0.705*max(0,X0+0.232) + 0.689*max(0,X0-0.240) + 0.610*max(0,-0.981-X1) - 0.594*max(0,X1+0.160) * max(0,X1-1.07) + 0.537*max(0,0.240-X0) * max(0,-0.160-X1) - 0.484*max(0,X0+0.705) + 0.440*abs(X1) * max(0,-1.18-X0) + 0.418*max(0,0.660-X1) - 0.365*abs(X1) * max(0,-0.232-X0) + 0.357*max(0,X1+0.571) - 0.356*max(0,1.19-X0) + 0.338*max(0,X1+0.160) * X0 + 0.324*max(0,-0.571-X1) * max(0,-0.232-X0) - 0.323*max(0,X0+1.18) + 0.289*max(0,X1+0.160) * abs(X0) + 0.287*max(0,0.240-X0) * abs(X0) - 0.280*X0^2 - 0.279*max(0,0.240-X0) * max(0,-0.232-X0) + 0.250*abs(X1) * max(0,0.240-X0) + 0.189*abs(X1) * abs(X0) + 0.170*X0 * abs(X0) - 0.145*max(0,-0.232-X0) * abs(X0) - 0.0912*max(0,0.240-X0) * X0 - 0.0827*max(0,X1+0.160) - 0.0739*max(0,X0-0.713) + 0.0445*X1^2 + 0.0314*X1 + 0.0195*max(0,X1-1.07) * X0 + 0.0135*max(0,-0.160-X1) + 0.0134*max(0,-1.18-X0) * X0 + 0.00715*X0 * max(0,X0-0.240) + 0.000124*max(0,-0.232-X0) * X0",
    "mse_train": 30.43741961082997,
    "mae_train": 3.65563036159717,
    "r2_train": 0.9468016913141399,
    "mse_test": 233.39560997857515,
    "mae_test": 11.139885348510294,
    "r2_test": 0.5297188928232532
}