{
    "dataset": "228_elusage",
    "algorithm": "FFXRegressor",
    "params": {},
    "random_state": 860,
    "process_time": 63.69777873300001,
    "time_time": 99.31469631195068,
    "target_noise": 0.0,
    "feature_noise": 0.0,
    "model_size": 650,
    "symbolic_model": "0.288 + 25.5*max(0,-0.149-X1) * max(0,X0-0.192) + 24.0*max(0,X1-0.685) * max(0,X1-1.10) - 22.8*max(0,X1-1.10) * abs(X0) + 17.6*abs(X1) * max(0,X1-1.10) + 14.0*max(0,0.647-X0) * max(0,X0-0.192) - 10.8*max(0,0.647-X0) * max(0,X1-1.10) + 7.89*max(0,X1-0.685) * max(0,X0-0.192) - 7.62*max(0,-0.149-X1) * abs(X0) - 7.58*max(0,X1-0.685) * abs(X1) - 6.45*max(0,-0.983-X1) * abs(X0) - 6.24*max(0,-0.149-X1) * X0 + 6.14*max(0,-0.718-X0) - 6.06*max(0,X1+0.149) * max(0,X0-0.192) + 4.75*max(0,-0.566-X1) + 4.56*max(0,X1-0.685) * X0 + 4.53*max(0,X1+0.149) * abs(X0) - 4.45*abs(X1) - 4.33*abs(X0) + 3.37*max(0,-0.983-X1) * max(0,-0.149-X1) + 3.36*abs(X1) * max(0,X0-0.192) + 3.22*max(0,X1-1.10) * max(0,0.192-X0) + 3.11*max(0,0.192-X0) + 3.04*max(0,0.647-X0) * max(0,X1+0.149) + 2.69*max(0,X1+0.149) * X0 + 2.49*max(0,-0.983-X1) * abs(X1) - 2.42*max(0,-0.263-X0) - 2.29*max(0,X1+0.149) * abs(X1) - 2.21*max(0,-0.983-X1) * max(0,0.192-X0) - 2.19*max(0,0.647-X0) * abs(X0) - 2.12*abs(X1) * X0 + 2.11*max(0,-0.983-X1) + 1.93*abs(X0) * max(0,X0-0.192) + 1.86*max(0,-1.17-X0) - 1.78*X0 - 1.62*max(0,X1+0.149) + 1.51*max(0,X0+1.17) - 1.42*max(0,0.647-X0) * X0 - 1.38*max(0,0.647-X0) * max(0,-0.149-X1) - 1.30*max(0,X1+0.149) * max(0,0.192-X0) - 1.15*max(0,X0-0.647) + 1.13*max(0,X1+0.983) + 1.10*max(0,X1+0.566) - 1.06*X0^2 + 1.03*max(0,0.647-X0) * abs(X1) - 1.00*max(0,-0.983-X1) * max(0,0.647-X0) + 0.972*abs(X1) * abs(X0) - 0.866*max(0,0.268-X1) + 0.854*max(0,X1-0.685) * abs(X0) + 0.815*max(0,X0-1.10) - 0.789*max(0,-0.149-X1) + 0.778*max(0,0.647-X0) * max(0,0.192-X0) + 0.768*max(0,X1-0.268) - 0.767*max(0,X1-1.10) + 0.651*max(0,X1-0.685) - 0.651*max(0,0.192-X0) * X0 - 0.641*max(0,0.192-X0) * max(0,-0.149-X1) - 0.636*max(0,X1-0.685) * max(0,0.192-X0) + 0.577*max(0,0.685-X1) + 0.558*max(0,0.647-X0) - 0.505*max(0,X1+0.149) * max(0,X1-1.10) + 0.482*abs(X1) * max(0,0.192-X0) + 0.427*X0 * abs(X0) - 0.359*abs(X1) * max(0,-0.149-X1) + 0.323*X1^2 + 0.308*max(0,0.192-X0) * abs(X0) - 0.288*max(0,X0-0.192) - 0.197*max(0,1.10-X0) + 0.173*max(0,1.10-X1) - 0.0574*X1 + 0.0262*max(0,X0+0.263) + 0.00550*max(0,X1-1.10) * X0 + 0.00187*max(0,-0.983-X1) * X0 + 0.000523*X0 * max(0,X0-0.192)",
    "mse_train": 36.19442051316051,
    "mae_train": 4.058570710246523,
    "r2_train": 0.9434667359044699,
    "mse_test": 227.7798349829724,
    "mae_test": 10.050038933012994,
    "r2_test": 0.3249208029142623
}