{
    "dataset": "228_elusage",
    "algorithm": "FFXRegressor",
    "params": {},
    "random_state": 14423,
    "process_time": 60.348283735,
    "time_time": 73.78457880020142,
    "target_noise": 0.0,
    "feature_noise": 0.0,
    "model_size": 593,
    "symbolic_model": "4.28 + 17.0*max(0,X1-1.22) * abs(X0) - 12.1*max(0,-1.00-X0) * max(0,X1-0.336) + 10.9*max(0,X0-0.247) * max(0,X1-0.336) - 10.9*max(0,X1-1.22) * max(0,X1-0.336) + 8.14*max(0,X0-0.247) * max(0,-0.107-X1) - 6.67*max(0,-0.994-X1) * max(0,-1.00-X0) + 6.49*max(0,-1.00-X0) * abs(X0) + 4.52*max(0,-0.551-X1) + 4.51*max(0,X1+0.107) * max(0,X1-1.22) + 4.25*max(0,-0.107-X1) * abs(X0) - 4.21*abs(X1) - 3.92*max(0,0.336-X1) * max(0,X0+0.170) + 3.77*max(0,-0.994-X1) + 3.71*max(0,-0.107-X1) * max(0,X0+0.170) - 3.70*max(0,-0.587-X0) + 3.51*max(0,X0-0.247) * abs(X0) + 3.47*max(0,X1-1.22) * max(0,-0.170-X0) - 2.92*max(0,X0-0.247) - 2.53*max(0,X1-0.336) - 2.50*max(0,X1-1.22) - 2.37*max(0,X0-0.664) - 2.36*max(0,0.336-X1) - 2.23*max(0,X0+0.170) + 2.16*max(0,0.336-X1) * abs(X0) + 2.07*max(0,X1-0.336) * max(0,-0.170-X0) + 2.06*abs(X0) - 1.94*max(0,-0.107-X1) * max(0,-0.170-X0) - 1.80*max(0,X1+0.107) * abs(X0) + 1.72*max(0,X1+0.107) * max(0,-0.170-X0) + 1.70*max(0,0.664-X0) - 1.57*max(0,0.336-X1) * max(0,-0.170-X0) - 1.51*max(0,-0.170-X0) * abs(X0) - 1.32*max(0,0.336-X1) * max(0,X0-0.247) + 1.18*max(0,X1+0.551) - 1.02*max(0,-0.107-X1) - 0.907*max(0,-0.170-X0) - 0.882*X0^2 - 0.840*max(0,X1-0.336) * max(0,X0+0.170) - 0.821*max(0,-1.00-X0) * max(0,-0.107-X1) - 0.797*max(0,X1+0.107) * max(0,X0+0.170) + 0.784*max(0,0.336-X1) * max(0,-1.00-X0) - 0.748*max(0,-1.00-X0) - 0.739*max(0,-0.994-X1) * max(0,-0.170-X0) - 0.661*max(0,X1+0.107) + 0.513*max(0,X1-0.780) - 0.504*max(0,0.247-X0) - 0.387*X1^2 - 0.376*max(0,-0.994-X1) * abs(X0) - 0.361*max(0,0.780-X1) - 0.354*max(0,X0-0.247) * max(0,X0+0.170) - 0.269*max(0,X0+1.00) + 0.240*max(0,X1+0.107) * max(0,X1-0.336) - 0.234*max(0,0.336-X1) * max(0,-0.994-X1) + 0.221*max(0,X0+0.170) * abs(X0) + 0.177*max(0,-1.00-X0) * max(0,-0.170-X0) - 0.172*max(0,0.336-X1) * max(0,-0.107-X1) + 0.149*max(0,1.08-X0) - 0.138*max(0,1.22-X1) - 0.129*max(0,-0.994-X1) * max(0,-0.107-X1) - 0.104*max(0,X0-1.08) + 0.0592*max(0,X1-0.336) * abs(X0) - 0.0164*max(0,-1.00-X0) * max(0,X1-1.22) - 0.00588*X1",
    "mse_train": 17.020626440939644,
    "mae_train": 2.8408386215259984,
    "r2_train": 0.9606789465917704,
    "mse_test": 637.0622780141994,
    "mae_test": 19.032319487563914,
    "r2_test": 0.12060463087551176
}