{
    "dataset": "228_elusage",
    "algorithm": "FFXRegressor",
    "params": {},
    "random_state": 16850,
    "process_time": 58.034964314999996,
    "time_time": 107.722660779953,
    "target_noise": 0.0,
    "feature_noise": 0.0,
    "model_size": 689,
    "symbolic_model": "0.558 - 70.5*max(0,-1.14-X0) * max(0,-0.890-X1) + 18.9*max(0,X1-1.19) * max(0,X1-0.356) + 18.5*max(0,0.627-X0) * max(0,X0-0.185) + 16.2*max(0,-0.257-X0) * max(0,-0.890-X1) + 15.1*max(0,-1.14-X0) * max(0,X1-1.19) + 14.5*max(0,0.356-X1) * max(0,-1.14-X0) - 13.0*max(0,X1-1.19) * max(0,0.185-X0) - 11.8*max(0,-0.257-X0) * max(0,X1-1.19) + 10.1*max(0,-1.14-X0) - 9.37*max(0,-0.890-X1) + 5.46*max(0,-0.257-X0) * max(0,X1-0.356) - 5.03*max(0,X1-0.356) * max(0,X0-0.185) - 4.98*max(0,-0.257-X0) * max(0,-1.14-X0) + 4.58*max(0,0.185-X0) - 4.47*max(0,X1-0.772) - 3.12*max(0,0.356-X1) * max(0,-0.257-X0) + 3.08*max(0,-1.14-X0) * max(0,X1-0.356) + 2.71*max(0,-0.700-X0) - 2.67*max(0,0.185-X0) * max(0,X1-0.356) + 2.41*max(0,X0-0.185) + 2.36*max(0,0.356-X1) * max(0,X0-0.185) - 2.34*max(0,-1.14-X0) * max(0,0.185-X0) - 2.28*abs(X0) - 2.08*max(0,-0.257-X0) * max(0,0.185-X0) - 1.69*max(0,X1-0.356) - 1.68*max(0,0.356-X1) * abs(X0) + 1.54*max(0,0.627-X0) * max(0,-0.890-X1) - 1.45*max(0,X0-1.07) + 1.35*max(0,0.627-X0) * max(0,0.185-X0) + 1.30*X1^2 - 1.25*max(0,0.627-X0) * max(0,X1-1.19) - 1.12*max(0,0.627-X0) * abs(X0) + 1.08*max(0,-0.0589-X1) - 1.08*max(0,X1-1.19) + 1.06*max(0,0.627-X0) * max(0,-0.257-X0) + 1.00*max(0,-1.14-X0) * X0 + 0.997*max(0,0.356-X1) * max(0,0.185-X0) - 0.997*max(0,0.185-X0) * max(0,-0.890-X1) - 0.996*max(0,0.772-X1) - 0.968*max(0,0.356-X1) * max(0,-0.890-X1) + 0.884*max(0,0.627-X0) * max(0,X1-0.356) - 0.805*max(0,X1+0.890) + 0.784*abs(X1) + 0.750*max(0,0.627-X0) * max(0,-1.14-X0) + 0.714*max(0,X0+0.257) - 0.708*abs(X0) * max(0,-0.890-X1) - 0.638*max(0,0.356-X1) - 0.601*abs(X0) * max(0,0.185-X0) - 0.571*abs(X0) * max(0,X1-0.356) + 0.562*max(0,X1-1.19) * X0 - 0.553*max(0,0.627-X0) - 0.551*max(0,X0-0.627) + 0.505*max(0,-0.474-X1) - 0.463*X0 * max(0,X0-0.185) + 0.457*X0 + 0.434*max(0,X1+0.474) - 0.388*X0 * max(0,0.185-X0) - 0.364*max(0,1.07-X0) - 0.281*max(0,0.356-X1) * X0 - 0.276*max(0,X0+1.14) - 0.200*max(0,-0.257-X0) + 0.199*abs(X0) * max(0,X0-0.185) + 0.193*X0 * max(0,X1-0.356) + 0.143*max(0,X1+0.0589) - 0.143*max(0,0.627-X0) * X0 - 0.136*abs(X0) * X0 + 0.114*X0^2 + 0.0730*max(0,X0+0.700) - 0.0504*max(0,1.19-X1) - 0.0438*max(0,-0.257-X0) * X0 + 0.0365*X1 - 0.00895*X0 * max(0,-0.890-X1) - 0.000301*max(0,-1.14-X0) * abs(X0) - 0.000217*max(0,X1-1.19) * abs(X0) + 3.06e-6*max(0,-0.257-X0) * abs(X0)",
    "mse_train": 28.64056355691942,
    "mae_train": 3.501906442300037,
    "r2_train": 0.9461377931506072,
    "mse_test": 4797.087200138197,
    "mae_test": 25.28133370843352,
    "r2_test": -6.204123265391838
}