{
    "dataset": "678_visualizing_environmental",
    "algorithm": "AIFeynman",
    "params": {
        "BF_ops_file_type": "14ops.txt",
        "BF_try_time": 60,
        "NN_epochs": 4000,
        "max_time": 7200,
        "polyfit_deg": 4,
        "random_state": 23654,
        "test_percentage": 20,
        "tmp_dir": null
    },
    "random_state": 23654,
    "process_time": 8757.804529715,
    "time_time": 247757.00281190872,
    "target_noise": 0.0,
    "feature_noise": 0.0,
    "model_size": 12,
    "symbolic_model": "-0.550906074518+cos(((x0/sqrt((x0*x0)))+1))",
    "mse_train": 10.70750545358283,
    "mae_train": 2.506189924773608,
    "r2_train": 0.21993371826334984,
    "mse_test": 4.458873493181426,
    "mae_test": 1.7066722686499436,
    "r2_test": 0.5020573074641845
}