{
    "dataset": "556_analcatdata_apnea2",
    "algorithm": "GPGOMEARegressor",
    "params": {
        "caching": false,
        "classweights": false,
        "elitism": 1,
        "erc": true,
        "evaluations": 500000,
        "functions": "+_-_*_p/",
        "generations": -1,
        "gomea": true,
        "gomfos": "LT",
        "ims": false,
        "initmaxtreeheight": 6,
        "linearscaling": true,
        "maxsize": 1000,
        "maxtreeheight": 17,
        "parallel": false,
        "popsize": 1000,
        "prob": "symbreg",
        "reproduction": 0.0,
        "sbagx": 0.0,
        "sblibtype": false,
        "sbrdo": 0.0,
        "seed": -1,
        "silent": true,
        "subcross": 0.5,
        "submut": 0.5,
        "syntuniqinit": 1000,
        "time": 7200,
        "tournament": 4,
        "unifdepthvar": true
    },
    "random_state": 5390,
    "process_time": 2727.6779893770004,
    "time_time": 2727.7010827064514,
    "target_noise": 0.0,
    "feature_noise": 0.0,
    "model_size": 95,
    "symbolic_model": "-0.174275+-16.846836*(((((((5.054000*-3.493000)-(x2-3.557000))+((x0--8.152000)+(3.486000+x2)))p/(((x0+7.089000)+(x0+x0))*((x0+0.591000)-(x1+x1))))*(((x0*(x1-x1))*((x2p/x1)+x2))-(((x1*6.845000)+x1)p/((x2*x0)p/(x2*x1)))))p/((((x0--7.549000)-((6.918000p/x1)-x1))p/(-1.309000*(x2-(x2p/1.063000))))*((((x2*7.919000)p/(x0p/1.921000))+x0)-(((x1-x0)+(x1p/x2))+x0)))))",
    "mse_train": 798547.6891105149,
    "mae_train": 471.34927090993284,
    "r2_train": 0.903077817073471,
    "mse_test": 62055768.98776302,
    "mae_test": 1553.7074521909094,
    "r2_test": -3.455847571527017
}