{
    "dataset": "192_vineyard",
    "algorithm": "GPGOMEARegressor",
    "params": {
        "caching": false,
        "classweights": false,
        "elitism": 1,
        "erc": true,
        "evaluations": 500000,
        "functions": "+_-_*_p/",
        "generations": -1,
        "gomea": true,
        "gomfos": "LT",
        "ims": false,
        "initmaxtreeheight": 6,
        "linearscaling": true,
        "maxsize": 1000,
        "maxtreeheight": 17,
        "parallel": false,
        "popsize": 1000,
        "prob": "symbreg",
        "reproduction": 0.0,
        "sbagx": 0.0,
        "sblibtype": false,
        "sbrdo": 0.0,
        "seed": -1,
        "silent": true,
        "subcross": 0.5,
        "submut": 0.5,
        "syntuniqinit": 1000,
        "time": 7200,
        "tournament": 4,
        "unifdepthvar": true
    },
    "random_state": 29910,
    "process_time": 2716.3042745380003,
    "time_time": 2716.360457420349,
    "target_noise": 0.0,
    "feature_noise": 0.0,
    "model_size": 119,
    "symbolic_model": "0.546512+0.006867*(((((((11.822000p/x0)+(x0p/x1))-((x1p/-13.870000)*(-0.636000*x0)))-(((x1-6.290000)p/(x1-11.918000))p/((x0*x0)*(x1+x1))))-((((1.621000-x1)-(x0+x1))-((x0p/-12.416000)*(7.279000*x0)))*(((x0*1.679000)*(x0+-11.232000))+((-8.198000-x0)-(x0+-13.010000)))))-(((((15.191000*1.948000)p/(x0+x0))*((x1+x1)+(4.927000*x0)))+((3.690000-(x1-x1))-((-14.757000+-13.371000)-(6.579000+x0))))p/((((x1+6.212000)+(x1p/x0))p/((x1p/x1)+(-6.710000p/11.218000)))-(((x0p/x1)-(-12.882000-x1))*x0)))))",
    "mse_train": 2.749622442461965,
    "mae_train": 1.337417191550087,
    "r2_train": 0.8707908941072172,
    "mse_test": 4.0269659048292725,
    "mae_test": 1.739237858329549,
    "r2_test": 0.6620867736265408
}