{
    "dataset": "523_analcatdata_neavote",
    "algorithm": "FFXRegressor",
    "params": {},
    "random_state": 4426,
    "process_time": 76.814268166,
    "time_time": 79.86592960357666,
    "target_noise": 0.0,
    "feature_noise": 0.0,
    "model_size": 100,
    "symbolic_model": "-1.25 + 1.46*max(0,-0.659-X0) + 0.908*X0^2 - 0.297*X0 - 0.189*max(0,-5.14-X1) + 0.138*max(0,-0.659-X0) * abs(X0) + 0.100*max(0,-0.390-X0) - 0.0447*max(0,X1+3.35) * X0 - 0.0199*max(0,X1+2.46) * X0 - 0.00871*max(0,-0.659-X0) * X0 + 0.00534*max(0,-0.121-X0) + 0.00413*max(0,-0.659-X0) * max(0,X1+3.35) + 0.00280*max(0,X1+4.25) * max(0,-0.659-X0)",
    "mse_train": 0.7168010142690456,
    "mae_train": 0.5412811378642794,
    "r2_train": 0.9530310131719936,
    "mse_test": 0.8355286510154413,
    "mae_test": 0.6990068343201528,
    "r2_test": 0.9476013037442654
}