{
    "dataset": "523_analcatdata_neavote",
    "algorithm": "FFXRegressor",
    "params": {},
    "random_state": 14423,
    "process_time": 229.557489015,
    "time_time": 162.62266302108765,
    "target_noise": 0.0,
    "feature_noise": 0.0,
    "model_size": 116,
    "symbolic_model": "-0.168 - 0.780*X0 + 0.241*max(0,-0.696-X0) + 0.106*max(0,-0.696-X0) * max(0,X1+4.28) + 0.0664*max(0,-0.696-X0) * max(0,X1+2.75) + 0.00518*max(0,-0.429-X0) - 0.00283*max(0,X1+2.75) * X0 + 0.00191*max(0,-1.22-X1) * X1 - 0.00129*max(0,-0.696-X0) * X0 - 0.000500*max(0,-0.458-X1) * max(0,-1.22-X1) + 9.24e-5*max(0,-0.161-X0) + 1.08e-6*max(0,0.375-X0) + 1.31e-8*max(0,0.643-X0) + 2.20e-10*max(0,0.107-X0) + 2.07e-12*X0^2",
    "mse_train": 0.7552446940689438,
    "mae_train": 0.5666479479583686,
    "r2_train": 0.950268643424122,
    "mse_test": 1.309584398587888,
    "mae_test": 0.7268953385035907,
    "r2_test": 0.9214952763171466
}