{
    "dataset": "523_analcatdata_neavote",
    "algorithm": "FFXRegressor",
    "params": {},
    "random_state": 21962,
    "process_time": 73.626989123,
    "time_time": 80.99082851409912,
    "target_noise": 0.0,
    "feature_noise": 0.0,
    "model_size": 122,
    "symbolic_model": "-1.22 + 3.98*max(0,-0.745-X0) + 0.369*X0^2 + 0.0977*max(0,X1+2.27) * max(0,-0.745-X0) + 0.0678*max(0,-4.80-X1) * X0 + 0.0605*max(0,-0.474-X0) + 0.0417*max(0,X1+2.27) + 0.00136*max(0,X1+1.43) + 0.00133*max(0,X1+2.27) * max(0,-0.474-X0) + 0.000806*max(0,-4.80-X1) * max(0,X0+0.203) + 0.000143*max(0,-0.203-X0) + 0.000102*max(0,X1+0.590) - 1.75e-5*X0 + 5.66e-6*max(0,-4.80-X1) * max(0,X0+0.474) + 6.10e-8*max(0,-4.80-X1) * max(0,X0-0.0677)",
    "mse_train": 0.7258754468384696,
    "mae_train": 0.5348784790006444,
    "r2_train": 0.9532007268130758,
    "mse_test": 0.6912179379713443,
    "mae_test": 0.5794015694082545,
    "r2_test": 0.9549237050049989
}