{
    "dataset": "523_analcatdata_neavote",
    "algorithm": "FFXRegressor",
    "params": {},
    "random_state": 15795,
    "process_time": 75.815321105,
    "time_time": 94.64820981025696,
    "target_noise": 0.0,
    "feature_noise": 0.0,
    "model_size": 115,
    "symbolic_model": "-1.29 + 0.828*abs(X0) - 0.712*X0 + 0.332*X0^2 + 0.256*max(0,-0.631-X0) + 0.105*max(0,-0.631-X0) * abs(X0) - 0.100*max(0,-4.52-X1) + 0.0758*max(0,-0.631-X0) * max(0,X1+2.92) + 0.0365*max(0,X1+2.12) * max(0,-0.631-X0) - 0.0251*max(0,X1+2.92) * X0 - 0.00831*max(0,-4.52-X1) * abs(X0) + 0.00264*max(0,-0.363-X0) - 0.000795*max(0,-0.631-X0) * X0 - 0.000352*max(0,-4.52-X1) * X0 + 2.30e-5*max(0,-0.0940-X0)",
    "mse_train": 0.6682078206299047,
    "mae_train": 0.5652718897117767,
    "r2_train": 0.9554955362432128,
    "mse_test": 0.8627443914065668,
    "mae_test": 0.6656915852414713,
    "r2_test": 0.9472701697018282
}