{
    "dataset": "523_analcatdata_neavote",
    "algorithm": "FFXRegressor",
    "params": {},
    "random_state": 16850,
    "process_time": 76.63768726100001,
    "time_time": 92.80369257926941,
    "target_noise": 0.0,
    "feature_noise": 0.0,
    "model_size": 172,
    "symbolic_model": "-1.50 + 1.43*abs(X0) - 0.518*X0 + 0.128*max(0,-0.806-X0) + 0.113*max(0,X1+2.12) * max(0,-0.806-X0) - 0.0380*max(0,X1+2.12) * X0 - 0.0358*max(0,-4.52-X1) - 0.0331*max(0,-3.72-X1) + 0.0315*X0^2 - 0.0107*max(0,-4.52-X1) * abs(X0) + 0.00892*max(0,-0.533-X0) - 0.00151*max(0,-2.92-X1) + 0.000985*max(0,-0.533-X0) * max(0,X1+2.12) - 0.000591*max(0,-4.52-X1) * X0 + 0.000319*max(0,-0.260-X0) - 6.24e-5*max(0,-3.72-X1) * abs(X0) + 3.35e-5*max(0,-0.533-X0) * abs(X0) - 1.95e-6*max(0,-3.72-X1) * X0 - 5.97e-9*max(0,-3.72-X1) * max(0,-4.52-X1) - 2.62e-9*max(0,-0.533-X0) * X0 + 6.84e-13*max(0,-0.533-X0) * max(0,-0.806-X0)",
    "mse_train": 0.7574418184838319,
    "mae_train": 0.5784555852961439,
    "r2_train": 0.9487377550235634,
    "mse_test": 0.5868522910793492,
    "mae_test": 0.5378708219316107,
    "r2_test": 0.9652536299806183
}