{
    "dataset": "523_analcatdata_neavote",
    "algorithm": "FFXRegressor",
    "params": {},
    "random_state": 29910,
    "process_time": 256.255930878,
    "time_time": 149.5323669910431,
    "target_noise": 0.0,
    "feature_noise": 0.0,
    "model_size": 94,
    "symbolic_model": "0.0385 - 0.975*X0 - 0.0497*max(0,-4.52-X1) + 0.00628*abs(X0) - 0.00536*max(0,X1+4.52) - 0.00280*max(0,X1+2.92) - 0.00251*max(0,X1+3.72) - 0.000909*max(0,X1+2.12) - 2.15e-5*max(0,-3.72-X1) + 9.02e-7*max(0,-0.696-X0) - 5.54e-7*max(0,X1+1.32) - 4.96e-9*max(0,-2.92-X1) - 2.84e-10*max(0,X1+0.520) + 1.14e-10*max(0,-0.429-X0) + 2.60e-15*max(0,0.643-X0)",
    "mse_train": 0.8216965542401972,
    "mae_train": 0.596912242997093,
    "r2_train": 0.9476931429360248,
    "mse_test": 1.3551952444731519,
    "mae_test": 0.5872857795652687,
    "r2_test": 0.91089869263668
}