{
    "dataset": "523_analcatdata_neavote",
    "algorithm": "FFXRegressor",
    "params": {},
    "random_state": 28020,
    "process_time": 82.68720871,
    "time_time": 97.59322690963745,
    "target_noise": 0.0,
    "feature_noise": 0.0,
    "model_size": 123,
    "symbolic_model": "-1.22 + 0.913*X0^2 + 0.764*max(0,-0.659-X0) - 0.648*X0 + 0.0585*max(0,-4.80-X1) * abs(X0) + 0.0566*max(0,-0.659-X0) * max(0,X1+3.12) + 0.0449*max(0,X1+2.27) * abs(X0) + 0.0178*max(0,-0.390-X0) + 0.0169*max(0,-0.659-X0) * max(0,X1+4.80) + 0.00428*max(0,-0.659-X0) * abs(X0) + 0.00203*max(0,-4.80-X1) * X0 + 0.000357*max(0,-0.121-X0) + 0.000105*max(0,-0.659-X0) * max(0,X1+3.96) + 4.53e-5*max(0,-3.12-X1) - 7.67e-6*max(0,-0.659-X0) * X0",
    "mse_train": 0.6463488194721485,
    "mae_train": 0.508406678407134,
    "r2_train": 0.9589296449603403,
    "mse_test": 0.9302065678929458,
    "mae_test": 0.6526495426669666,
    "r2_test": 0.9378204165846962
}