{
    "dataset": "523_analcatdata_neavote",
    "algorithm": "FFXRegressor",
    "params": {},
    "random_state": 860,
    "process_time": 102.23802588800001,
    "time_time": 125.31173253059387,
    "target_noise": 0.0,
    "feature_noise": 0.0,
    "model_size": 155,
    "symbolic_model": "-1.27 + 4.53*max(0,-0.631-X0) + 0.241*X0^2 + 0.0949*max(0,X1+2.46) * max(0,-0.631-X0) + 0.0358*max(0,-4.25-X1) + 0.0304*max(0,X1+2.46) + 0.0113*max(0,X1+1.57) + 0.0108*max(0,-5.14-X1) * X0 + 0.00634*max(0,-3.35-X1) + 0.00538*max(0,X1+0.671) + 0.00434*max(0,-0.363-X0) + 0.00242*max(0,-5.14-X1) + 0.000860*max(0,0.175-X0) + 0.000791*max(0,-0.0940-X0) + 1.82e-5*max(0,-5.14-X1) * max(0,X0+0.0940) - 1.13e-5*X0 * max(0,-0.631-X0) + 1.15e-8*max(0,-5.14-X1) * max(0,X0+0.631) + 8.82e-12*max(0,-5.14-X1) * max(0,X0+0.363) + 2.93e-13*max(0,-5.14-X1) * max(0,X0-0.175)",
    "mse_train": 0.5689717657049125,
    "mae_train": 0.456485236021544,
    "r2_train": 0.9651236167851913,
    "mse_test": 1.2398464620349705,
    "mae_test": 0.7558487677090194,
    "r2_test": 0.9056835395847302
}