{
    "dataset": "523_analcatdata_neavote",
    "algorithm": "FFXRegressor",
    "params": {},
    "random_state": 23654,
    "process_time": 88.162527696,
    "time_time": 58.52009558677673,
    "target_noise": 0.0,
    "feature_noise": 0.0,
    "model_size": 103,
    "symbolic_model": "-1.14 + 4.04*max(0,-0.745-X0) - 0.561*X0 + 0.543*max(0,X0+0.203) + 0.255*max(0,X0-0.0677) + 0.0688*max(0,-0.474-X0) - 0.0390*max(0,-4.52-X1) + 0.0365*max(0,X0+0.474) - 0.0259*max(0,X1+2.12) + 0.0106*max(0,X0-0.339) - 0.000775*max(0,-3.72-X1) + 0.000756*max(0,-0.203-X0) - 0.000755*max(0,X1+1.32) + 0.000325*max(0,X0-0.610) - 1.64e-5*max(0,X1+0.520) - 8.96e-6*max(0,-2.92-X1)",
    "mse_train": 0.7321359395584861,
    "mae_train": 0.5429207952042124,
    "r2_train": 0.9541773520704933,
    "mse_test": 0.7069252426933041,
    "mae_test": 0.5191387550791285,
    "r2_test": 0.9484808446031582
}