{
    "dataset": "712_chscase_geyser1",
    "algorithm": "FFXRegressor",
    "params": {},
    "random_state": 28020,
    "process_time": 102.268008386,
    "time_time": 96.90575695037842,
    "target_noise": 0.0,
    "feature_noise": 0.0,
    "model_size": 383,
    "symbolic_model": "-0.238 + 17.1*max(0,-0.805-X0) * max(0,-0.632-X1) - 12.2*max(0,-0.805-X0) * max(0,-0.202-X1) + 10.8*max(0,X1-0.229) * max(0,X0-0.667) - 10.5*max(0,X0-0.299) * max(0,X1-0.229) - 10.0*max(0,X1+0.202) * max(0,X0-0.667) - 9.49*max(0,X0-0.667) * max(0,-0.202-X1) + 9.33*max(0,X0-0.299) * max(0,X1+0.202) + 8.75*max(0,X0-0.667) - 6.82*max(0,-1.06-X1) - 6.44*max(0,X1-0.659) - 6.00*max(0,X1-1.09) + 5.76*max(0,X0-0.299) * max(0,-0.202-X1) + 4.96*max(0,X1-0.659) * max(0,X0-0.667) - 4.52*max(0,X0-0.299) - 3.97*max(0,-0.202-X1) - 3.85*max(0,X0-0.299) * max(0,X0-0.667) - 3.48*X1 * max(0,X0-0.667) + 3.26*max(0,X1-0.659) * max(0,X1-0.229) + 3.13*max(0,X0-1.04) + 2.41*max(0,X0-0.667) * max(0,-0.632-X1) + 2.27*max(0,-0.632-X1) * max(0,-0.202-X1) - 2.16*max(0,-0.632-X1) - 1.67*max(0,X1+0.202) - 1.61*max(0,X1-0.659) * max(0,X0-0.299) + 1.61*X1 * max(0,X1+0.202) + 1.57*max(0,0.229-X1) - 1.57*max(0,X0-0.299) * max(0,-0.632-X1) + 1.55*max(0,X0-0.299) * X1 - 1.53*max(0,X1-0.659) * X1 - 1.50*max(0,X1-0.229) + 1.49*X1^2 + 1.38*max(0,X1-0.659) * max(0,X1+0.202) - 1.04*X1 * max(0,-0.632-X1) + 0.964*max(0,X1+0.632) - 0.860*X1 * max(0,X1-0.229) + 0.840*max(0,X1-0.229) * max(0,X1+0.202) + 0.351*X1 + 0.337*X1 * max(0,-0.202-X1) + 0.180*max(0,-0.437-X0) - 0.152*max(0,-0.805-X0) + 0.0398*max(0,0.299-X0)",
    "mse_train": 26.409632739794286,
    "mae_train": 4.120188496717232,
    "r2_train": 0.8343625950638677,
    "mse_test": 43.368739754659195,
    "mae_test": 5.437765141877117,
    "r2_test": 0.7457900295498174
}