{
    "dataset": "712_chscase_geyser1",
    "algorithm": "FFXRegressor",
    "params": {},
    "random_state": 4426,
    "process_time": 109.694237388,
    "time_time": 78.01526403427124,
    "target_noise": 0.0,
    "feature_noise": 0.0,
    "model_size": 509,
    "symbolic_model": "-0.0631 + 10.3*max(0,-0.909-X0) * max(0,X1-0.139) + 7.57*max(0,-0.909-X0) * max(0,-1.09-X1) - 7.50*max(0,X1-0.955) * max(0,X1-0.139) + 6.52*max(0,-0.909-X0) * max(0,0.139-X1) - 6.20*max(0,X1-0.547) * max(0,-0.909-X0) + 6.05*max(0,-0.678-X1) * max(0,-1.09-X1) - 5.80*max(0,-0.270-X1) * max(0,-0.909-X0) + 5.73*max(0,-1.09-X1) * max(0,X0-0.608) - 5.23*max(0,X1-0.955) * max(0,-0.909-X0) - 5.21*max(0,-0.678-X1) * max(0,X0-0.608) + 4.67*max(0,X1-0.547) * max(0,X1-0.139) - 4.66*max(0,-0.909-X0) * abs(X1) - 4.13*max(0,-1.09-X1) - 4.08*abs(X1) + 3.93*max(0,X1-0.139) + 3.90*max(0,X1-0.955) + 3.33*max(0,-0.678-X1) + 3.22*max(0,X0-0.608) * max(0,0.139-X1) + 2.66*max(0,0.139-X1) - 2.60*max(0,X1-0.547) + 2.26*max(0,X1-0.547) * max(0,X0-0.608) - 2.12*max(0,-0.678-X1) * max(0,-0.270-X1) - 2.03*max(0,X0-0.608) * abs(X1) + 1.93*max(0,X1-0.955) * max(0,X1-0.547) + 1.74*max(0,X0-0.608) - 1.73*max(0,0.547-X1) + 1.57*max(0,X1-0.955) * max(0,X0-0.608) - 1.18*max(0,-0.270-X1) * max(0,-1.09-X1) + 1.10*max(0,X1+0.678) - 0.964*abs(X1) * max(0,X1-0.139) + 0.808*max(0,X0-0.608) * max(0,X1-0.139) - 0.757*max(0,-0.270-X1) * max(0,X0-0.608) + 0.747*max(0,0.955-X1) + 0.618*max(0,-0.270-X1) + 0.576*max(0,-0.909-X0) - 0.463*max(0,-1.09-X1) * abs(X1) - 0.405*max(0,X1-0.955) * abs(X1) + 0.405*max(0,-0.678-X1) * abs(X1) - 0.367*X0^2 - 0.312*max(0,X1-0.547) * abs(X1) - 0.272*max(0,-0.530-X0) + 0.251*X1^2 - 0.201*max(0,-1.09-X1) * max(0,0.139-X1) + 0.164*max(0,-0.678-X1) * max(0,-0.909-X0) - 0.161*X0 + 0.156*max(0,-0.678-X1) * max(0,0.139-X1) + 0.154*abs(X0) + 0.153*max(0,-0.270-X1) * abs(X1) - 0.0870*max(0,X1+1.09) - 0.0841*max(0,-0.270-X1) * max(0,0.139-X1) + 0.0676*max(0,0.608-X0) - 0.0570*max(0,X1+0.270) - 0.0347*max(0,0.139-X1) * abs(X1) - 0.0257*X1",
    "mse_train": 23.28620522861539,
    "mae_train": 3.9049654551653905,
    "r2_train": 0.859705737450749,
    "mse_test": 69.9327704653398,
    "mae_test": 7.124382952604108,
    "r2_test": 0.545046088494886
}