{
    "dataset": "712_chscase_geyser1",
    "algorithm": "FFXRegressor",
    "params": {},
    "random_state": 29910,
    "process_time": 84.33002473299999,
    "time_time": 72.52054786682129,
    "target_noise": 0.0,
    "feature_noise": 0.0,
    "model_size": 577,
    "symbolic_model": "-1.96 + 20.4*max(0,-0.853-X0) * max(0,-1.13-X1) - 19.5*max(0,-0.853-X0) * max(0,X1-0.185) - 17.5*max(0,-1.13-X1) * max(0,-0.481-X0) - 13.3*max(0,-0.853-X0) * max(0,-0.252-X1) + 13.1*max(0,-0.853-X0) * max(0,-0.689-X1) - 10.9*max(0,X0-0.262) * max(0,-0.689-X1) - 9.80*max(0,-0.110-X0) * max(0,-0.252-X1) + 8.51*max(0,-0.853-X0) * X1 + 8.03*max(0,-0.481-X0) * max(0,-0.689-X1) - 7.51*max(0,-1.13-X1) - 7.34*max(0,-0.252-X1) * max(0,-0.481-X0) - 7.11*max(0,-0.110-X0) * max(0,-0.481-X0) + 6.53*abs(X1) * max(0,-0.481-X0) + 6.51*max(0,X0-0.262) * max(0,-1.13-X1) - 5.83*abs(X1) + 5.77*max(0,-1.13-X1) * max(0,-0.689-X1) + 5.53*max(0,-0.853-X0) + 5.10*max(0,X1-0.185) * max(0,-0.481-X0) + 4.68*max(0,-0.110-X0) * max(0,-1.13-X1) + 4.20*max(0,-0.853-X0) * abs(X1) + 4.11*max(0,-0.853-X0) * max(0,-0.481-X0) - 3.81*X1 * max(0,-0.481-X0) + 3.78*max(0,-0.252-X1) * max(0,X0-0.262) - 3.69*max(0,X1-1.06) + 3.64*max(0,-0.252-X1) - 3.47*max(0,-0.110-X0) * X1 + 3.36*max(0,-0.110-X0) + 2.98*max(0,-0.110-X0) * abs(X1) - 2.92*max(0,X1-0.622) + 2.85*max(0,X1+0.689) - 2.33*max(0,-1.13-X1) * abs(X1) - 2.30*max(0,-0.110-X0) * max(0,X1-0.185) + 2.26*X1^2 + 1.88*max(0,-0.252-X1) * abs(X1) + 1.62*max(0,-0.252-X1) * max(0,-0.689-X1) + 1.54*max(0,X1-0.185) * abs(X1) - 1.53*max(0,-0.110-X0) * max(0,-0.689-X1) + 1.28*X1 * max(0,-0.689-X1) + 1.24*X1 - 1.20*X1 * max(0,X1-0.185) + 1.20*max(0,0.185-X1) - 0.946*abs(X1) * max(0,-0.689-X1) + 0.926*X1 * abs(X1) + 0.862*max(0,X0-1.01) - 0.812*X1 * max(0,X0-0.262) + 0.806*max(0,X0-0.262) * max(0,X1-0.185) + 0.794*max(0,X0-0.262) + 0.725*X0 + 0.678*X1 * max(0,-1.13-X1) - 0.661*max(0,-0.481-X0) - 0.607*X0^2 + 0.533*max(0,0.262-X0) - 0.496*max(0,X0-0.634) - 0.458*max(0,X1-0.185) + 0.380*max(0,X1+0.252) + 0.372*max(0,1.06-X1) - 0.272*max(0,X1+1.13) + 0.187*max(0,X0-0.262) * abs(X1) + 0.145*max(0,-0.252-X1) * max(0,-1.13-X1) + 0.0755*max(0,-0.689-X1) - 0.0586*X1 * max(0,-0.252-X1) + 0.0477*max(0,0.622-X1) + 0.00574*max(0,X0+0.481)",
    "mse_train": 23.938818418162676,
    "mae_train": 3.870715040052677,
    "r2_train": 0.8409622814524751,
    "mse_test": 52.05249255241694,
    "mae_test": 6.00409784611852,
    "r2_test": 0.7390848333212716
}