{
    "dataset": "712_chscase_geyser1",
    "algorithm": "FFXRegressor",
    "params": {},
    "random_state": 16850,
    "process_time": 82.255191036,
    "time_time": 79.67384171485901,
    "target_noise": 0.0,
    "feature_noise": 0.0,
    "model_size": 544,
    "symbolic_model": "-0.172 - 36.6*max(0,-0.851-X0) * max(0,X1-0.215) + 35.3*max(0,X0-1.04) * max(0,X1-0.215) - 19.3*max(0,X0-1.04) * max(0,X1+0.210) + 16.1*max(0,-0.636-X1) * max(0,X0-1.04) + 16.0*max(0,-0.851-X0) * max(0,X1+0.210) - 15.3*max(0,-0.851-X0) * max(0,-0.210-X1) + 14.2*max(0,-0.472-X0) * max(0,X1-0.215) + 13.9*max(0,-0.851-X0) * abs(X1) - 13.5*max(0,X0-1.04) * abs(X1) + 13.4*max(0,-0.472-X0) * max(0,-0.636-X1) - 11.9*max(0,-0.472-X0) * max(0,X1+0.210) + 10.8*max(0,-0.851-X0) * max(0,-1.06-X1) + 10.5*max(0,X0-1.04) - 9.85*max(0,-0.472-X0) * max(0,-0.210-X1) - 9.31*max(0,-0.472-X0) * max(0,-1.06-X1) - 7.20*max(0,-1.06-X1) + 6.72*max(0,0.215-X1) * max(0,X1+0.210) - 5.53*max(0,-0.851-X0) - 5.41*max(0,X0-1.04) * max(0,-0.210-X1) + 4.75*max(0,-0.636-X1) + 4.74*max(0,-0.636-X1) * max(0,-1.06-X1) + 2.79*max(0,-1.06-X1) * abs(X1) + 2.65*max(0,-0.472-X0) + 2.35*max(0,-1.06-X1) * max(0,X0-1.04) + 1.82*max(0,X1+0.210) + 1.57*max(0,-0.210-X1) + 1.35*max(0,-0.472-X0) * abs(X1) + 1.20*max(0,0.215-X1) * max(0,X0-1.04) - 1.15*max(0,-0.636-X1) * abs(X1) - 1.08*abs(X1) - 0.950*X1^2 - 0.901*max(0,X1+0.210) * abs(X1) + 0.890*max(0,X1-0.215) * abs(X1) + 0.761*max(0,X1+0.210) * max(0,X1-0.215) + 0.667*max(0,X1-0.641) - 0.597*max(0,X1-1.07) - 0.561*max(0,0.215-X1) * abs(X1) + 0.539*max(0,-1.06-X1) * max(0,-0.210-X1) - 0.410*max(0,-0.636-X1) * max(0,-0.210-X1) - 0.299*max(0,0.215-X1) * max(0,-0.636-X1) - 0.265*max(0,0.215-X1) - 0.262*max(0,0.215-X1) * max(0,-1.06-X1) - 0.187*max(0,X0-0.665) - 0.179*max(0,-0.472-X0) * max(0,-0.851-X0) + 0.148*max(0,1.07-X1) + 0.141*max(0,0.286-X0) - 0.137*max(0,-0.851-X0) * max(0,-0.636-X1) - 0.122*max(0,-0.210-X1) * abs(X1) + 0.111*max(0,X1+0.636) + 0.107*max(0,X0-0.286) - 0.0706*max(0,0.215-X1) * max(0,-0.210-X1) - 0.0656*max(0,X0+0.472) - 0.0388*X1 - 0.0358*max(0,X1-0.215) + 0.0240*max(0,0.641-X1) - 0.0123*abs(X0) - 0.000837*max(0,-0.0932-X0)",
    "mse_train": 24.37532056357884,
    "mae_train": 3.904729364684844,
    "r2_train": 0.8514356462503982,
    "mse_test": 48.81600212424691,
    "mae_test": 5.681394220816315,
    "r2_test": 0.6921705277750978
}