{
    "dataset": "712_chscase_geyser1",
    "algorithm": "FFXRegressor",
    "params": {},
    "random_state": 21962,
    "process_time": 98.024271426,
    "time_time": 73.65202331542969,
    "target_noise": 0.0,
    "feature_noise": 0.0,
    "model_size": 542,
    "symbolic_model": "-2.93 + 27.7*max(0,0.187-X1) * max(0,X1+0.253) - 13.5*max(0,-0.253-X1) * max(0,-0.566-X0) + 12.1*max(0,X0-0.547) * max(0,X1-0.187) + 11.9*max(0,-0.566-X0) * abs(X1) + 9.43*max(0,-1.13-X1) * max(0,X0-0.547) - 7.71*max(0,-0.566-X0) * max(0,X1-0.187) - 6.28*max(0,X0-0.547) * max(0,-0.693-X1) - 6.13*max(0,X1+0.253) * max(0,X0-0.547) - 5.49*max(0,X0-0.547) * abs(X1) + 5.47*max(0,X0-0.547) * max(0,-0.253-X1) + 5.42*max(0,-1.13-X1) * max(0,-0.693-X1) + 5.28*max(0,X0-0.547) + 4.60*max(0,X0-0.918) - 4.49*max(0,X1+0.253) * max(0,-0.566-X0) - 4.37*max(0,X1-0.627) - 4.15*abs(X0) * max(0,X0-0.547) - 3.98*max(0,X1+0.253) * max(0,X1-0.187) + 3.92*abs(X1) * max(0,X1-0.187) - 3.92*max(0,X1-1.07) - 3.90*max(0,0.187-X1) * max(0,-0.566-X0) - 3.68*max(0,-0.566-X0) + 3.55*max(0,-1.13-X1) * max(0,-0.566-X0) - 3.52*max(0,-0.253-X1) * max(0,-0.693-X1) - 3.43*abs(X0) * max(0,-0.253-X1) + 3.25*abs(X0) * max(0,-0.693-X1) - 3.21*max(0,-1.13-X1) + 2.68*abs(X0) - 2.68*max(0,X1-0.187) + 2.32*abs(X0) * abs(X1) + 2.21*max(0,X1+0.253) + 2.18*max(0,-0.566-X0) * max(0,-0.693-X1) - 2.12*max(0,0.187-X1) * max(0,-1.13-X1) - 1.98*max(0,-0.253-X1) + 1.98*X1^2 - 1.76*max(0,-1.13-X1) * abs(X1) + 1.73*max(0,X1+0.253) * abs(X1) - 1.71*abs(X0) * max(0,X1+0.253) - 1.65*max(0,0.187-X1) * max(0,X0-0.547) + 1.41*max(0,X1+0.693) - 1.36*max(0,X0-0.176) + 1.29*abs(X0) * max(0,-0.566-X0) - 1.13*abs(X1) + 1.13*max(0,0.187-X1) * max(0,-0.253-X1) - 1.12*max(0,-0.936-X0) - 1.08*X1 + 0.596*max(0,-0.253-X1) * abs(X1) + 0.451*max(0,0.187-X1) * max(0,-0.693-X1) - 0.320*max(0,0.187-X1) * abs(X1) - 0.271*max(0,0.176-X0) + 0.241*max(0,X0+0.566) + 0.222*max(0,-0.195-X0) - 0.219*abs(X0) * max(0,X1-0.187) - 0.173*max(0,-0.693-X1) - 0.134*max(0,-1.13-X1) * max(0,-0.253-X1) - 0.105*abs(X1) * max(0,-0.693-X1) - 0.0389*max(0,1.07-X1) - 0.0104*max(0,0.187-X1) + 0.00661*max(0,0.627-X1)",
    "mse_train": 27.157602451367246,
    "mae_train": 4.137920844351377,
    "r2_train": 0.8235831301101267,
    "mse_test": 49.25273399042427,
    "mae_test": 5.384104861251269,
    "r2_test": 0.7390826068770293
}