{
    "dataset": "712_chscase_geyser1",
    "algorithm": "FFXRegressor",
    "params": {},
    "random_state": 14423,
    "process_time": 92.87450935899999,
    "time_time": 60.25723576545715,
    "target_noise": 0.0,
    "feature_noise": 0.0,
    "model_size": 611,
    "symbolic_model": "0.232 + 25.1*max(0,-0.925-X0) * max(0,-0.631-X1) - 19.8*max(0,-0.925-X0) * max(0,-0.201-X1) + 17.1*max(0,X1-1.09) - 12.0*max(0,X1-1.09) * max(0,X1+0.201) + 8.18*max(0,-1.06-X1) * max(0,-0.631-X1) + 7.20*max(0,-0.925-X0) + 7.19*max(0,-0.549-X0) * max(0,X1-1.09) - 5.69*max(0,-1.06-X1) - 4.93*max(0,-0.173-X0) * max(0,X1-1.09) + 4.52*max(0,-0.549-X0) * max(0,-0.201-X1) + 4.32*max(0,-0.173-X0) - 4.02*max(0,-0.925-X0) * max(0,X1+0.201) + 3.99*max(0,X0-0.955) - 3.97*max(0,-0.549-X0) * max(0,-0.631-X1) - 3.89*max(0,-0.201-X1) - 3.78*max(0,-0.173-X0) * max(0,-1.06-X1) - 3.76*max(0,X0-0.579) * max(0,-0.631-X1) - 3.64*max(0,X1-0.660) - 3.50*max(0,-0.549-X0) * max(0,-0.173-X0) + 3.31*max(0,-0.173-X0) * max(0,-0.631-X1) + 3.23*max(0,-0.631-X1) + 2.59*max(0,X1-1.09) * max(0,X0-0.203) + 2.55*max(0,X0-0.203) * max(0,X1+0.201) - 2.52*max(0,X0-0.579) * max(0,X0-0.203) + 2.31*max(0,X0-0.579) * max(0,-0.201-X1) + 1.98*X1 * max(0,X1+0.201) - 1.93*max(0,-1.06-X1) * max(0,-0.201-X1) - 1.89*max(0,X0-0.579) * max(0,X1+0.201) - 1.72*max(0,X1+0.201) - 1.72*max(0,-0.173-X0) * max(0,-0.201-X1) - 1.66*max(0,X0-0.203) * max(0,-1.06-X1) - 1.58*max(0,X1-1.09) * max(0,X0-0.579) + 1.57*max(0,X0-0.579) - 1.54*max(0,X1-1.09) * X1 + 1.34*X1 * max(0,-0.201-X1) + 1.27*max(0,X0-0.203) * max(0,-0.201-X1) - 1.26*max(0,X1-0.229) + 1.19*max(0,-0.549-X0) * max(0,X1+0.201) + 1.13*X1^2 - 0.953*max(0,0.203-X0) + 0.941*max(0,-0.173-X0) * max(0,X1+0.201) - 0.904*X0^2 + 0.702*max(0,0.229-X1) - 0.657*max(0,-0.549-X0) + 0.505*max(0,-1.06-X1) * X1 - 0.438*max(0,-0.549-X0) * max(0,-1.06-X1) + 0.350*X1 - 0.325*max(0,X0-0.203) + 0.314*X0 - 0.275*X1 * max(0,-0.631-X1) + 0.253*max(0,0.579-X0) + 0.221*max(0,X0-0.203) * max(0,-0.631-X1) - 0.178*max(0,0.955-X0) + 0.170*max(0,-0.201-X1) * max(0,-0.631-X1) + 0.168*max(0,X0-0.579) * X1 + 0.167*max(0,X0-0.579) * max(0,-1.06-X1) + 0.163*max(0,X0+0.173) - 0.156*max(0,-0.173-X0) * X1 - 0.153*max(0,X1+1.06) + 0.125*max(0,X1+0.631) + 0.107*max(0,X0+0.925) - 0.0682*max(0,0.660-X1) - 0.0414*max(0,X0+0.549) - 0.0233*max(0,X0-0.203) * X1 + 0.00663*max(0,-0.549-X0) * X1",
    "mse_train": 23.812087099578193,
    "mae_train": 3.9733652813729865,
    "r2_train": 0.852544741781228,
    "mse_test": 63.00372639159201,
    "mae_test": 6.2474906056278785,
    "r2_test": 0.6243960710298375
}