{
    "dataset": "712_chscase_geyser1",
    "algorithm": "FFXRegressor",
    "params": {},
    "random_state": 860,
    "process_time": 95.442253373,
    "time_time": 75.8221333026886,
    "target_noise": 0.0,
    "feature_noise": 0.0,
    "model_size": 557,
    "symbolic_model": "1.04 - 20.4*max(0,-0.894-X0) * max(0,X1-0.275) - 17.8*max(0,X1-1.14) * abs(X1) + 16.3*max(0,X1-1.14) + 15.8*max(0,-0.894-X0) * max(0,X1+0.159) - 13.7*max(0,-0.516-X0) * max(0,X1+0.159) + 12.6*max(0,-0.894-X0) * max(0,-1.03-X1) - 11.6*max(0,-0.894-X0) * max(0,X1-1.14) + 8.57*max(0,-0.516-X0) * max(0,X1-0.275) + 8.05*max(0,-0.516-X0) * abs(X1) - 7.89*max(0,-0.516-X0) * max(0,-0.592-X1) + 6.68*max(0,-0.592-X1) * max(0,-1.03-X1) - 5.43*max(0,-0.516-X0) * max(0,-0.159-X1) + 5.17*max(0,X1+0.159) - 4.70*abs(X1) + 4.44*abs(X0) * max(0,X1-1.14) - 4.31*max(0,X1-1.14) * max(0,X1-0.275) - 3.73*max(0,-1.03-X1) + 3.66*max(0,X1-0.275) * abs(X1) + 3.63*max(0,-0.592-X1) - 3.62*max(0,X1-0.708) + 3.54*max(0,X1-1.14) * max(0,X1+0.159) - 2.99*max(0,-1.03-X1) * abs(X1) + 2.63*max(0,-0.516-X0) * max(0,X1-1.14) - 2.60*abs(X0) * max(0,-0.894-X0) + 2.45*max(0,-0.592-X1) * max(0,-0.894-X0) - 2.44*max(0,X1+0.159) * max(0,X1-0.275) - 2.30*max(0,X1-0.275) - 2.03*max(0,-0.894-X0) * abs(X1) - 1.96*abs(X0) * max(0,-0.592-X1) - 1.81*max(0,-0.894-X0) + 1.76*X1^2 + 1.74*max(0,-0.159-X1) + 1.69*max(0,-0.516-X0) * max(0,-0.894-X0) + 1.61*abs(X0) * max(0,-0.159-X1) + 1.57*abs(X0) * max(0,X1-0.275) + 1.39*max(0,X1+0.159) * abs(X1) - 1.34*max(0,X1+0.592) - 1.20*max(0,-0.592-X1) * abs(X1) - 1.12*max(0,-0.894-X0) * max(0,-0.159-X1) + 1.05*abs(X0) * max(0,-1.03-X1) + 0.900*abs(X0) - 0.884*abs(X0) * abs(X1) + 0.875*max(0,-0.516-X0) - 0.829*max(0,0.275-X1) + 0.770*max(0,-0.516-X0) * abs(X0) - 0.620*max(0,X0-0.240) - 0.477*max(0,X1+1.03) - 0.400*max(0,-0.516-X0) * max(0,-1.03-X1) - 0.396*max(0,-0.159-X1) * abs(X1) + 0.393*max(0,X0-0.618) - 0.331*max(0,0.708-X1) + 0.260*max(0,-1.03-X1) * max(0,-0.159-X1) - 0.258*X1 - 0.243*abs(X0) * max(0,X1+0.159) - 0.192*max(0,X0-0.996) - 0.145*max(0,-0.592-X1) * max(0,-0.159-X1) + 0.0604*max(0,0.240-X0) + 0.0534*max(0,1.14-X1) - 0.0365*max(0,-0.138-X0) + 0.0121*max(0,X0+0.516)",
    "mse_train": 22.73031095178301,
    "mae_train": 3.7263247080497837,
    "r2_train": 0.8539741428165664,
    "mse_test": 67.55318758418002,
    "mae_test": 6.614212373271842,
    "r2_test": 0.6286041435957332
}