{
    "dataset": "712_chscase_geyser1",
    "algorithm": "FFXRegressor",
    "params": {},
    "random_state": 23654,
    "process_time": 77.30070223599999,
    "time_time": 91.5644474029541,
    "target_noise": 0.0,
    "feature_noise": 0.0,
    "model_size": 568,
    "symbolic_model": "-0.143 - 23.8*max(0,-0.808-X0) * max(0,X1-0.232) + 16.8*max(0,-0.808-X0) * max(0,-0.639-X1) - 11.5*max(0,-0.808-X0) * max(0,-0.204-X1) + 10.9*max(0,-0.435-X0) * max(0,X1-0.232) + 9.08*max(0,-0.808-X0) * abs(X1) - 8.48*max(0,-0.435-X0) * max(0,X1+0.204) - 8.34*max(0,-0.435-X0) * max(0,-0.204-X1) - 7.37*max(0,1.10-X1) * max(0,X1-0.232) + 6.30*max(0,-1.07-X1) * max(0,-0.639-X1) + 5.91*max(0,X1-0.232) - 5.30*max(0,1.10-X1) * max(0,-0.808-X0) + 4.98*max(0,-0.808-X0) + 4.57*max(0,0.232-X1) * max(0,X1+0.204) - 4.26*max(0,-1.07-X1) - 4.03*max(0,-1.07-X1) * max(0,-0.808-X0) + 3.63*max(0,-0.435-X0) * max(0,-0.639-X1) + 3.52*max(0,-1.07-X1) * abs(X1) + 3.46*max(0,X1-1.10) - 3.35*max(0,-1.07-X1) * max(0,-0.204-X1) + 2.84*max(0,-0.808-X0) * max(0,X1+0.204) - 2.56*max(0,X1-0.232) * abs(X1) + 2.21*max(0,1.10-X1) * max(0,X1+0.204) + 2.20*max(0,-0.435-X0) * max(0,0.232-X1) - 2.16*max(0,X1-0.667) + 2.14*max(0,-0.435-X0) - 2.11*abs(X1) + 1.76*max(0,X1+0.204) + 1.52*max(0,-0.435-X0) * abs(X1) + 1.39*max(0,-0.639-X1) - 1.32*max(0,-0.435-X0) * max(0,-0.808-X0) - 1.24*max(0,0.232-X1) * max(0,-0.808-X0) - 1.04*max(0,-1.07-X1) * max(0,0.232-X1) - 0.985*max(0,-1.07-X1) * max(0,1.10-X1) + 0.906*max(0,-0.204-X1) - 0.884*max(0,0.232-X1) * abs(X1) + 0.853*max(0,X1+0.204) * abs(X1) - 0.623*X1 - 0.583*max(0,X1+0.204) * max(0,X1-0.232) + 0.582*max(0,X0-0.686) - 0.512*max(0,-0.0612-X0) - 0.395*max(0,X0-1.06) + 0.356*max(0,1.10-X1) * max(0,0.232-X1) + 0.348*max(0,0.232-X1) + 0.272*max(0,0.232-X1) * max(0,-0.639-X1) - 0.269*max(0,1.10-X1) * abs(X1) - 0.171*max(0,X1+1.07) - 0.160*max(0,X0+0.808) + 0.142*max(0,1.10-X1) * max(0,-0.204-X1) - 0.133*X1^2 - 0.127*max(0,-0.639-X1) * abs(X1) + 0.120*max(0,1.10-X1) * max(0,-0.639-X1) + 0.116*max(0,X1+0.639) + 0.0902*max(0,0.232-X1) * max(0,-0.204-X1) + 0.0870*max(0,-0.204-X1) * max(0,-0.639-X1) + 0.0779*max(0,0.312-X0) - 0.0608*max(0,0.667-X1) - 0.0545*abs(X0) - 0.0151*max(0,1.10-X1) - 0.00356*max(0,-0.204-X1) * abs(X1)",
    "mse_train": 24.036534345290043,
    "mae_train": 3.9772337747472575,
    "r2_train": 0.8467483451642169,
    "mse_test": 51.79970639739752,
    "mae_test": 5.7937231085920455,
    "r2_test": 0.7122396565129137
}