{
    "dataset": "712_chscase_geyser1",
    "algorithm": "FFXRegressor",
    "params": {},
    "random_state": 5390,
    "process_time": 104.08706163,
    "time_time": 89.60720825195312,
    "target_noise": 0.0,
    "feature_noise": 0.0,
    "model_size": 364,
    "symbolic_model": "-0.496 + 70.9*max(0,X1-1.03) * max(0,-0.864-X0) - 19.6*max(0,X1-0.205) * max(0,X1-1.03) - 13.5*max(0,-0.120-X0) * max(0,X1-1.03) - 11.2*max(0,X1-0.205) * max(0,-0.864-X0) + 10.8*max(0,X0-0.995) * max(0,-1.03-X1) - 9.95*max(0,X0-0.995) * max(0,-0.620-X1) + 9.72*max(0,X1-1.03) - 9.16*max(0,-0.120-X0) * max(0,-0.620-X1) - 8.24*max(0,-1.03-X1) + 7.10*max(0,X1-1.03) * X1 + 6.78*max(0,-0.864-X0) * max(0,-0.620-X1) + 6.09*X1 * max(0,-0.864-X0) + 5.08*max(0,-0.120-X0) * max(0,X1-0.205) + 5.02*max(0,-0.120-X0) * max(0,-1.03-X1) + 4.54*max(0,X1-0.205) * X1 - 4.36*max(0,X1-0.618) + 4.34*max(0,-0.620-X1) * max(0,-1.03-X1) + 3.95*max(0,-0.864-X0) * max(0,-1.03-X1) - 3.73*max(0,X1-0.205) - 3.67*max(0,-0.120-X0) * X1 + 3.10*max(0,-0.620-X1) + 3.10*X1 * max(0,-1.03-X1) + 3.04*max(0,-0.207-X1) * max(0,-1.03-X1) + 2.94*max(0,X0-0.995) * max(0,X1-1.03) + 2.05*max(0,-0.864-X0) + 1.78*max(0,X0-0.995) - 1.26*max(0,-0.120-X0) * max(0,-0.864-X0) - 1.24*max(0,X0-0.995) * X1 - 1.23*max(0,-0.207-X1) + 1.11*max(0,X1+0.207) - 0.886*X1 * max(0,-0.620-X1) - 0.839*max(0,X1-0.205) * max(0,X0-0.995) + 0.714*X1 + 0.349*max(0,0.251-X0) + 0.222*max(0,X0-0.251) + 0.122*max(0,-0.120-X0) + 0.0842*max(0,X0-0.623) - 0.0104*X1^2 + 0.000393*max(0,-0.492-X0)",
    "mse_train": 25.587036847652993,
    "mae_train": 4.03577446474408,
    "r2_train": 0.8560906772631114,
    "mse_test": 143.70810446972973,
    "mae_test": 7.157703228168947,
    "r2_test": -0.20947523748929164
}