{
    "dataset": "712_chscase_geyser1",
    "algorithm": "FFXRegressor",
    "params": {},
    "random_state": 15795,
    "process_time": 98.651981979,
    "time_time": 78.46647214889526,
    "target_noise": 0.0,
    "feature_noise": 0.0,
    "model_size": 342,
    "symbolic_model": "-0.311 + 39.4*max(0,X1-1.00) * max(0,-0.468-X0) - 29.1*max(0,X1+0.716) * max(0,-0.287-X1) + 26.8*max(0,X1-1.00) - 23.7*max(0,X1-1.00) * max(0,0.281-X0) - 14.7*max(0,X1-1.00) * max(0,X1+0.716) + 7.73*max(0,X1-1.00) * max(0,X0-0.655) + 4.93*max(0,-1.15-X1) * max(0,X0-0.655) - 4.73*max(0,X1-0.142) + 4.29*max(0,-1.15-X1) * max(0,0.281-X0) - 4.11*max(0,-1.15-X1) - 3.65*max(0,X1-0.571) + 3.65*max(0,X1-0.142) * max(0,X1+0.716) - 3.14*max(0,0.281-X0) * max(0,-0.287-X1) + 2.97*max(0,-0.287-X1) + 2.80*max(0,0.281-X0) + 2.56*X1 + 2.39*max(0,X1-0.142) * max(0,-0.468-X0) - 2.21*max(0,X0-0.655) * max(0,-0.287-X1) + 2.08*max(0,-1.15-X1) * max(0,-0.287-X1) - 1.70*max(0,X1+0.716) * max(0,0.281-X0) + 1.55*max(0,X0-0.281) - 1.42*max(0,X1+0.716) + 1.25*max(0,X1-0.142) * max(0,0.281-X0) - 1.23*max(0,X1+0.716) * max(0,-0.468-X0) - 1.11*max(0,X1-0.142) * max(0,X0-0.655) - 0.687*max(0,X0-0.655) + 0.567*max(0,-0.842-X0) - 0.541*max(0,0.281-X0) * max(0,-0.468-X0) + 0.455*max(0,X1+1.15) - 0.365*X1^2 + 0.307*max(0,X0-1.03) - 0.175*max(0,X0-0.655) * max(0,X1+0.716) - 0.0974*max(0,-0.468-X0) + 0.0791*max(0,-1.15-X1) * max(0,-0.468-X0) - 0.0271*max(0,-0.468-X0) * max(0,-0.287-X1)",
    "mse_train": 28.097781974593353,
    "mae_train": 4.310066263168923,
    "r2_train": 0.822849702300344,
    "mse_test": 58.457687570978386,
    "mae_test": 5.810438088648373,
    "r2_test": 0.6680410971493043
}