{
    "dataset": "523_analcatdata_neavote",
    "algorithm": "GPGOMEARegressor",
    "params": {
        "caching": false,
        "classweights": false,
        "elitism": 1,
        "erc": true,
        "evaluations": 500000,
        "functions": "+_-_*_p/",
        "generations": -1,
        "gomea": true,
        "gomfos": "LT",
        "ims": false,
        "initmaxtreeheight": 4,
        "linearscaling": true,
        "maxsize": 1000,
        "maxtreeheight": 17,
        "parallel": false,
        "popsize": 1000,
        "prob": "symbreg",
        "reproduction": 0.0,
        "sbagx": 0.0,
        "sblibtype": false,
        "sbrdo": 0.0,
        "seed": -1,
        "silent": true,
        "subcross": 0.5,
        "submut": 0.5,
        "syntuniqinit": 1000,
        "time": 7200,
        "tournament": 4,
        "unifdepthvar": true
    },
    "random_state": 23654,
    "process_time": 9511.437656595,
    "time_time": 23471.103488445282,
    "target_noise": 0.0,
    "feature_noise": 0.0,
    "model_size": 27,
    "symbolic_model": "-0.766892+0.000688*(((((-2.042000-14.008000)*(-4.580000p/x1))p/((8.171000+-9.228000)-x0))+(((11.034000*-0.241000)p/x1)+((x1*21.941000)-(-22.931000p/x0)))))",
    "mse_train": 0.7321028584042306,
    "mae_train": 0.5426799104865665,
    "r2_train": 0.9541794225412934,
    "mse_test": 3.0570909269999653,
    "mae_test": 0.7823418524536361,
    "r2_test": 0.7772059434031042
}