{
    "dataset": "523_analcatdata_neavote",
    "algorithm": "GPGOMEARegressor",
    "params": {
        "caching": false,
        "classweights": false,
        "elitism": 1,
        "erc": true,
        "evaluations": 500000,
        "functions": "+_-_*_p/",
        "generations": -1,
        "gomea": true,
        "gomfos": "LT",
        "ims": false,
        "initmaxtreeheight": 6,
        "linearscaling": true,
        "maxsize": 1000,
        "maxtreeheight": 17,
        "parallel": false,
        "popsize": 1000,
        "prob": "symbreg",
        "reproduction": 0.0,
        "sbagx": 0.0,
        "sblibtype": false,
        "sbrdo": 0.0,
        "seed": -1,
        "silent": true,
        "subcross": 0.5,
        "submut": 0.5,
        "syntuniqinit": 1000,
        "time": 7200,
        "tournament": 4,
        "unifdepthvar": true
    },
    "random_state": 15795,
    "process_time": 10543.273842231,
    "time_time": 22551.582580804825,
    "target_noise": 0.0,
    "feature_noise": 0.0,
    "model_size": 103,
    "symbolic_model": "-1.254161+-0.000015*(((((((-13.963000p/-5.655000)-(x1*14.336000))p/((5.232000+x0)*-7.004000))p/(x1p/x0))+((((x0--26.138000)+(x0*-8.567000))-((x1*x1)+(x0-x1)))+(((x0--12.897000)-(x1p/-25.194000))-((-7.941000+x1)-(-21.851000*-1.033000)))))*(((((18.775000*x0)-(x0-x1))-((x0-x0)p/(x1+-12.141000)))*(x1-((-28.360000+-0.476000)-(x0p/-12.560000))))-((((x1p/x1)-(4.665000-x0))*((x0*12.599000)*x0))*(((-24.104000-x0)+x0)+((x1-x0)-(x0+x1)))))))",
    "mse_train": 0.6682049298551875,
    "mae_train": 0.5651120599150252,
    "r2_train": 0.9554957287766952,
    "mse_test": 0.8621455957753571,
    "mae_test": 0.665372136822881,
    "r2_test": 0.9473067673225506
}