{
    "dataset": "523_analcatdata_neavote",
    "algorithm": "GPGOMEARegressor",
    "params": {
        "caching": false,
        "classweights": false,
        "elitism": 1,
        "erc": true,
        "evaluations": 500000,
        "functions": "+_-_*_p/",
        "generations": -1,
        "gomea": true,
        "gomfos": "LT",
        "ims": false,
        "initmaxtreeheight": 6,
        "linearscaling": true,
        "maxsize": 1000,
        "maxtreeheight": 17,
        "parallel": false,
        "popsize": 1000,
        "prob": "symbreg",
        "reproduction": 0.0,
        "sbagx": 0.0,
        "sblibtype": false,
        "sbrdo": 0.0,
        "seed": -1,
        "silent": true,
        "subcross": 0.5,
        "submut": 0.5,
        "syntuniqinit": 1000,
        "time": 7200,
        "tournament": 4,
        "unifdepthvar": true
    },
    "random_state": 29910,
    "process_time": 4965.754770545,
    "time_time": 4965.869568109512,
    "target_noise": 0.0,
    "feature_noise": 0.0,
    "model_size": 119,
    "symbolic_model": "-0.799178+446.836284*(((((((x0+x0)-(x0p/x0))-((x0+x1)-(-7.204000p/x1)))*(((x1+x1)-(x1p/x0))*((x0+-0.098000)-19.366000)))-((((0.990000+-17.705000)-(x1+x1))p/((-3.673000p/x0)*x0))-(((20.003000p/x1)p/(x0+x0))p/((x1p/0.947000)*(x1p/x1)))))p/(((((x1p/x1)*(x1p/x0))+((5.503000+x0)*(x1p/11.019000)))*(((-18.230000+x1)+(18.029000*20.913000))*((-7.678000+x1)-(4.710000*x0))))*(((11.189000-(x1+x0))+((x1-x1)+(x1p/8.114000)))p/(((x0*x1)*(x1p/x1))p/(x0+(x0*16.320000)))))))",
    "mse_train": 0.8216918767636826,
    "mae_train": 0.597423131864389,
    "r2_train": 0.9476934406908275,
    "mse_test": 0.7512579886058803,
    "mae_test": 0.5261651055902895,
    "r2_test": 0.9506063283317194
}