{
    "dataset": "556_analcatdata_apnea2",
    "algorithm": "LinearRegression",
    "params": {
        "copy_X": true,
        "fit_intercept": true,
        "n_jobs": null,
        "normalize": false,
        "positive": false
    },
    "random_state": 14423,
    "process_time": 4.136188074,
    "time_time": 0.42931199073791504,
    "target_noise": 0.0,
    "feature_noise": 0.0,
    "model_size": 3,
    "symbolic_model": "not implemented",
    "mse_train": 9091300.075805467,
    "mae_train": 1332.4366530992636,
    "r2_train": 0.017796685407249546,
    "mse_test": 10828496.965231312,
    "mae_test": 1539.160378814721,
    "r2_test": 0.008881004364993506
}