{
    "dataset": "519_vinnie",
    "algorithm": "KernelRidge",
    "params": {
        "alpha": 0.1,
        "coef0": 1,
        "degree": 3,
        "gamma": 0.01,
        "kernel": "rbf",
        "kernel_params": null
    },
    "random_state": 21962,
    "process_time": 12.495864837000001,
    "time_time": 3.871934652328491,
    "target_noise": 0.0,
    "feature_noise": 0.0,
    "model_size": 285,
    "symbolic_model": "not implemented",
    "mse_train": 2.357532770523392,
    "mae_train": 1.2201624330828513,
    "r2_train": 0.7359296707084568,
    "mse_test": 2.2722231588059203,
    "mae_test": 1.2406479171172602,
    "r2_test": 0.7906057752341022
}