{
    "dataset": "519_vinnie",
    "algorithm": "KernelRidge",
    "params": {
        "alpha": 0.1,
        "coef0": 1,
        "degree": 3,
        "gamma": 0.01,
        "kernel": "rbf",
        "kernel_params": null
    },
    "random_state": 29910,
    "process_time": 8.503426381999999,
    "time_time": 2.594421148300171,
    "target_noise": 0.0,
    "feature_noise": 0.0,
    "model_size": 285,
    "symbolic_model": "not implemented",
    "mse_train": 2.3143834786445625,
    "mae_train": 1.209830311152772,
    "r2_train": 0.7497026855030895,
    "mse_test": 2.3511115794953983,
    "mae_test": 1.2600361929763884,
    "r2_test": 0.7623184577262587
}