{
    "dataset": "663_rabe_266",
    "algorithm": "FFXRegressor",
    "params": {},
    "random_state": 860,
    "process_time": 62.90631011000001,
    "time_time": 64.34954977035522,
    "target_noise": 0.0,
    "feature_noise": 0.0,
    "model_size": 76,
    "symbolic_model": "-0.202 + 0.790*X0 + 0.191*max(0,1.21-X0) * max(0,-0.858-X1) + 0.107*max(0,X0+0.975) - 0.101*X1 * max(0,0.411-X1) - 0.0930*X1 * max(0,1.21-X0) + 0.0901*max(0,0.411-X1) - 0.0878*max(0,-0.0995-X0) - 0.0258*max(0,1.21-X0) - 0.0218*X1 - 0.0175*X1 * max(0,-0.858-X1)",
    "mse_train": 3.399667513762336,
    "mae_train": 1.4402278209062465,
    "r2_train": 0.9986483874425625,
    "mse_test": 10.225603907173355,
    "mae_test": 2.3402374126325807,
    "r2_test": 0.9969418815641967
}