{
    "dataset": "663_rabe_266",
    "algorithm": "FFXRegressor",
    "params": {},
    "random_state": 29910,
    "process_time": 59.563138691,
    "time_time": 67.84708166122437,
    "target_noise": 0.0,
    "feature_noise": 0.0,
    "model_size": 165,
    "symbolic_model": "-0.314 + 0.829*X0 + 0.176*max(0,X0+0.841) + 0.167*max(0,-0.153-X1) * max(0,-0.956-X1) + 0.117*max(0,1.23-X0) * max(0,-0.956-X1) - 0.114*X1 + 0.0976*max(0,0.402-X0) * max(0,-0.956-X1) + 0.0939*max(0,X0+0.841) * max(0,0.402-X0) + 0.0884*max(0,0.651-X1) + 0.0793*max(0,1.23-X0) * max(0,-0.153-X1) - 0.0747*max(0,0.651-X1) * max(0,X0-0.816) - 0.0580*max(0,0.402-X0) - 0.0459*max(0,0.651-X1) * X0 + 0.0405*max(0,-0.153-X1) + 0.0245*max(0,X0-0.816) + 0.0215*max(0,0.651-X1) * max(0,-0.153-X1) + 0.0156*X0 * max(0,X0-0.816) - 0.0141*max(0,-0.427-X0) + 0.00480*max(0,X0+0.841) * max(0,X0-0.816)",
    "mse_train": 3.362832926517435,
    "mae_train": 1.298335156014891,
    "r2_train": 0.9988266076611529,
    "mse_test": 1.9655544377589793,
    "mae_test": 1.1216758301835477,
    "r2_test": 0.9990328138223049
}