{
    "dataset": "663_rabe_266",
    "algorithm": "FFXRegressor",
    "params": {},
    "random_state": 5390,
    "process_time": 59.045456539,
    "time_time": 60.0163311958313,
    "target_noise": 0.0,
    "feature_noise": 0.0,
    "model_size": 124,
    "symbolic_model": "-0.401 + 0.714*X0 - 0.281*max(0,-0.940-X1) * X0 + 0.238*max(0,X0+0.939) + 0.215*max(0,-0.0940-X1) + 0.149*max(0,-0.940-X1) + 0.120*max(0,0.752-X1) - 0.0904*max(0,-0.139-X0) - 0.0657*max(0,X1-0.329) + 0.0621*max(0,0.752-X1) * max(0,-0.940-X1) + 0.0535*max(0,X1-0.329) * X0 + 0.0516*abs(X1) * max(0,-0.940-X1) - 0.0470*max(0,-0.539-X0) - 0.0456*max(0,0.752-X1) * X0 - 0.0305*max(0,X1-1.17) + 0.0277*max(0,X0-0.660) + 0.00521*max(0,-0.517-X1)",
    "mse_train": 3.5022264506922784,
    "mae_train": 1.3921143150832003,
    "r2_train": 0.9988700985635234,
    "mse_test": 5.652477983626253,
    "mae_test": 1.764642383425627,
    "r2_test": 0.9963933373092525
}