{
    "dataset": "663_rabe_266",
    "algorithm": "FFXRegressor",
    "params": {},
    "random_state": 28020,
    "process_time": 63.150934445000004,
    "time_time": 55.7299370765686,
    "target_noise": 0.0,
    "feature_noise": 0.0,
    "model_size": 95,
    "symbolic_model": "-0.366 + 0.749*X0 + 0.283*max(0,-0.0828-X1) * max(0,-0.896-X1) + 0.219*max(0,X0+0.941) - 0.195*max(0,-0.896-X1) * X0 + 0.182*max(0,-0.0828-X1) - 0.122*max(0,-0.519-X0) - 0.119*X1 - 0.101*max(0,-0.0828-X1) * X0 + 0.0834*max(0,0.324-X1) + 0.0785*max(0,X1-0.324) * X0 + 0.0206*max(0,-0.489-X1) + 0.00393*max(0,-0.519-X0) * max(0,-0.896-X1)",
    "mse_train": 3.681530995139387,
    "mae_train": 1.3101205770285995,
    "r2_train": 0.9986367807310209,
    "mse_test": 3.379995331759046,
    "mae_test": 1.4402133826623784,
    "r2_test": 0.9987905979000492
}