{
    "dataset": "663_rabe_266",
    "algorithm": "FFXRegressor",
    "params": {},
    "random_state": 4426,
    "process_time": 62.800045784000005,
    "time_time": 50.07268500328064,
    "target_noise": 0.0,
    "feature_noise": 0.0,
    "model_size": 126,
    "symbolic_model": "-0.411 + 0.756*X0 + 0.260*max(0,X0+0.931) - 0.177*X0 * max(0,-0.954-X1) + 0.173*max(0,-0.110-X1) * max(0,-0.954-X1) - 0.165*max(0,-0.513-X0) + 0.146*max(0,-0.110-X1) - 0.0955*X1 - 0.0780*max(0,-0.110-X1) * X0 + 0.0507*max(0,1.16-X1) + 0.0381*max(0,-0.954-X1) - 0.0370*max(0,1.16-X1) * X0 + 0.0300*max(0,1.16-X1) * max(0,-0.954-X1) + 0.0248*max(0,1.16-X1) * max(0,-0.110-X1) + 0.0202*max(0,0.313-X1) + 4.98e-5*max(0,X0-0.741) * max(0,X0+0.931)",
    "mse_train": 3.227786105624608,
    "mae_train": 1.2733298387184901,
    "r2_train": 0.9988457741246245,
    "mse_test": 3.9524470433428034,
    "mae_test": 1.500968303839907,
    "r2_test": 0.9984170343849309
}