{
    "dataset": "663_rabe_266",
    "algorithm": "FFXRegressor",
    "params": {},
    "random_state": 15795,
    "process_time": 50.38311632,
    "time_time": 56.04686260223389,
    "target_noise": 0.0,
    "feature_noise": 0.0,
    "model_size": 121,
    "symbolic_model": "-0.191 + 0.926*X0 + 0.238*max(0,-0.0116-X1) * max(0,-0.847-X1) + 0.221*max(0,X0-1.13) * max(0,X1-1.24) + 0.196*max(0,-0.0116-X1) + 0.138*max(0,X1-1.24) * X0 - 0.122*max(0,-0.847-X1) * X0 - 0.121*X1 - 0.120*max(0,-0.0116-X1) * X0 + 0.100*max(0,-0.175-X0) * max(0,-0.847-X1) - 0.0566*max(0,-0.175-X0) + 0.0554*max(0,X0+0.612) + 0.0393*max(0,0.406-X1) + 0.0305*max(0,-0.847-X1) + 0.0166*max(0,0.824-X1) + 0.00197*max(0,X0-0.698)",
    "mse_train": 3.544961804839973,
    "mae_train": 1.3944675373336115,
    "r2_train": 0.9985874300597452,
    "mse_test": 13.195878709832416,
    "mae_test": 2.520392643908122,
    "r2_test": 0.9957256097087579
}