{
    "dataset": "663_rabe_266",
    "algorithm": "FFXRegressor",
    "params": {},
    "random_state": 23654,
    "process_time": 70.612606645,
    "time_time": 33.44219422340393,
    "target_noise": 0.0,
    "feature_noise": 0.0,
    "model_size": 119,
    "symbolic_model": "-0.375 + 0.720*X0 + 0.212*max(0,X0+0.916) - 0.184*max(0,-0.881-X1) * X0 + 0.143*max(0,-0.0199-X1) * max(0,-0.881-X1) + 0.114*max(0,-0.0199-X1) + 0.101*max(0,0.841-X1) + 0.100*max(0,-0.0963-X0) * max(0,-0.881-X1) - 0.0918*max(0,-0.0963-X0) - 0.0791*X1 + 0.0677*X1 * X0 - 0.0666*X1 * max(0,-0.0199-X1) - 0.0473*max(0,-0.506-X0) - 0.0211*X1 * max(0,-0.881-X1) + 0.0196*max(0,X0-0.723) * X0 + 0.00722*max(0,X0-0.723) * X1",
    "mse_train": 3.5998282634147287,
    "mae_train": 1.4234293454627893,
    "r2_train": 0.9987223254167338,
    "mse_test": 2.9953509336000588,
    "mae_test": 1.1005334969838112,
    "r2_test": 0.9987706169041508
}