{
    "dataset": "663_rabe_266",
    "algorithm": "FFXRegressor",
    "params": {},
    "random_state": 21962,
    "process_time": 60.466509715,
    "time_time": 54.63258099555969,
    "target_noise": 0.0,
    "feature_noise": 0.0,
    "model_size": 145,
    "symbolic_model": "-0.493 + 0.722*X0 + 0.267*max(0,X0+0.954) + 0.205*max(0,-0.120-X1) * max(0,-0.957-X1) - 0.151*max(0,-0.542-X0) - 0.145*max(0,-0.957-X1) * X0 - 0.114*max(0,-0.120-X1) * X0 + 0.105*max(0,1.14-X1) + 0.0955*max(0,X0+0.954) * max(0,-0.542-X0) + 0.0851*max(0,0.298-X1) + 0.0576*max(0,1.14-X1) * max(0,-0.120-X1) + 0.0512*max(0,X0-1.10) - 0.0243*max(0,0.281-X0) - 0.0243*X1 - 0.0203*max(0,1.14-X1) * X0 + 0.00931*max(0,-0.120-X1) + 0.00623*max(0,1.14-X1) * max(0,-0.957-X1) + 0.000585*max(0,-0.542-X0) * max(0,-0.957-X1)",
    "mse_train": 3.4706367195958685,
    "mae_train": 1.356078444286568,
    "r2_train": 0.9988001654872588,
    "mse_test": 6.047931286173594,
    "mae_test": 1.7100431320050717,
    "r2_test": 0.9972522462013981
}