{
    "dataset": "663_rabe_266",
    "algorithm": "FFXRegressor",
    "params": {},
    "random_state": 16850,
    "process_time": 57.115533913,
    "time_time": 60.16333794593811,
    "target_noise": 0.0,
    "feature_noise": 0.0,
    "model_size": 147,
    "symbolic_model": "-0.401 + 0.732*X0 + 0.267*max(0,X0+0.928) + 0.235*max(0,1.14-X0) * max(0,-0.940-X1) - 0.115*max(0,-0.514-X0) - 0.0913*X1 + 0.0694*max(0,0.745-X1) * max(0,1.14-X0) - 0.0581*max(0,-0.100-X0) + 0.0553*max(0,0.745-X1) * max(0,-0.0975-X1) + 0.0528*max(0,-0.0975-X1) * max(0,-0.940-X1) + 0.0344*max(0,-0.0975-X1) * max(0,1.14-X0) - 0.0183*max(0,0.745-X1) * max(0,X0-0.727) + 0.0162*max(0,0.745-X1) + 0.00727*max(0,-0.0975-X1) + 0.00426*max(0,-0.514-X0) * max(0,X0+0.928) - 0.00370*max(0,-0.0975-X1) * max(0,X0-0.727) + 0.000183*max(0,X0-0.727)",
    "mse_train": 3.670984493179104,
    "mae_train": 1.3927807607949745,
    "r2_train": 0.9987363746608904,
    "mse_test": 3.213461673707809,
    "mae_test": 1.358729077514102,
    "r2_test": 0.9985260582161649
}