{
    "dataset": "663_rabe_266",
    "algorithm": "FFXRegressor",
    "params": {},
    "random_state": 14423,
    "process_time": 63.057237107000006,
    "time_time": 74.07324981689453,
    "target_noise": 0.0,
    "feature_noise": 0.0,
    "model_size": 121,
    "symbolic_model": "-0.276 + 0.801*X0 - 0.187*max(0,-0.962-X1) * X0 + 0.180*max(0,0.300-X1) * max(0,-0.962-X1) + 0.161*max(0,X0+0.984) + 0.150*max(0,-0.121-X1) - 0.133*X1 + 0.119*max(0,-0.106-X0) * max(0,-0.962-X1) + 0.110*max(0,X1-0.721) * X0 - 0.0956*max(0,-0.106-X0) + 0.0690*max(0,0.300-X1) - 0.0620*max(0,0.300-X1) * X0 + 0.0603*max(0,-0.541-X1) + 0.0423*max(0,X1-0.721) * max(0,X0-1.21) - 0.00609*max(0,-0.545-X0) + 9.72e-5*max(0,X0-0.772)",
    "mse_train": 3.2801414100801076,
    "mae_train": 1.4004121713852653,
    "r2_train": 0.9986760394945762,
    "mse_test": 8.46135323275252,
    "mae_test": 2.0095773934250283,
    "r2_test": 0.9975557976619531
}