{
    "dataset": "663_rabe_266",
    "algorithm": "sembackpropgp",
    "params": {
        "caching": false,
        "classweights": false,
        "elitism": 1,
        "erc": true,
        "evaluations": 500000,
        "functions": "+_-_*_aq_plog_sin_cos",
        "generations": -1,
        "gomea": false,
        "gomfos": "LT",
        "ims": false,
        "initmaxtreeheight": 6,
        "linearscaling": true,
        "maxsize": 5000,
        "maxtreeheight": 20,
        "parallel": false,
        "popsize": 1000,
        "prob": "symbreg",
        "reproduction": 0.0,
        "sbagx": false,
        "sblibtype": "p_10_9999_l_n",
        "sbrdo": 0.9,
        "seed": -1,
        "silent": true,
        "subcross": 0.0,
        "submut": 0.1,
        "syntuniqinit": 1000,
        "time": 7200,
        "tournament": 4,
        "unifdepthvar": true
    },
    "random_state": 5390,
    "process_time": 54859.675066872,
    "time_time": 54860.3592274189,
    "target_noise": 0.0,
    "feature_noise": 0.0,
    "model_size": 788,
    "symbolic_model": "6931254300735.512695+0.955305*(((1.340498*((0.019695*((12.448379*((((cos(x1)-(x0+x0))+(sin(3.078000)+(x1-x0)))*-0.991042)+((-0.377983*((sin(-3.631000)-(x1+0.884000))*(sin(x0)+cos(x1))))+((((x0aq0.338000)*(x1*x1))*-0.092507)+0.892206))))+((((x0-(plog(-1.108000)*(sin(x1)+0.895000)))*(x1-(x1*x1)))*0.470124)+cos(sin(3.359000)))))+((0.000157*((724733.672516+(398.866090*(-10.615644+(plog(plog(x0))*0.144281))))+x0))+sin(-3.371000))))+(((((-2.140861*((((cos((-7.123000*cos(x0)))*-0.000000)+-711726.528990)*711726.528984)+((((sin((x1*x0))*0.470124)+cos((-7.123000*cos(x0))))*0.011734)+((sin((x1*x0))*-0.011022)+1268042808427.059326))))+(1630240418284.196533+((x1*(((cos(x1)*(x0+sin(x1)))*9.994443)+(-0.189000*2.172000)))*-0.003799)))*-13.939998)*-0.103911)+(((x0-(sin(5.647000)+x0))*(((0.000081*((cos((x0-cos((x1+(-4.629000*x0)))))*374.988693)+((((((122.729003*((sin((5.436000*-2.369000))-((x0+x0)+x0))*x0))+-3575806.558486)*((cos((x0-cos((x1+(-4.629000*x0)))))*374.988693)+1449364.700391))*0.000001)*1.022492)+plog(x0))))+-118.846396)+(-1.402992*((((((((-180.909077*0.000000)+19404269263717.000000)+((-25.434666+(0.041667*-180.909077))*((3.482000*-1649267441664.000000)+7477325520574.289062)))+-1019415157489.589844)+(-0.000000*((810384.772057*cos((x0-cos((((-5.796000-x0)-x0)-x0)))))+-29192965901624586240.000000)))*-0.248884)+-318140263974.883362)+(0.014995*plog(cos(x0)))))))+((-3.289000+(((0.063587*cos((x0*(((x0*(1.740000-1.194000))aq(x0aq6.563000))*sin(plog(cos(x0)))))))+((-0.000012*(((x0*((5266.275982*(plog(x0)*x1))+(x0*x0)))aq(x1aq6.563000))*sin(plog(cos(x0)))))+-0.004057))*1.046321))+(((-101.271076*(((-239.100753+(0.004749*(-7.101000-(x1*x1))))*-2.125227)*((-0.000002*cos((x0*(((x1*(1.740000-1.194000))aq(x0aq6.563000))*sin(plog(cos(x0)))))))+(-0.004049+(0.000000*((-2.962828*sin(plog((x0*x1))))+-1.786050))))))+((-0.000043*((((122.729003*((sin((5.436000*-2.369000))-((x0+x0)+x0))*x0))+-3575806.558486)*((cos((x0-cos((x1+(-4.629000*x0)))))*374.988693)+1449364.700391))*0.000001))+-250.978832))+(((((-239.100753+(0.004749*(-7.101000-(x1*x1))))*-2.125227)*(-0.004051+(((-88.148173+((1356.026220+(-0.000000*x0))*(cos(x1)*plog(x0))))*((sin(-3.631000)-(x1+sin(x0)))*((((-0.113291*(((-0.000000*x1)+0.065005)*((0.000000*-0.092306)+0.619809)))+(-0.313316+(-0.038740*(cos(x1)*plog(x0)))))+((-0.005699*(((cos(x0)*0.000000)*2.935894)+(71.635884+-71.597924)))+((0.523681+(plog(x0)*0.035769))+0.103587)))+cos(x1))))*0.000000)))*(-2.472675+(((0.000001*(((x0*x1)aq(x0aq6.563000))*sin(plog(cos(x0)))))+0.004567)*((0.076525*(((x0*x1)aq(x1aq6.563000))*sin(sin(((x0+7.842000)-(0.658000aq5.493000))))))+90.606006))))*((319708392487.301575*(-0.000000*((90.613721+(0.019906*plog((x1-sin((plog(sin(x1))aqcos(x1)))))))+(90.619450+((((plog(plog(x0))*-1.000000)+-0.000000)*plog(plog(x0)))*0.003938)))))+((((x0*-7.980000)*(((-88.148173+(1356.019973*(cos(x1)*plog(x0))))*((sin(-3.631000)-(x1+sin(x0)))*(sin(x0)+cos(x1))))*(0.000000+(0.000000*((((sin(x1)*plog(x0))*3781743118983259.000000)+-367728030896156.937500)*x1)))))*43.797284)+((0.098265*((-2.140861*((((cos((-7.123000*cos(x0)))*-0.000000)+-711726.528990)*711726.528984)+((((sin((-5.018000*x1))*0.470124)+cos((-7.123000*cos(x0))))*0.011734)+((sin((x1*x0))*-0.011022)+1268042808427.059326))))+(1630240418284.196045+((x1*(((cos(x1)*(x0+x1))*9.994443)+((x0*x0)-sin(x0))))*-0.003355))))+(-42.557165+((((-0.000000*(x0*(plog(x0)*(x0+(-338095378.857285*(x1*x1))))))+38.850703)+((39.300991+(0.001031*(cos(((x1*6.502000)-x1))*x0)))*((plog((x1+(x1-x0)))*0.000014)+(-98194914192.923294+((sin(-3.631000)-((x0-4.940000)-(3.321000+x0)))*11246564776.020834)))))*(((x0*(((x1*(1.740000-x0))aq((x0*cos(6.065000))aq6.563000))*sin(plog(cos(x0)))))*-0.000009)+((0.000000*((cos(((x1*6.502000)-x1))*sin(sin(x0)))*(-8881597497.506872+(cos(plog(x0))*9611770657.566824))))+((cos((x0*(x1*-4.002000)))*-0.000006)+(1.053514+(cos(((x0aq-0.781000)*plog(x1)))*-0.000016)))))))))))))))))",
    "mse_train": 0.2012830881914033,
    "mae_train": 0.33509595385386204,
    "r2_train": 0.999935061294954,
    "mse_test": 0.797725363867425,
    "mae_test": 0.751400438639965,
    "r2_test": 0.9994909973438804
}