{
    "dataset": "663_rabe_266",
    "algorithm": "sembackpropgp",
    "params": {
        "caching": false,
        "classweights": false,
        "elitism": 1,
        "erc": true,
        "evaluations": 500000,
        "functions": "+_-_*_aq_plog_sin_cos",
        "generations": -1,
        "gomea": false,
        "gomfos": "LT",
        "ims": false,
        "initmaxtreeheight": 6,
        "linearscaling": true,
        "maxsize": 5000,
        "maxtreeheight": 20,
        "parallel": false,
        "popsize": 1000,
        "prob": "symbreg",
        "reproduction": 0.0,
        "sbagx": false,
        "sblibtype": "p_10_9999_l_n",
        "sbrdo": 0.9,
        "seed": -1,
        "silent": true,
        "subcross": 0.0,
        "submut": 0.1,
        "syntuniqinit": 1000,
        "time": 7200,
        "tournament": 8,
        "unifdepthvar": true
    },
    "random_state": 4426,
    "process_time": 51648.457883939,
    "time_time": 51656.00567007065,
    "target_noise": 0.0,
    "feature_noise": 0.0,
    "model_size": 704,
    "symbolic_model": "2.175919+0.010199*((cos(sin((plog(sin(cos(x1)))*(x0aqcos(1.832000)))))+(((6.052000+(0.004719*(-5.639000+(((x1aq0.904000)aq(x1--1.549000))*(-7.561277+((339.510635*(cos((plog(-5.779000)aqcos(x1)))*sin((plog(x1)*(x1+x1)))))*0.853537))))))*((-2.314000+x0)*(6.563781+(((x1aq0.904000)aq(x1--1.549000))*((-0.060947*((-0.475831*((-2.314000+x0)*(x1+6.264000)))+((6.002000-x0)aqx1)))+2.439749)))))*(((((((-0.014832*(x1*sin(plog(cos(x0)))))+-0.002903)+(0.003808*plog((((-2046602031507714.750000*plog((cos(7.388000)-x0)))+x1)*(x0-x1)))))+(-0.012820*sin(plog(cos(x0)))))*1.060886)+1.275437)+((((((0.000161*((((336.180364+(735.315207*plog(cos(((x0*(x0+-1.954000))-(x1*plog(x1)))))))+(0.000066*(((42138.787699+(cos((x1-(x0--5.481000)))*((plog(x1)*172121736.074855)+294840784.357453)))-x1)+((((41800744.527127*0.816806)+52241618.329895)+(435082375.934829*sin((x0+x0))))*plog((plog(plog(cos(x1)))aqx1))))))*x0)+(-155538.383224+(cos(((((2.175000*x0)+(x0+(x1aq-1.952000)))aqx0)*sin((-5.201000+x1))))*169413.401758))))+sin((sin((x1-x0))*-7.862000)))+(2234.791345*(((-0.002177+(sin(((x1*x1)*x1))*-0.014837))+(0.003808*plog((((-3.325292+(-49.917885+(((1.575000aqx1)-x0)*268.000793)))+19.484358)*(x0-x1)))))+(-0.012820*sin(plog(cos(x0)))))))*0.000295)+0.706217)+(0.057119*((0.004716*((116.348873+(((-0.475831*(13.588159+(-29.584670*cos(sin((plog(cos(x0))*-7.150000))))))+(((cos((plog(-5.779000)aqcos(x1)))*sin((plog(x1)*(x1+((x0-6.524000)+(x0*x0))))))*-16.686701)+((((sin(x1)aqx0)aqx0)*3.989323)+sin(sin(x1)))))*-12.963959))+(2234.791345*((-0.031715+((((-0.014832*(x1*sin(plog(cos(x0)))))+-0.002903)+(0.003808*plog((x0*(x0-x1)))))*1.252959))+(-0.012820*sin(plog(cos(x0))))))))+((11438.807924*(((-0.000000*((-65.866016+(cos(sin((x1+(x1*x0))))*15.729776))+(-2.471230*(x0*sin(plog(cos(x0)))))))+-0.000000)*(((52.434576+(-2.471230*(x0*sin(plog(cos(x0))))))*(((plog(x1)*(x1+((x0-x1)+(x0*x0))))*2.403794)+53.135204))+((-0.000000*(((-2046602031507714.750000*plog((cos(plog(3.178000))-x0)))+x1)*(plog((-2.293000-x0))-x1)))+(((x1+((x0-367.700413)+(x0*x0)))*-72.522292)+((((sin((4.513000*x0))*sin((-5.201000+x1)))*142.224320)+x1)+(-111.016639*(sin(cos((x1-x0)))*plog((cos(7.388000)-x0))))))))))+((((((11438.807924*(0.003278+(0.000006*(sin(cos((x1-x0)))*plog((cos(4.865000)-x0))))))*1216.713667)+-45575.801940)*(((x1+((x0-367.700413)+(-4.088000*(x0aq-5.960000))))*-72.522292)+(-26599.247229+((sin(cos((x1-x0)))*plog((cos((x0-x0))-x0)))*-109.804057))))*0.000012)+((0.000697*((((cos(sin((x0+(x1*x0))))*-4.604585)+76.325630)*-72.522292)+(-26599.247229+((sin(cos((x1-x0)))*plog((cos((x0-x0))-x0)))*-109.804057))))+((0.062149*plog(((((((3.654701+(-4.151569*x0))-plog((x1+0.104000)))*66.073825)*sin((5.856000aq-7.892000)))+19.484358)*((-1.210982+((x1-plog((x0-x1)))*-2.874000))-x1))))+((0.000046*((((((3.654701+((0.311000+x0)*x0))-(-1.108440+(plog(x0)*-0.141584)))*66.073825)*0.999548)+((cos(x1)-(sin(x0)aqplog(x0)))*x0))*((-4.883000+((sin(x1)-plog((x0-x1)))*-3.143914))-x1)))+((((cos((x1-((-2.121000*x0)*-4.787000)))*-1.635991)+953.923972)*0.058761)+((0.070423*((((x1+(x1*x0))*0.512831)+162.680238)+cos((((x0+x1)*(-2.263000-x1))+plog((x0*sin(x1)))))))+(((sin(((x1*x1)*x1))*x0)*0.081990)+((-0.041339*sin((-6.581000*plog(x1))))+(-8.206816+(-0.038718*sin((-6.581000*x0))))))))))))))))))))",
    "mse_train": 0.10781937538807938,
    "mae_train": 0.26933484587357587,
    "r2_train": 0.9999614448080302,
    "mse_test": 1.4362689711723249,
    "mae_test": 0.9562437915121254,
    "r2_test": 0.9994247704345119
}