{
    "dataset": "663_rabe_266",
    "algorithm": "sembackpropgp",
    "params": {
        "caching": false,
        "classweights": false,
        "elitism": 1,
        "erc": true,
        "evaluations": 500000,
        "functions": "+_-_*_aq_plog_sin_cos",
        "generations": -1,
        "gomea": false,
        "gomfos": "LT",
        "ims": false,
        "initmaxtreeheight": 6,
        "linearscaling": true,
        "maxsize": 1000,
        "maxtreeheight": 20,
        "parallel": false,
        "popsize": 1000,
        "prob": "symbreg",
        "reproduction": 0.0,
        "sbagx": false,
        "sblibtype": "p_10_9999_l_n",
        "sbrdo": 0.9,
        "seed": -1,
        "silent": true,
        "subcross": 0.0,
        "submut": 0.1,
        "syntuniqinit": 1000,
        "time": 7200,
        "tournament": 8,
        "unifdepthvar": true
    },
    "random_state": 860,
    "process_time": 54749.717832728005,
    "time_time": 54756.71009469032,
    "target_noise": 0.0,
    "feature_noise": 0.0,
    "model_size": 477,
    "symbolic_model": "-86.361935+13.365750*((((-0.507370+(((x0aqx1)+(-0.797000+((-3.106925*((-0.559281+(((x0aqx1)+sin(x0))*-0.993518))+(((x1aqplog(x0))*x0)aq(-6.428000+x1))))*-0.173081)))*-0.024311))*sin(((((x0+(1.549000*-2.905000))*(0.498728+(plog((2.167000+x1))*0.082102)))*-0.279988)+(-1.050813+(((sin(x0)+(x0*x1))-(((0.177639*((x1*x1)*(-6.148000+x1)))+6.810270)+(7.526000aqx1)))*-0.002811)))))+(8.069622+(-0.330726*((-0.004285+((0.001254*sin((-2.354000*x1)))+3.713304))*((((2.069792*(((cos((cos(x0)*0.662000))*0.002125)+0.595242)*((1.861893+(((cos((cos(x0)*(-4.781000aqx1)))*0.046477)+8.185000)*-0.025251))+(4.274000aqplog(7.719000)))))+-4.598819)+(((cos((cos(x0)*(-4.781000aqx1)))*0.046477)+7.221000)*-0.025251))+((plog(((cos((cos(x0)*((-3.964000-6.604000)aq(plog(x0)+x0))))*-0.153164)+1.001000))*0.005608)+((((x0+(((((((x0*(5.715000*plog(x0)))+x0)+((7.707000*x0)+((plog(-5.628000)-x1)aqplog(cos((-3.743000-x0))))))*(0.498728+((((x1+(x0aqx1))-cos(plog(0.726000)))*x0)*0.082102)))*-0.127588)+0.056921)*x1))*(0.498728+(plog((2.167000+x1))*(-51.439990+(96.190713*(0.498728+(plog((cos(sin((x1-x1)))+x1))*0.082102)))))))*0.000165)+(((x1*(((((cos((cos(x0)*(-4.781000aqx1)))*0.046477)+0.018006)*((-101.288004*(-43.226787*(x1+(plog(x1)*1928.327319))))+cos((x1+(x0aq((x0aq-5.604000)aqcos(x1)))))))*-3.022999)+((4.646000aq5.009000)*cos(x0))))*-0.000000)+((((1.654873+(0.000003*(cos((cos(x0)*((-3.964000-6.604000)aq(plog(x0)+x0))))*((-6.003000aqx1)-((((x1-5.533000)*(x0-sin(x1)))*30.461817)+22.241574)))))+((-0.000746*cos(((x0*-7.446000)aqsin((x1--8.369000)))))+1.654858))*0.911118)+((0.714660*(1.194618*((-0.000004+(0.000000*cos(((x0*-7.446000)aqsin((x1-x1))))))*(((plog((cos(x1)+x1))*x1)*-160.004179)+-426308.025504))))+(((cos((cos(x0)*((-3.964000-6.604000)aq(plog(-2.427000)+x0))))*((-54.373846+(389.377857*sin(((x1-6.760000)*(x1*x1)))))-((((-3.797000-x1)*(x0-x1))*30.461817)+((-356.821528+((1.340000aqx0)*364.405879))*((x0*x1)aqsin(plog(x1)))))))*0.000002)+((0.000374*cos(((x1-6.493000)*((-3.964000-6.604000)aq(plog(x0)+x0)))))+((0.000371*cos(((x0*-7.446000)aqsin((sin(x0)-x1)))))+((plog((9.977484+(-361.833990*plog(x0))))*0.000141)+(-2.582071+(cos((plog(x1)*(4.949000aqx1)))*(((x0+-426308.025504)*-0.000473)+-201.777331))))))))))))))))))",
    "mse_train": 0.2776902096651774,
    "mae_train": 0.401806373580243,
    "r2_train": 0.9998895981524836,
    "mse_test": 6.869378467136811,
    "mae_test": 1.4746506273638762,
    "r2_test": 0.9979456105357137
}