{
    "dataset": "663_rabe_266",
    "algorithm": "sembackpropgp",
    "params": {
        "caching": false,
        "classweights": false,
        "elitism": 1,
        "erc": true,
        "evaluations": 500000,
        "functions": "+_-_*_aq_plog_sin_cos",
        "generations": -1,
        "gomea": false,
        "gomfos": "LT",
        "ims": false,
        "initmaxtreeheight": 6,
        "linearscaling": true,
        "maxsize": 5000,
        "maxtreeheight": 20,
        "parallel": false,
        "popsize": 1000,
        "prob": "symbreg",
        "reproduction": 0.0,
        "sbagx": false,
        "sblibtype": "p_10_9999_l_n",
        "sbrdo": 0.9,
        "seed": -1,
        "silent": true,
        "subcross": 0.0,
        "submut": 0.1,
        "syntuniqinit": 1000,
        "time": 7200,
        "tournament": 4,
        "unifdepthvar": true
    },
    "random_state": 16850,
    "process_time": 55418.124720197,
    "time_time": 55420.534229040146,
    "target_noise": 0.0,
    "feature_noise": 0.0,
    "model_size": 933,
    "symbolic_model": "-1225661034299.506348+-0.320866*(((-2.060847*((x0*1.391014)+(0.867575+(plog((x1-((-0.293447*((cos(x1)+sin(1.259000))-((x0aqx0)+(x1*x0))))+-2.136562)))*-0.988213))))+((2.505153*((-0.037544*plog(((-5.640628+((sin(7.746000)aqplog(x0))*5.551710))*(cos(0.408000)aqx1))))+plog((0.000000*0.000000))))+(-23.996162+((0.000012*(((-198549464724531456.000000+((((((((-0.008680*cos(((x0+x1)*(2.261000+-7.317000))))+(0.002863+(sin((x0*5.704000))*(-0.010956+(x1*-0.007330)))))*1.117547)+8882126330.756151)+((cos((x0--3.614000))*plog(((x1*0.364000)+(1.000000+(-0.364000*x1)))))*-284196682037856.250000))+(((((plog(plog(x0))*0.000221)+0.000114)*plog((x1+x0)))*(-44228422297108226486913165061134510125876204197006728990031872.000000+(((0.000530+(0.008280*(x1aqx0)))*(-58513488675701928361515480063365909907915650449765702545369464832.000000+(86754483207341646008604631877237341592100864000851648635627110400.000000*x1)))*84344586713870017055358895163439605703661885244114152915468288.000000)))*-0.000000))+(((8882126330.758209+(plog(((sin(x1)+sin(x1))+x0))*0.005036))+((((-0.214327+((x1+sin(1.259000))*0.619057))+13742771614352.787109)*(((cos(x1)*(x1*x0))*-0.000000)+-0.000000))*(30735462643010165492961344356511383552.000000+((((cos(x1)*(x1*x0))*-0.000000)+-0.000000)*29668077711374884177701798590542358588743980011539812849147249983725347274752.000000))))+((0.000000*(((((plog(x0)*(0.000000+0.000000))*(20295763288379776.000000+(0.000000*x1)))+(((0.000000aqx0)*-25908532037977960.000000)+(9027593937334426.000000+(0.000000*-14683933037824396.000000))))*x0)*(784.561928+(-3933.861629*cos(((x0+0.000000)*(2.261000+-7.317000)))))))+((-0.017451*(((-27801757238632.753906+((x1*x0)*0.372669))+0.006172)+(-1.104620*(x1*plog(sin(x1))))))+((plog(plog((x0-(x1+x1))))*0.008052)+((cos(((x0+x1)*(2.261000+-7.317000)))*-0.008700)+0.002888))))))*-7.907000))+(x0+((((cos(plog(plog(cos((x0-4.134000)))))*(-35.432277+(((15.017502+(((6.850000+x0)-sin(x1))*-1.930296))*x0)*((x0-(plog(x0)*plog((sin(-4.796000)*plog(-1.583000)))))+(-1227.196928*(plog(x0)*x1))))))*0.002498)+(-3.593577+(2.704699*cos(((x0*(x0*-2.670000))*x1)))))*1352.125834)))+(-2.782365+(((174.095916*plog(((-13.317369*(x1*x0))+2.120498)))+-2193.541627)*(-0.905626*((-2.410982*(((-5.957000*x0)aqsin((x0-(((0.650000-x1)-x1)aqsin(7.666000)))))*((-0.802000*x1)*cos(x0))))+(7.573213+((plog(cos(x0))*x1)*1.689962))))))))+((((0.011177+((cos(plog((plog(x0)aqx1)))*-0.072140)+0.015541))+(0.042694+(plog(plog(cos((x0-plog((-4.884000*x0))))))*0.020056)))*-0.991308)+((-752428360840.732666+(-0.000000*((x0aq(((-0.001628*(plog(plog(cos((x0-4.134000))))*-11904.667682))*-2350485969044580830122039978249767625541043843384939168790546605727875014837249524349428075061661782177898037248.000000)+-32286932703360664472309710889841144491915881844884536665175226536336610716649492892103714904973187291013644812288.000000))*(((2180193025369.421875+(-3115636544517.825195*(plog(plog(cos((x0-4.134000))))*sin(x1))))aq(x0-x0))+(((((((-1121.690483+(-670.613312*x1))*x1)*cos(x0))*16062838844421533847556822585335384469908188349767578455143374027632266217028679545416117530760406506990825635840.000000)+(-16062838844421535983543858506245466864929894519319693057847896384285036164070287367635843311400956529952912572416.000000*(((-1121.690483+(-670.613312*x1))*x1)*cos(x0))))*plog(((x1*0.364000)+0.347385)))*-1910621221719495581880476972720594519626135247063325272196975703891639629882942869609695298987721071172593385472.000000)))))+((((((cos(plog(plog(cos((x0-4.134000)))))*(-35.432277+((cos(plog(cos(x0)))*-9493.115862)+6465.592275)))*-0.004416)+114.498243)+0.913119)*-0.002451)+((((1.028683+(((0.000000*((((plog(x0)*5637623615319481544669329758015762059620902819572779633007122186240.000000)+0.000000)*plog((x1+x0)))*(-44228422297108226486913165061134510125876204197006728990031872.000000+(((0.000000-x0)*cos(x1))*84344586713870017055358895163439605703661885244114152915468288.000000))))+(1697667881673117338638420470582220956263807931609489187938177430264905208018100665292097233503773739387453440.000000+((x0*plog((sin(x1)*plog(6.863000))))*42763788925769218770784920460631308447358331456250307673863424645248755777087382580113377576203274958084767744.000000)))*-0.000000))*((((3243788855688046303690720121668295140479965127223513918694113248719386187670513886529457367310287481152737378304.000000+(((-5.749000+(x1*-4.608000))*plog(((x1*0.364000)+0.347385)))*-1910621221719495581880476972720594519626135247063325272196975703891639629882942869609695298987721071172593385472.000000))*-0.000000)+-390363669357.795471)+((-0.001100*((((x0*(x0*x0))*(12.185469+(-8.274412*x0)))+((x1*plog(x0))+(x0*(x0-1.729000))))*cos(plog(cos(x0)))))+-390363669357.773865)))*1.111045)+((-12999849645.477407*((-0.000000*(((((plog(x0)*(x1+-0.457000))*-34743232046311080.000000)+-3229869415001730.000000)*x0)*(-285.860512+(-1227.196928*(plog(x0)*x1)))))+((-0.000000*(((-3.100078*cos((x1*(x0+-0.577000))))+13742771614352.787109)*(705265689570146.000000+(-64.444523*plog(cos((x0-1.995000)))))))+-0.532130)))+((((30044185913.546558+(-0.027808*(((2.139988*((x0aqx0)+(-0.598000*x0)))+plog(-6.710000))+(((0.259385*(x1aqx1))+-0.000483)+(sin((x0*5.704000))*0.427680)))))+((cos((x0--3.614000))*plog(((x1*0.364000)+(1.000000+(-0.364000*x1)))))*-284196682037856.250000))+(((((plog(plog(x0))*0.000221)+0.000114)*plog((x1+x0)))*(((44027793913231393466988463649234489251359985323982685638492160.000000+(0.002035*-10970030382141374101533673660683309434446516676318205640968241152.000000))+(-5702948193920252.000000*(4474821512832290273725369902752407358000857088.000000+(0.002035*-11692013098647223345629478661730264157247460343808.000000))))+(((0.000000-x0)*(-58513488675701928361515480063365909907915650449765702545369464832.000000+(86754483207341646008604631877237341592100864000851648635627110400.000000*x1)))*84344586713870017055358895163439605703661885244114152915468288.000000)))*-0.000000))+((((-17764252661.517490+(plog(((plog(x1)+plog(0.799000))+(x0-x1)))*0.009091))+(plog(((sin(x1)+sin(x1))+x0))*0.005036))+(((((x1+0.589208)+((-68.279414+(x1*1.907923))+-71.365600))+13742771614352.787109)*((((18889465931478580854784.000000*-22.904476)+631613145108508804382720.000000)+17366840551039490326528.000000)+(112115582465.722504*cos(((x0+x1)*(-4.131000+-7.317000))))))*(0.000000+(((0.004596*(x1*x0))+(((0.000000*x1)+-0.000144)+(x1*-0.002143)))*0.000000))))+((0.000000*(((((plog(x0)*(0.000000+-0.457000))*-34743232046311080.000000)+(((0.454000aqx0)*-25908532037977960.000000)+(14893291578759510.000000+(-1588114711209636.750000*0.000000))))*x0)*(-285.860512+(-1227.196928*(plog(x0)*x1)))))+((-0.017451*((((cos(x1)*(0.000000*x0))*0.366956)+-0.008904)+((sin((x0*5.704000))*(-0.992215+(x1*0.549685)))*0.305998)))+((plog(plog((x0-(x1+x1))))*0.008052)+((-0.008680*cos(((x0+x1)*(2.261000+-7.317000))))+((0.004596*(x1*x0))+((-0.002289*(x1*x1))+0.005368))))))))))))))))))",
    "mse_train": 0.14052539111537604,
    "mae_train": 0.3012689336348041,