{
    "dataset": "663_rabe_266",
    "algorithm": "sembackpropgp",
    "params": {
        "caching": false,
        "classweights": false,
        "elitism": 1,
        "erc": true,
        "evaluations": 500000,
        "functions": "+_-_*_aq_plog_sin_cos",
        "generations": -1,
        "gomea": false,
        "gomfos": "LT",
        "ims": false,
        "initmaxtreeheight": 6,
        "linearscaling": true,
        "maxsize": 1000,
        "maxtreeheight": 20,
        "parallel": false,
        "popsize": 1000,
        "prob": "symbreg",
        "reproduction": 0.0,
        "sbagx": false,
        "sblibtype": "p_10_9999_l_n",
        "sbrdo": 0.9,
        "seed": -1,
        "silent": true,
        "subcross": 0.0,
        "submut": 0.1,
        "syntuniqinit": 1000,
        "time": 7200,
        "tournament": 8,
        "unifdepthvar": true
    },
    "random_state": 29910,
    "process_time": 50461.251921838,
    "time_time": 50462.129873514175,
    "target_noise": 0.0,
    "feature_noise": 0.0,
    "model_size": 717,
    "symbolic_model": "-787.768254+0.309907*(((((0.132359*((((x0+3.045000)aqcos(plog(-3.541000)))aq((0.153505*((x0-1.806000)*(-3.402000*((18.033424*((0.237000*x1)aq(-4.484000-x1)))+0.160463))))+((0.082357*(plog(x0)*(x1aqplog(x1))))+7.920491)))*64.803322))+-126.681653)+((x0-(cos(plog(((-0.243000aq(((((x1*x0)+cos(x0))*-6.171000)+(x0aq-0.480000))+(x1-plog(-2.397000))))+7.891000)))-((-60.970209+(plog(plog(((2.458000+x1)aq(0.018000aqx1))))*-0.442000))+(6.785000*(-8.125000-cos((0.586479+((sin(x0)*x1)*0.040874))))))))*1.006746))+(((((x0+3.045000)aq(((x1aqx0)+(plog((x0aq1.877000))*(x0aqx0)))*0.030000))aq((0.153505*((x0-1.806000)*(-3.402000*((18.033424*((0.237000*x1)aq(-4.484000-x1)))+0.160463))))+((0.082357*(plog(x0)*((x1aq(cos((x0aqx0))aq-2.751000))-((sin((x0aqx0))*plog((plog(cos((sin(x1)*((2.582000-x1)*cos(-2.035000)))))-(x0*(7.644000aqcos(((x0+x0)-cos((x0-cos(-3.384000))))))))))-x0))))+7.920491)))*8.570166)+((((((6.362016*(((x0+3.045000)aq(x0*0.030000))aq(0.603071+((plog((x0--4.903000))*3.944247)+-5.190462))))*-0.159121)+3.433356)+(-0.030557*(((((x1aqcos(((x0-(x0+(6.417000+(((x0*7.910000)*(x1+1.783000))aq((x1*(x0aqx0))aqx1)))))-(0.666000aqplog(x1)))))*sin(plog((x0aq(plog(x0)aq(x0*(((-1.164000+(-8.083000+(x1-x1)))aqcos(cos(-5.376000)))-plog(plog(((3.657000aqx0)aqx0))))))))))*0.775970)+209.903790)+(plog(plog(x0))*-0.442000))))*2.657913)+((((2.458000+x1)aq(((0.000000*(((14786161928655787546119150034201889035716180214403825664.000000*cos(cos(plog(x0))))+-8691943994377500694460589461972555379364403249846157312.000000)aq(cos(x0)-x1)))+-3422233018975262948208400306643129659725709312.000000)aqx1))*7585798833400982446046511216861387520212992.000000)+((0.000000*(x1*(17455313.949892+(plog(((-0.265179*plog((x0aq(plog((x0*(x1-x1)))aq(sin(x1)*x1)))))+0.047625))*10919389.688960))))+((((-10.000681+((0.153505*((x0-1.806000)*(cos((((x0-x1)+x1)*-5.508000))*(((x1-(x0-x1))*-0.600229)+0.616501))))*-0.134204))+((1.000000*((0.000000*(-7346196805.376679+(-15911444.854856*plog((x1+(x0aqx1))))))+-9.999078))+9.999078))*1.043367)+(((((plog(7.774000)aq6.689000)*cos(x0))*plog((x0+cos(x0))))*-0.152322)+((((((x0-1.806000)*(cos((((x0-x1)+x1)*-5.508000))*((((-3.418000*(0.012192+(1.730748*x0)))+(((x0*-5.670000)*plog(x1))*4.760467))+(x1-(plog(6.723000)-x1)))+(12.139366+(-144.279599*(x0*(plog(x0)*x1)))))))*0.000053)+101.253777)*7.481000)+(((((((22022589187.612911+((plog(plog(x0))*plog((x1-x0)))*10193617.433412))+(-15911444.854856*plog((x1+(x0aqx1)))))*0.000000)+784.366511)*0.849497)+((((1375.235617+(-0.018563*cos((((x0-plog(-2.851000))+x1)*-5.508000))))+(cos((((x0-cos(x0))+x1)*-5.508000))*0.020049))+(((x0-1.806000)*(cos(((6.185000+x1)*-5.508000))*(((x1-sin(x0))*-0.600229)+0.616501)))*-0.010415))+(((((0.153505*(((x1aq1.245000)aqx0)-0.628000))+((0.082357*(plog(x0)*x1))+7.920491))*0.000242)*((plog((x1-plog(x1)))*-0.007735)+0.942064))*853.502067)))+(-584.473581+(((-0.018625*plog(((plog((x0-cos(x1)))*-13674.850408)+-2795.334764)))+((((((-1520.414485*2.159000)+x1)+(-27739.482471*((x0*x0)*plog(x1))))*(((x1-(x0-x1))*-0.600229)+(0.405000+plog(x0))))*0.000001)+804.022909))*((0.000001*(cos((((x0-x1)+x1)*-5.508000))*((cos((x0*-5.508000))*-38.564672)+3.334106)))+((((((1519.583634*-0.000012)+-3893.782423)+(-27739.482471*((x0*x0)*plog(x1))))*(0.000000+(((x1aqx0)*cos(x1))*-0.000003)))*-0.001000)+((((plog(sin(x1))*(x0*x1))*((plog(x1)+x1)+((x0aq-2.192000)-x1)))*-0.000055)+((-0.000005*((plog(x0)*(5.053000*x1))*plog(x1)))+((0.000011*cos((x0*7.730000)))+(0.726967+((x1*x0)*-0.000005)))))))))))))))))))",
    "mse_train": 0.19965685423331658,
    "mae_train": 0.3547354460662592,
    "r2_train": 0.9999303337905049,
    "mse_test": 1.0351191212531996,
    "mae_test": 0.7839648031152981,
    "r2_test": 0.9994906511429491
}