{
    "dataset": "663_rabe_266",
    "algorithm": "sembackpropgp",
    "params": {
        "caching": false,
        "classweights": false,
        "elitism": 1,
        "erc": true,
        "evaluations": 500000,
        "functions": "+_-_*_aq_plog_sin_cos",
        "generations": -1,
        "gomea": false,
        "gomfos": "LT",
        "ims": false,
        "initmaxtreeheight": 6,
        "linearscaling": true,
        "maxsize": 5000,
        "maxtreeheight": 20,
        "parallel": false,
        "popsize": 1000,
        "prob": "symbreg",
        "reproduction": 0.0,
        "sbagx": false,
        "sblibtype": "p_10_9999_l_n",
        "sbrdo": 0.9,
        "seed": -1,
        "silent": true,
        "subcross": 0.0,
        "submut": 0.1,
        "syntuniqinit": 1000,
        "time": 7200,
        "tournament": 8,
        "unifdepthvar": true
    },
    "random_state": 15795,
    "process_time": 57869.315030745,
    "time_time": 57869.89678454399,
    "target_noise": 0.0,
    "feature_noise": 0.0,
    "model_size": 796,
    "symbolic_model": "2.723812+0.958855*(((((((x1--7.891000)*(((((6.314000aqsin((-1.660000+-8.144000)))+((((-0.000031*(plog((plog(x1)aqx0))*cos(plog(plog(x0)))))+-6.037581)+(((x1*cos(plog(plog(x0))))*0.000054)+10.323940))*-1089.446615))+(((-0.000000*(plog(-5.996000)*((x1--7.891000)*x1)))+0.864514)*0.000116))*0.001052)+4.908265))*((x1*((-5.638000aqsin((plog((x0--6.369000))*x1)))aqplog((0.241000aq(-4.668000*(cos(x0)-x0))))))+(sin(sin(-6.636000))+(0.106953+((-0.106926+((-2.115000+-1.612000)*(plog((x1aqx0))*sin((x1aqx0)))))*(((plog(plog(x1))*((((x1+(x1+(x0+x1)))+x1)--7.891000)*(2.903000-x0)))*(sin(0.168000)aq(plog(plog(cos(-8.419000)))-sin((x0+plog((x0aqx1)))))))+(plog(x0)+x1)))))))*x1)+((((((((-7.890936+(-0.999867*(((-0.001346+((-1.326000*x0)*(((sin(x1)aqx0)+(plog(x1)*-3.132005))+(1.851496*((sin(x1)+x1)*plog(x1))))))--7.891000)*-1.000125)))--7.891000)*((cos((x1-2.657000))*-7.470503)+3.096982))*(((-0.000733*(((4542.258685+((-2.064381*cos((x1*plog(x1))))*2323.277503))*(plog((x1aqx0))*sin((x1aqx0))))*(((758.349548+((((-0.000000+21745.574978)*(x1aq(0.000000aqx0)))*x0)*-0.159486))*-0.000409)+-0.595695)))+0.023761)+(-0.106926+(0.106953+((-0.106926+(-0.005646*(plog(plog(cos(plog(x1))))*sin((x1aqx0)))))*(((plog(((-3582110122477950976.000000*plog((x1+0.000000)))+992484564562269952.000000))*(((((0.000000-7094233.642696)*-1.003548)+((0.000000*x1)+-7119404.085218))--7.891000)*(2.903000-plog(((sin(4.245000)aq-3.525000)*x0)))))*0.000216)+1.150000))))))*0.999899)+x0)*(((((((x1*(12.437631+((plog(sin(sin((x0*x1))))aq((plog(cos(x1))*(plog(4.754000)aqsin(3.085000)))+cos(5.341000)))*((cos(cos(x1))+x1)+228.502556))))*-0.003745)+((0.994252*((plog(cos((((x0--8.267000)aq-7.365000)-x0)))*-0.036877)+(7143.101312+((x1aq(plog(plog(plog((x1*x0))))-(x1*x0)))*0.075448))))+(((-0.211511*cos((x1-plog((sin(x0)+(8.261000aq5.495000))))))+41.187405)+((plog(cos(((x1*-1.895180)-(x1-(x1+x0)))))*0.030695)+((0.151668*((plog(plog(plog(x0)))*(x1aq(x1aqx0)))*x0))+((cos(x1)*(cos((-6.436000*x0))aq(x0+x1)))+((((x1*x1)*cos(-4.571000))*-0.085457)+(((x1-3.626000)*-0.012402)+41.158844))))))))*0.001708)+-12.272886)*(((plog(sin(x0))*x1)+x1)+3.096982))*((0.003843*(-7.263000-3.948000))+(sin(sin((x0*x1)))aqcos(((((1.312000aq(x1*(x0-x1)))+((1.561000aq(x0*sin((x0+x1))))*x1))-x0)*(x1-x0)))))))+0.010823))+(((x1--7.891000)*(2.903000-x0))*(-0.107012+(0.003843*(5681.525786+(20.079259+((1.948154+(((x1--7.891000)*(1.696148+(0.584225*((cos((x1+7.604000))*-0.003350)+-2.921431))))*(((-5.988000aqplog(cos(x1)))*0.002602)+((2.005156*(-13.121788+(-0.000744*cos((plog(x0)+plog(-1.435000))))))+26.239857))))*(((x1*((-0.224341+((1.035953*((((cos(x1)*x0)*893.278850)+240.338921)+((((-2605.778961*x0)+-1243.116781)*cos(x1))*0.171847)))+0.469527))+(((-28095.545366+(-96888.529455*(plog((x1aqx0))*cos(plog(x1)))))aq((plog(cos(((x1+x0)aqplog((x1+3.577000)))))*sin(2.942000))+(((-7.339000-x0)+(-7.915000aqx0))*(cos(x0)aq(((x1*x0)*x1)+x1)))))*120.450059)))*0.000000)+((0.000000*(32638353598.222462*(((-0.000031*(plog((x1aqx0))*cos(plog(plog(x0)))))+-6.037581)+(-0.000051*(plog((x1aqx0))*sin(cos(((plog(x1)aqplog(x0))aqx1))))))))+(((x1*(12.437631+((plog(sin(sin((x0*x1))))aq((plog(cos(x1))*(plog(4.754000)aqsin(3.085000)))+(((-7.339000-x1)+(-7.915000aqx0))*(cos(x0)aq(x0+x1)))))*((cos(x1)*-188.807774)+228.502556))))*-0.003745)+((0.994252*((plog(cos((((x0--8.267000)aq-7.365000)-x0)))*-0.036877)+(7143.101312+((x1aq(plog(5.995000)-(5.652000*x0)))*0.075448))))+((sin(((x1--4.837000)*x1))*-0.045062)+((plog(cos(((x1*-1.895180)-(x1-(x1+x0)))))*0.030695)+((0.151668*((plog(x1)*(x1aq(x1aq2.753000)))*x0))+((0.048555*(cos((-6.436000*x0))aq(x1+x1)))+((((x1*x1)*cos(x1))*-0.085457)+(41.168738+(cos((4.908000*x0))*-0.011721)))))))))))))))))))",
    "mse_train": 0.214330955072369,
    "mae_train": 0.36941760868637946,
    "r2_train": 0.9999145949995885,
    "mse_test": 4.199957756897048,
    "mae_test": 1.4251162898590124,
    "r2_test": 0.9986395556480576
}