{
    "dataset": "663_rabe_266",
    "algorithm": "sembackpropgp",
    "params": {
        "caching": false,
        "classweights": false,
        "elitism": 1,
        "erc": true,
        "evaluations": 500000,
        "functions": "+_-_*_aq_plog_sin_cos",
        "generations": -1,
        "gomea": false,
        "gomfos": "LT",
        "ims": false,
        "initmaxtreeheight": 6,
        "linearscaling": true,
        "maxsize": 1000,
        "maxtreeheight": 20,
        "parallel": false,
        "popsize": 1000,
        "prob": "symbreg",
        "reproduction": 0.0,
        "sbagx": false,
        "sblibtype": "p_10_9999_l_n",
        "sbrdo": 0.9,
        "seed": -1,
        "silent": true,
        "subcross": 0.0,
        "submut": 0.1,
        "syntuniqinit": 1000,
        "time": 7200,
        "tournament": 8,
        "unifdepthvar": true
    },
    "random_state": 23654,
    "process_time": 77099.94785314701,
    "time_time": 180873.2388896942,
    "target_noise": 0.0,
    "feature_noise": 0.0,
    "model_size": 511,
    "symbolic_model": "-0.375472+1.032746*((3.665687+((((sin(plog((-3.964000-x1)))*(plog(cos(-4.843000))*((x0aq((-0.234856*((x0*x1)*plog(x0)))+3.426006))-cos(6.290000))))*((-0.058613*((x1-1.469000)aq(x1-x0)))+-1.986724))+((0.071164*(sin(cos(x1))-((x0*x1)*(x0aq7.213000))))+-0.036518))*(2.919000+((-0.118889*((((-0.058289*((x1-1.469000)aq(x1-x0)))+(1.662902+(-0.010532*(sin(plog(x1))*(plog(cos(-4.843000))*((x0aq3.433000)-cos(6.290000)))))))*((-0.145373*(-1.035341+(((0.203487*(x1*x1))+-1.213561)*((x1-1.469000)aq(x1-x0)))))+3.834137))+((((-0.004158*(sin(plog(cos(x0)))*(plog(cos(-4.843000))*((x0aq3.433000)-cos(-5.138000)))))+0.658987)*-20.071170)+((0.025732*sin((-4.558000-((plog(x0)-sin(cos(x1)))+(((x0-x1)+cos(x1))+(((x0aq-3.946000)-1.432000)-(x1+-4.115000)))))))+19.859022))))+((-0.116647*(((1.000000*((-0.636000+((sin(plog(cos(x0)))*(plog(x0)*((((x1+x0)aqx1)aq((7.767000+(x1-(3.385000aqx1)))aq((cos(x1)*x0)*x0)))-cos(6.290000))))*-0.873291))*-0.230017))+-8.821601)+(0.059026*cos((-4.597000aq(x0*x0))))))+((((((sin(x1)-(x1*x0))*834.645493)+718.083693)*(sin(plog(cos(x0)))*(plog(cos(-4.843000))*(((-12.604287+(-60.157397*plog(x0)))aq(3.433059+((1976.550579*((((x1-1.469000)aq2822676.014327)*((-423.228236*x1)+-184.494874))*((x0+(2.441000*plog(x1)))+-1.463000)))+((0.002477*((5.175028+57.452911)*x0))+0.736764))))-((-5.728868+(-19.845253*x1))aq(x0*((5.960000-(8.363000*x0))*(x0*(x0+6.861000)))))))))*-0.000000)+((((0.033368*((0.709097*(plog(((plog(cos(x0))+4.963351)-x1))*((-1.030810*cos((x1+x0)))+0.621297)))+-33.368468))+((-0.083543*((((x1*plog(x1))*0.045814)+3.832135)*-10.359733))+-4.425225))*-0.075046)+(-3.703980+(((-0.003689*sin((-4.558000-((plog(x0)-sin(cos(x1)))+(((x0-x1)+cos(x1))+(-1.668000-(x1+-4.115000)))))))+(2.549929+(0.015377*((-0.145373*(-1.035341+(((0.203633*(x0*x1))+x1)*plog((x1aq2.754000)))))+3.834137))))*((-0.000827*sin((-4.558000-((sin(((0.954000-x1)+-5.810000))-sin(cos(x1)))+(((x0-x1)+plog(-3.331000))+(-1.668000-(x1+-4.115000)))))))+((0.000000*(sin(plog(cos(x0)))*((5.832948*(((-21606371.030620*(-0.370000aqx1))+(-6102191.304361+(-122476.096296*0.000000)))*plog(x0)))+-7.506000)))+(0.793205+((0.000531*plog(((-1.110000+((x1+(x1aqx0))*x0))-x1)))+((-0.000520*plog(plog((x0+x0))))+(((((0.000000*-8.332000)+-0.001370)+(-0.000236*(x0*x1)))+(plog((x1+sin(x0)))*0.000227))+((sin(((-7.248000+x1)*x0))*(plog((x0+x1))aq(x0-(x0*4.248000))))*-0.001512)))))))))))))))))",
    "mse_train": 0.2566421545604294,
    "mae_train": 0.40948415944834377,
    "r2_train": 0.9999089108885529,
    "mse_test": 0.4040835605425476,
    "mae_test": 0.5261035773619611,
    "r2_test": 0.9998341518207202
}