{
    "dataset": "712_chscase_geyser1",
    "algorithm": "KernelRidge",
    "params": {
        "alpha": 0.01,
        "coef0": 1,
        "degree": 3,
        "gamma": 0.01,
        "kernel": "poly",
        "kernel_params": null
    },
    "random_state": 4426,
    "process_time": 1.3090090470000002,
    "time_time": 2.3506758213043213,
    "target_noise": 0.0,
    "feature_noise": 0.0,
    "model_size": 166,
    "symbolic_model": "not implemented",
    "mse_train": 30.84667769330977,
    "mae_train": 4.384725309366803,
    "r2_train": 0.8141555544756895,
    "mse_test": 48.51780578716898,
    "mae_test": 5.998710558472583,
    "r2_test": 0.6843630622147592
}