{
    "dataset": "712_chscase_geyser1",
    "algorithm": "KernelRidge",
    "params": {
        "alpha": 0.01,
        "coef0": 1,
        "degree": 3,
        "gamma": 0.1,
        "kernel": "poly",
        "kernel_params": null
    },
    "random_state": 15795,
    "process_time": 1.577890778,
    "time_time": 1.4544734954833984,
    "target_noise": 0.0,
    "feature_noise": 0.0,
    "model_size": 166,
    "symbolic_model": "not implemented",
    "mse_train": 36.10859562228802,
    "mae_train": 4.916343982573564,
    "r2_train": 0.7723432949337847,
    "mse_test": 29.02493648853247,
    "mae_test": 4.389035187767271,
    "r2_test": 0.8351784603120744
}