{
    "dataset": "712_chscase_geyser1",
    "algorithm": "KernelRidge",
    "params": {
        "alpha": 0.01,
        "coef0": 1,
        "degree": 3,
        "gamma": 0.1,
        "kernel": "sigmoid",
        "kernel_params": null
    },
    "random_state": 14423,
    "process_time": 4.736382339,
    "time_time": 1.565321922302246,
    "target_noise": 0.0,
    "feature_noise": 0.0,
    "model_size": 166,
    "symbolic_model": "not implemented",
    "mse_train": 30.21577862936258,
    "mae_train": 4.458481260568934,
    "r2_train": 0.8128901754204974,
    "mse_test": 46.92122983631854,
    "mae_test": 5.738202206598617,
    "r2_test": 0.7202737157308017
}