{
    "dataset": "712_chscase_geyser1",
    "algorithm": "BSRRegressor",
    "params": {
        "Ops": [
            "inv",
            "ln",
            "neg",
            "sin",
            "cos",
            "exp",
            "square",
            "cubic",
            "+",
            "*"
        ],
        "alpha1": 0.4,
        "alpha2": 0.4,
        "beta": -1,
        "disp": false,
        "itrNum": 5000,
        "max_time": 7200,
        "treeNum": 3,
        "val": 100
    },
    "random_state": 23654,
    "process_time": 228312.87390762,
    "time_time": 228318.19036960602,
    "target_noise": 0.0,
    "feature_noise": 0.0,
    "model_size": 37,
    "symbolic_model": "[-0.13006624]+[10.09754488]*(0.3411*(exp(cos(cos(2.6019*(1/[-((cos(x[1]))*(0.6449*(cos(sin(x[1]+x[0])))+0.9485))])+0.4264))))+-0.6166)^3+[-0.0096121]*1/[0.2321*(cos(x[1])+(x[0])^2)+-3.1196+2.6612*(((x[0])^2)*(2.3488*(x[1])+1.8674))+0.9699]+[-2.44995079]*-(sin((sin(sin(x[1])))^3))",
    "mse_train": 33.44588729837776,
    "mae_train": 4.558962340311372,
    "r2_train": 0.7867563808369131,
    "mse_test": 48.832950522841756,
    "mae_test": 5.706904999644274,
    "r2_test": 0.7287207284895569
}