{
    "dataset": "678_visualizing_environmental",
    "algorithm": "AdaBoostRegressor",
    "params": {
        "base_estimator": null,
        "learning_rate": 1.0,
        "loss": "linear",
        "n_estimators": 1000,
        "random_state": 16850
    },
    "random_state": 16850,
    "process_time": 24.223916732,
    "time_time": 27.704174518585205,
    "target_noise": 0.0,
    "feature_noise": 0.0,
    "model_size": 1246,
    "symbolic_model": "not implemented",
    "mse_train": 2.861502243812467,
    "mae_train": 1.4559463153947263,
    "r2_train": 0.7763774787291446,
    "mse_test": 14.521089461306675,
    "mae_test": 3.142279414923092,
    "r2_test": -0.2328783093199598
}