{
    "dataset": "678_visualizing_environmental",
    "algorithm": "AdaBoostRegressor",
    "params": {
        "base_estimator": null,
        "learning_rate": 1.0,
        "loss": "linear",
        "n_estimators": 1000,
        "random_state": 29910
    },
    "random_state": 29910,
    "process_time": 21.248249015,
    "time_time": 45.41416907310486,
    "target_noise": 0.0,
    "feature_noise": 0.0,
    "model_size": 2229,
    "symbolic_model": "not implemented",
    "mse_train": 3.1476022753327495,
    "mae_train": 1.525249807381056,
    "r2_train": 0.7171392721372547,
    "mse_test": 11.021868894741004,
    "mae_test": 2.486724503111195,
    "r2_test": 0.29224951249896136
}