{
    "dataset": "678_visualizing_environmental",
    "algorithm": "AdaBoostRegressor",
    "params": {
        "base_estimator": null,
        "learning_rate": 1.0,
        "loss": "linear",
        "n_estimators": 1000,
        "random_state": 15795
    },
    "random_state": 15795,
    "process_time": 26.599816118,
    "time_time": 29.434752225875854,
    "target_noise": 0.0,
    "feature_noise": 0.0,
    "model_size": 3559,
    "symbolic_model": "not implemented",
    "mse_train": 3.3157866800529305,
    "mae_train": 1.5598811503426437,
    "r2_train": 0.712250048085266,
    "mse_test": 12.591985212899873,
    "mae_test": 2.592635020895796,
    "r2_test": 0.15838738263011942
}