{
    "dataset": "678_visualizing_environmental",
    "algorithm": "AdaBoostRegressor",
    "params": {
        "base_estimator": null,
        "learning_rate": 1.0,
        "loss": "linear",
        "n_estimators": 1000,
        "random_state": 5390
    },
    "random_state": 5390,
    "process_time": 27.230902624,
    "time_time": 30.985638856887817,
    "target_noise": 0.0,
    "feature_noise": 0.0,
    "model_size": 456,
    "symbolic_model": "not implemented",
    "mse_train": 3.833613864301496,
    "mae_train": 1.6950527693102577,
    "r2_train": 0.7118093141986015,
    "mse_test": 14.329024923207275,
    "mae_test": 2.9740753405137115,
    "r2_test": -0.4275654843172909
}