{
    "dataset": "663_rabe_266",
    "algorithm": "LassoLars",
    "params": {
        "alpha": 0.0001,
        "copy_X": true,
        "eps": 2.220446049250313e-16,
        "fit_intercept": true,
        "fit_path": true,
        "jitter": null,
        "max_iter": 500,
        "normalize": true,
        "positive": false,
        "precompute": "auto",
        "random_state": 14423,
        "verbose": false
    },
    "random_state": 14423,
    "process_time": 0.08707727300000001,
    "time_time": 0.28775572776794434,
    "target_noise": 0.0,
    "feature_noise": 0.0,
    "model_size": 2,
    "symbolic_model": "not implemented",
    "mse_train": 64.81045985791997,
    "mae_train": 6.096441622778683,
    "r2_train": 0.9738406128081701,
    "mse_test": 102.4839458844633,
    "mae_test": 7.6789213732723125,
    "r2_test": 0.9703958110183295
}