{
    "dataset": "663_rabe_266",
    "algorithm": "LassoLars",
    "params": {
        "alpha": 0.0001,
        "copy_X": true,
        "eps": 2.220446049250313e-16,
        "fit_intercept": true,
        "fit_path": true,
        "jitter": null,
        "max_iter": 500,
        "normalize": true,
        "positive": false,
        "precompute": "auto",
        "random_state": 29910,
        "verbose": false
    },
    "random_state": 29910,
    "process_time": 0.076216222,
    "time_time": 0.24748992919921875,
    "target_noise": 0.0,
    "feature_noise": 0.0,
    "model_size": 2,
    "symbolic_model": "not implemented",
    "mse_train": 83.4415882961479,
    "mae_train": 7.151136156125032,
    "r2_train": 0.9708847502723462,
    "mse_test": 47.84095625260114,
    "mae_test": 6.091082814891704,
    "r2_test": 0.9764590027493795
}