{
    "dataset": "663_rabe_266",
    "algorithm": "LassoLars",
    "params": {
        "alpha": 0.0001,
        "copy_X": true,
        "eps": 2.220446049250313e-16,
        "fit_intercept": true,
        "fit_path": true,
        "jitter": null,
        "max_iter": 500,
        "normalize": true,
        "positive": false,
        "precompute": "auto",
        "random_state": 15795,
        "verbose": false
    },
    "random_state": 15795,
    "process_time": 0.07597366100000014,
    "time_time": 0.23204970359802246,
    "target_noise": 0.0,
    "feature_noise": 0.0,
    "model_size": 2,
    "symbolic_model": "not implemented",
    "mse_train": 66.53627425416227,
    "mae_train": 6.341451390370139,
    "r2_train": 0.9734871216892483,
    "mse_test": 98.7608311955417,
    "mae_test": 7.970086427768819,
    "r2_test": 0.968009531816727
}