{
    "dataset": "663_rabe_266",
    "algorithm": "LassoLars",
    "params": {
        "alpha": 0.0001,
        "copy_X": true,
        "eps": 2.220446049250313e-16,
        "fit_intercept": true,
        "fit_path": true,
        "jitter": null,
        "max_iter": 500,
        "normalize": true,
        "positive": false,
        "precompute": "auto",
        "random_state": 28020,
        "verbose": false
    },
    "random_state": 28020,
    "process_time": 0.07748329400000009,
    "time_time": 0.20996928215026855,
    "target_noise": 0.0,
    "feature_noise": 0.0,
    "model_size": 2,
    "symbolic_model": "not implemented",
    "mse_train": 84.39374199420875,
    "mae_train": 7.169357752038632,
    "r2_train": 0.9687501815359831,
    "mse_test": 45.12937192014524,
    "mae_test": 5.638035995368455,
    "r2_test": 0.9838521797184615
}