{
    "dataset": "663_rabe_266",
    "algorithm": "LassoLars",
    "params": {
        "alpha": 0.001,
        "copy_X": true,
        "eps": 2.220446049250313e-16,
        "fit_intercept": true,
        "fit_path": true,
        "jitter": null,
        "max_iter": 500,
        "normalize": true,
        "positive": false,
        "precompute": "auto",
        "random_state": 860,
        "verbose": false
    },
    "random_state": 860,
    "process_time": 0.07535063399999986,
    "time_time": 0.26015353202819824,
    "target_noise": 0.0,
    "feature_noise": 0.0,
    "model_size": 2,
    "symbolic_model": "not implemented",
    "mse_train": 78.94665834919422,
    "mae_train": 6.970842523334154,
    "r2_train": 0.9686130204319864,
    "mse_test": 68.49044567504185,
    "mae_test": 6.248498841908452,
    "r2_test": 0.9795169168983463
}