{
    "dataset": "663_rabe_266",
    "algorithm": "LassoLars",
    "params": {
        "alpha": 0.0001,
        "copy_X": true,
        "eps": 2.220446049250313e-16,
        "fit_intercept": true,
        "fit_path": true,
        "jitter": null,
        "max_iter": 500,
        "normalize": true,
        "positive": false,
        "precompute": "auto",
        "random_state": 4426,
        "verbose": false
    },
    "random_state": 4426,
    "process_time": 0.07549745400000019,
    "time_time": 0.26682257652282715,
    "target_noise": 0.0,
    "feature_noise": 0.0,
    "model_size": 2,
    "symbolic_model": "not implemented",
    "mse_train": 69.71082686127868,
    "mae_train": 6.503149083562036,
    "r2_train": 0.9750720656437241,
    "mse_test": 87.02278581545573,
    "mae_test": 6.326601158773881,
    "r2_test": 0.965147141463815
}