{
    "dataset": "663_rabe_266",
    "algorithm": "LassoLars",
    "params": {
        "alpha": 0.0001,
        "copy_X": true,
        "eps": 2.220446049250313e-16,
        "fit_intercept": true,
        "fit_path": true,
        "jitter": null,
        "max_iter": 500,
        "normalize": true,
        "positive": false,
        "precompute": "auto",
        "random_state": 21962,
        "verbose": false
    },
    "random_state": 21962,
    "process_time": 0.074561031,
    "time_time": 0.24657535552978516,
    "target_noise": 0.0,
    "feature_noise": 0.0,
    "model_size": 2,
    "symbolic_model": "not implemented",
    "mse_train": 78.05888502447968,
    "mae_train": 6.843300322440334,
    "r2_train": 0.9730142472850424,
    "mse_test": 62.31227865365504,
    "mae_test": 5.453400469484965,
    "r2_test": 0.9716896915212065
}