{
    "dataset": "228_elusage",
    "algorithm": "LinearRegression",
    "params": {
        "copy_X": true,
        "fit_intercept": true,
        "n_jobs": null,
        "normalize": false,
        "positive": false
    },
    "random_state": 15795,
    "process_time": 0.016483328999999936,
    "time_time": 0.04778480529785156,
    "target_noise": 0.0,
    "feature_noise": 0.0,
    "model_size": 2,
    "symbolic_model": "not implemented",
    "mse_train": 82.04232235976428,
    "mae_train": 7.282506610085778,
    "r2_train": 0.7729230350180201,
    "mse_test": 333.70425754767297,
    "mae_test": 14.379850204816892,
    "r2_test": 0.5887793343376893
}