{
    "dataset": "228_elusage",
    "algorithm": "LinearRegression",
    "params": {
        "copy_X": true,
        "fit_intercept": true,
        "n_jobs": null,
        "normalize": false,
        "positive": false
    },
    "random_state": 4426,
    "process_time": 0.016559345999999975,
    "time_time": 0.08215618133544922,
    "target_noise": 0.0,
    "feature_noise": 0.0,
    "model_size": 2,
    "symbolic_model": "not implemented",
    "mse_train": 107.53091577971455,
    "mae_train": 7.945298377766956,
    "r2_train": 0.7808298600820677,
    "mse_test": 177.41016301691337,
    "mae_test": 11.235704383199803,
    "r2_test": 0.7708408979791422
}