{
    "dataset": "228_elusage",
    "algorithm": "LinearRegression",
    "params": {
        "copy_X": true,
        "fit_intercept": true,
        "n_jobs": null,
        "normalize": false,
        "positive": false
    },
    "random_state": 28020,
    "process_time": 0.01677466300000008,
    "time_time": 0.10023093223571777,
    "target_noise": 0.0,
    "feature_noise": 0.0,
    "model_size": 2,
    "symbolic_model": "not implemented",
    "mse_train": 121.92952001516535,
    "mae_train": 8.797504359125796,
    "r2_train": 0.7873267829909145,
    "mse_test": 144.98496635780228,
    "mae_test": 10.552189510129393,
    "r2_test": 0.7336381166054533
}