{
    "dataset": "523_analcatdata_neavote",
    "algorithm": "sembackpropgp",
    "params": {
        "caching": false,
        "classweights": false,
        "elitism": 1,
        "erc": true,
        "evaluations": 500000,
        "functions": "+_-_*_aq_plog_sin_cos",
        "generations": -1,
        "gomea": false,
        "gomfos": "LT",
        "ims": false,
        "initmaxtreeheight": 6,
        "linearscaling": true,
        "maxsize": 5000,
        "maxtreeheight": 20,
        "parallel": false,
        "popsize": 1000,
        "prob": "symbreg",
        "reproduction": 0.0,
        "sbagx": false,
        "sblibtype": "p_10_9999_l_n",
        "sbrdo": 0.9,
        "seed": -1,
        "silent": true,
        "subcross": 0.0,
        "submut": 0.1,
        "syntuniqinit": 1000,
        "time": 7200,
        "tournament": 4,
        "unifdepthvar": true
    },
    "random_state": 4426,
    "process_time": 16378.894155257,
    "time_time": 16379.667646169662,
    "target_noise": 0.0,
    "feature_noise": 0.0,
    "model_size": 211,
    "symbolic_model": "2.126889+-0.009488*(((1434.144781*((((sin(x0)*(3.232155+(-2.211760*((cos(cos(x1))+cos(plog(x0)))+((plog(x0)aq(x1+24.882000))aqcos(sin(15.266000)))))))*-5.532106)+(0.004082+(0.074192*cos(((12.188000*x1)aqcos(x1))))))*((0.000011*(sin((cos(x0)*(x1*x0)))*(-513.248043+(sin(plog((sin(19.821000)*sin(x0))))*-1446.880868))))+0.070691)))+((316.386975*((((0.000002*(sin((cos(x0)*(x1*x0)))*((25421.761967*((plog(x0)aq(x1+24.882000))aqcos(x0)))+31.010227)))+-0.000110)+(plog((sin(x0)*plog(x1)))*-0.000627))*(1.098782+(cos((x1aqx0))*-0.102315))))+(1357.730732+(((6.234285*(-1.836488+(0.000000*(sin((cos(x0)*(x1*x0)))*(-30543293834.596451+(11066307801.145262*(plog((22.720000+x0))aqcos((x0+x1)))))))))+-11.449183)*((1.146699*((11.449198+(0.895785*(1.116339*(((((x1aqx0)*-0.000000)+62.282272)*0.907032)+-0.700455))))+(0.000241*((sin(plog((sin(19.821000)*sin(x0))))*((-84290.857880*((cos(cos(x1))+cos(plog(x0)))+((cos(x1)aq(x1+24.882000))aqcos(-7.786000))))+128797.644350))*(0.000000+(cos(((12.188000*x1)aqcos(plog(cos(x0)))))*-0.000003))))))+-27.603795))))))",
    "mse_train": 0.7166884531590414,
    "mae_train": 0.5415250549762117,
    "r2_train": 0.953038388833004,
    "mse_test": 0.8321158493564839,
    "mae_test": 0.6993464035228416,
    "r2_test": 0.9478153315424641
}