{
    "dataset": "523_analcatdata_neavote",
    "algorithm": "sembackpropgp",
    "params": {
        "caching": false,
        "classweights": false,
        "elitism": 1,
        "erc": true,
        "evaluations": 500000,
        "functions": "+_-_*_aq_plog_sin_cos",
        "generations": -1,
        "gomea": false,
        "gomfos": "LT",
        "ims": false,
        "initmaxtreeheight": 6,
        "linearscaling": true,
        "maxsize": 5000,
        "maxtreeheight": 20,
        "parallel": false,
        "popsize": 1000,
        "prob": "symbreg",
        "reproduction": 0.0,
        "sbagx": false,
        "sblibtype": "p_10_9999_l_n",
        "sbrdo": 0.9,
        "seed": -1,
        "silent": true,
        "subcross": 0.0,
        "submut": 0.1,
        "syntuniqinit": 1000,
        "time": 7200,
        "tournament": 8,
        "unifdepthvar": true
    },
    "random_state": 15795,
    "process_time": 15900.311756151,
    "time_time": 15902.552309036255,
    "target_noise": 0.0,
    "feature_noise": 0.0,
    "model_size": 374,
    "symbolic_model": "-423.499815+-0.481533*(((-0.075309*(((-24.009000*x0)-sin(x1))-((-23.987000*((22.722000*22.681000)+(0.034671*(((sin((-18.683000+x1))+(sin(x1)-cos(x0)))+cos(((10.974000+x0)*(x0-x1))))-((cos((x1aq-2.350000))-(plog(x0)-sin(x1)))+((plog(x0)*(-10.381000aqx1))+sin(sin(x1))))))))+(x0+(-2.024810*(((cos(plog(-3.686000))+sin((x0-x1)))aq(cos((x1+23.029000))aq(cos(x1)+(-5.047000+x0))))*(sin(((x0+x0)-sin(-2.181000)))+(cos((x1*26.872000))*((x0aqx1)+plog(x1))))))))))+((-0.001094*(((cos(plog(-3.686000))+sin((x0-x1)))aq(cos((x1+23.029000))aq(cos(x1)+(-5.047000+x0))))*(sin(((x0+x0)-sin(-2.181000)))+(cos((x1*26.872000))*(3337.179686+(0.978689*(-3321.672030*plog(plog((sin(x0)aq(13.808000-x0)))))))))))+(((((cos(plog(-3.686000))+sin((x0-x1)))aq(cos((x1+23.029000))aq(cos(x1)+(-5.047000+x0))))*(sin((x0-sin(-2.181000)))+(cos((x1*26.872000))*((x0aqx1)+plog(x1)))))*0.008112)+((-0.000867*((x1*sin(sin(x1)))+(0.651642+(0.021425*((cos((x1aq(-4.299000-9.740000)))-x0)*(-1080.591371+(-1082.501612*cos(plog((plog(x1)*(x0-17.861000)))))))))))+((0.000237*(sin(((x0+x0)-(((sin((x0*plog(x0)))*(x0aq2.013000))*-230.331881)+0.359004)))+(cos((x1*26.872000))*(3337.179686+(-5168.674370+(1.840660*(((x0-23.871000)-(-22.017980+(sin(x0)*1.194460)))*-533.893057)))))))+(51.471231+(((-24.702000aqx1)aq(x0+x0))*((-0.000002*((217487.734117+(0.029108*(cos(((-10.302000*x1)+(x0aq1.813000)))*((sin(x1)aqcos(sin(cos(cos(x0)))))-((20.839000aqx0)-(x0*-27.257000))))))+(cos((x1*26.872000))*(-1830.776353+(((-6.373649*sin((-18.683000+((x1*x0)-x1))))+((-0.192701*(x1*sin(sin(x1))))+((-0.019154*(x1*x0))+((-0.054956*(x0*x0))+(1831.751703+(x1*0.005087))))))*((0.000042*cos(plog((plog(x1)*plog(x1)))))+0.999570))))))+0.361173)))))))))",
    "mse_train": 0.6682020202020205,
    "mae_train": 0.5647676776736972,
    "r2_train": 0.9554959225675338,
    "mse_test": 0.8623063326892264,
    "mae_test": 0.6653333319684581,
    "r2_test": 0.9472969432886009
}