{
    "dataset": "523_analcatdata_neavote",
    "algorithm": "sembackpropgp",
    "params": {
        "caching": false,
        "classweights": false,
        "elitism": 1,
        "erc": true,
        "evaluations": 500000,
        "functions": "+_-_*_aq_plog_sin_cos",
        "generations": -1,
        "gomea": false,
        "gomfos": "LT",
        "ims": false,
        "initmaxtreeheight": 6,
        "linearscaling": false,
        "maxsize": 250,
        "maxtreeheight": 20,
        "parallel": false,
        "popsize": 1000,
        "prob": "symbreg",
        "reproduction": 0.0,
        "sbagx": false,
        "sblibtype": "p_6_9999",
        "sbrdo": 0.9,
        "seed": -1,
        "silent": true,
        "subcross": 0.0,
        "submut": 0.1,
        "syntuniqinit": 1000,
        "time": 7200,
        "tournament": 4,
        "unifdepthvar": true
    },
    "random_state": 5390,
    "process_time": 14121.036905051,
    "time_time": 14121.107603788376,
    "target_noise": 0.0,
    "feature_noise": 0.0,
    "model_size": 249,
    "symbolic_model": "((plog(x0)*x1)-(sin(((x0*(19.860000+x0))-(plog(x0)*(19.860000+(x0aqplog(sin(cos(x0))))))))-sin(sin(((plog(x0)*(19.860000+x0))-(plog(x0)*(18.355000+((x0*((x0*(x0+(x1*cos(x1))))-((((-0.271278*x1)*plog(x1))*cos(x0))*plog(x1))))+(x0*(((((((((-28.395000*(-17.883000*(1552.774492+x0)))*cos(x1))+((plog(-1624420740899032.000000)*(-17.883000*(1552.774492+x1)))*cos((x1+plog(1.151000)))))+((plog(x0)+(x1*cos(x1)))+((-87961.715274-((x1*18298.786676)-cos(x1)))+(59628.928180+(x0*18298.786676)))))*((((plog(-50483824632752513024.000000)-(x0-cos(x1)))+((1.198576+(-307.693951aqx0))aqx1))+(((-243254.131811*(1552.774492+-1552.509340))*cos(x1))*cos(x1)))+(((plog(x0)*-4.415000)*x0)+(((cos(11.611000)*(x0*-88771.686697))*(-17.883000*(0.025652+x0)))*cos(x1)))))-(x0*(((((plog(x0)*(1552.774492+-24581357.473252))-((-15.442000*3696457718.114974)-(x0aqx0)))+(x1*cos(x1)))+((plog(x0)*(x1+-24581357.473252))-((x0*18298.786676)*(2654947.378050+1635.197319))))+(((((0.286737aq3.477827)--47308.722214)*-1013.037774)*((-7885.260944aqx0)+x0))+(((cos(x0)*(0.363000aqx0))*13536036395.892075)*plog((x0aqx0)))))))*((((plog(x0)*(x1*0.000279))*14.368000)aq18.319000)*-0.000000))-(cos(x0)*plog(x1)))aqx0))))))))))",
    "mse_train": 0.7850818596318467,
    "mae_train": 0.5877383055625283,
    "r2_train": 0.9488025707147428,
    "mse_test": 0.497267153417399,
    "mae_test": 0.5348817856121109,
    "r2_test": 0.9677132795672269
}