{
    "dataset": "523_analcatdata_neavote",
    "algorithm": "sembackpropgp",
    "params": {
        "caching": false,
        "classweights": false,
        "elitism": 1,
        "erc": true,
        "evaluations": 500000,
        "functions": "+_-_*_aq_plog_sin_cos",
        "generations": -1,
        "gomea": false,
        "gomfos": "LT",
        "ims": false,
        "initmaxtreeheight": 6,
        "linearscaling": true,
        "maxsize": 1000,
        "maxtreeheight": 20,
        "parallel": false,
        "popsize": 1000,
        "prob": "symbreg",
        "reproduction": 0.0,
        "sbagx": false,
        "sblibtype": "p_10_9999_l_n",
        "sbrdo": 0.9,
        "seed": -1,
        "silent": true,
        "subcross": 0.0,
        "submut": 0.1,
        "syntuniqinit": 1000,
        "time": 7200,
        "tournament": 4,
        "unifdepthvar": true
    },
    "random_state": 16850,
    "process_time": 18777.658634975,
    "time_time": 18778.546116113663,
    "target_noise": 0.0,
    "feature_noise": 0.0,
    "model_size": 316,
    "symbolic_model": "-0.000078+0.139111*((((((-2.326728*cos((plog(x0)+(-21.745000aqx0))))+(-0.074245+(((sin((x1*27.519000))*((x1*x0)aqsin(x0)))aq(((x0aqx1)*plog(-19.463000))aq((x0aqx1)aqplog(x1))))*(-0.116776+(0.421490*(sin(cos(cos(x1)))+((plog(x0)-cos(17.200000))aq((x1+10.534000)aq(-22.667000*x1)))))))))*((((x1aqx0)aqx1)*-0.247759)+-23.709407))*0.290018)+((-1.669071*((3.142211*((-0.000000+(((cos(cos((x0-x0)))*plog((sin(25.655000)-(x1+x0))))-((plog((0.000000*(8.623000+plog(x0))))-((x1aq-23.725000)*plog(-5.324000)))+(sin((x1aqx0))*((x1+x1)*(x1-x0)))))*0.000000))*((((x1aqx0)aqx1)*-0.247759)+((76.973799*cos((plog(x0)+(x0aqx0))))+-92.198070))))+(-0.000007+(0.975855*((((((x1aqx0)aqx1)*plog(-19.463000))aq((x0aqx1)aqplog(x1)))*0.000011)+(-0.000294+(0.000002*plog((sin(x1)+x0)))))))))+((((cos((plog(x0)+(x0aqplog(14.390000))))*-0.000000)+0.000000)+-0.000000)+(((((0.117897+(((6.819743+(3.817483*plog(plog(x0))))aq((x1+10.534000)aq(-22.667000*x1)))*(-0.373659+(-0.046492*((-2.326728*cos((x1+(-21.745000aqx1))))+(-0.074245+(((x0-plog((x1*x0)))aqx1)+(cos(((plog(x0)*(-19.852000-x1))aqplog((x0*6.977000))))*-17.708097))))))))*(-0.116776+((-12.161528+(-15.222726*(((22.355000*-0.092000)-(x1aqx1))+((x0*x0)+(x1aq2.176000)))))*(sin(-22.504000)+((plog(x0)-cos(-4.116000))aq((x1+10.534000)aq(-22.667000*x1)))))))*(-0.007076+(cos((-11.464000*x1))*(((((-3351.266856+(-1236.909477*plog(x0)))+-62.627392)aq((x0aqx1)aqplog(x1)))*0.000060)+0.208985))))+-0.000000)*-0.000000)))))",
    "mse_train": 0.7574300029472444,
    "mae_train": 0.5784497503013043,
    "r2_train": 0.9487385546769708,
    "mse_test": 0.5891004887072467,
    "mae_test": 0.5381255525227019,
    "r2_test": 0.9651205186204974
}