{
    "dataset": "557_analcatdata_apnea1",
    "algorithm": "sembackpropgp",
    "params": {
        "caching": false,
        "classweights": false,
        "elitism": 1,
        "erc": true,
        "evaluations": 500000,
        "functions": "+_-_*_aq_plog_sin_cos",
        "generations": -1,
        "gomea": false,
        "gomfos": "LT",
        "ims": false,
        "initmaxtreeheight": 6,
        "linearscaling": true,
        "maxsize": 1000,
        "maxtreeheight": 20,
        "parallel": false,
        "popsize": 1000,
        "prob": "symbreg",
        "reproduction": 0.0,
        "sbagx": false,
        "sblibtype": "p_10_9999_l_n",
        "sbrdo": 0.9,
        "seed": -1,
        "silent": true,
        "subcross": 0.0,
        "submut": 0.1,
        "syntuniqinit": 1000,
        "time": 7200,
        "tournament": 4,
        "unifdepthvar": true
    },
    "random_state": 23654,
    "process_time": 128924.40234994,
    "time_time": 128926.83155727386,
    "target_noise": 0.0,
    "feature_noise": 0.0,
    "model_size": 996,
    "symbolic_model": "-342381995.124266+-0.000000*((((0.000000*(((((plog(plog((((x1*x0)aqx1)*(sin(x1)+(x0+x0)))))*1.237118)+-0.517949)-sin(x1))*(-1.133375+(plog(plog((((x1*x0)aq(-4.250000aq-6.293000))*(sin(cos(7.198000))+(sin(x0)+x0)))))*2.077898)))*(-6304.412424+((1675769743556419810164912743595663362621440.000000*(plog(plog((((x1*x0)aq(-4.250000aq-6.293000))*(sin(x1)+(x0+x0)))))*((-7.992887*sin(((x1*x0)*plog(x1))))+1.013855)))+-1779471026300739239067009025270916793237504.000000))))+(((((((plog(plog((((x1*x0)aq(-4.250000aq-6.293000))*(sin(x1)+(x0+x0)))))*(5383150.175003+((((sin(x2)aq(x0+x2))*((x0*13319967166.660933)+14626043639.515263))*plog((x1+x2)))*8870796.985732)))+-0.517949)-sin(plog(x2)))*(0.000055+(-0.000000*((plog(plog((((x0+-4.775000)aq(-4.250000aq-6.293000))*(sin(x1)+(x2+x0)))))*((-7.992887*sin(((x1*x0)*plog(x1))))+x0))*1675769743556419810164912743595663362621440.000000))))*-0.000001)+-187592703.216767)+(-5.217741*((((plog(plog((((x1*x0)aqplog(x1))*(sin(x1)+(x0+x0)))))*(((((x1*x0)aqx1)*(x1+(cos(x1)+x0)))*-32624.038274)+-19436.078848))+-0.517949)-sin((plog(-3.702000)*-6.443000)))*(-1.133375+((plog(plog((((x1*x0)aq(-4.250000aq-6.293000))*(sin(x1)+(cos(x2)+x0)))))*-1180.871292)+830.532725))))))+((((((((plog(plog((((x1*x0)aq(-4.250000aq-6.293000))*(sin(x1)+(x0+x0)))))*1.237118)+-0.517949)-sin((x0*-6.443000)))*(x1+((plog(plog((((x1*x0)aq(x2aq-6.293000))*(sin(x1)+(cos(x1)+x0)))))*-1180.871292)+830.532725)))*-0.492233)+-72.957687)*(((-1396.846826+(-1233.807852*plog(((cos(x1)aq(x1-x0))-cos((x1aqx0))))))aqx1)*(x2+(-2352.684750+(2981.735341*plog((((x0+((0.299896+(-0.876533*plog((sin(x1)-cos(x1)))))*1.583857))*-0.098452)+2.246794)))))))+((872280792.280333+((((((plog(plog(((plog((x1aqx0))aqcos(x2))*(x1+(x0+x0)))))*1.237118)+-0.517949)-sin((cos(x0)*-6.443000)))*(-1.133375+(plog(plog((((x1*x0)aq(-4.250000aq-6.293000))*(cos((x1-7.406000))+(x0+(x1*x0))))))*2.077898)))*(-6304.412424+(5586.457345*(plog(plog(sin((x0*plog(x2)))))*((plog((((x0+-4.775000)aqx0)*(sin(x2)+(x2+x0))))*69872.968174)+-122868.520282)))))*-0.045193))+(((plog(plog((((x1*x0)aq(-4.250000aq-6.293000))*(sin(x1)+(x0+x0)))))*(((-28.855682*(((x1*x0)aq(-4.250000aq-6.293000))*(cos(-5.091000)*x1)))*(328329312083657873960550631760649339605218533201412096.000000+((((x1*x0)aq(-4.250000aq-6.293000))*(sin(x1)+(((x1+-6.512000)+(x0+x0))+x0)))*-171958197123757419686712022447757201710837223173128192.000000)))+-12389391908363508.000000))*-0.000000)+((((((((plog(plog((((x1*x0)aq(-0.925000aq-6.293000))*(sin(x1)+(x0+cos(x2))))))*(-12046369.194686+(0.008968*(((x2aq(0.662000+x2))*(sin(x2)+14626043639.515263))*plog((x1+x2))))))+-0.517949)-sin(plog(x2)))*((1.133433+(-0.000359*(((x1*x0)aq((x1*((x2*6.550000)+sin(x1)))+plog(x1)))*(sin(x1)+(cos(-2.368000)+x0)))))+(plog(plog((((x1*x0)aq(x2aq-6.293000))*(sin(cos(x1))+(x0+x0)))))*((((plog((sin(x1)-cos(x1)))*-738.383780)+81.444414)*plog(plog((plog((x1-x2))*((x1aqx1)+(x1+x0))))))+2.722885))))*-0.000491)+-488861669804084800.000000)+x1)+((((-214869189682822938624.000000*(6304.413466+(plog(plog((42806685139667156615445939614646272.000000*(sin(x1)+(cos(x1)+x0)))))*-0.000134)))*0.000000)*84566142770019.125000)+((((((((((x1*x0)aq(((x2+x0)*((x2*6.550000)+sin(x1)))+plog(x1)))*(sin(x1)+(cos(-2.368000)+x0)))*-87729089932.606628)+9222471009.166283)*((plog((((x0+-4.775000)aq(x2aq-6.293000))*(sin(x2)+(x2+x0))))*69872.968174)+-122868.520282))*0.000000)+-139248836.707303)+x0)+((1.032079*(((-1.301418*plog(plog((((x1*x0)aq(x0-4.167000))*(sin(x1)+(-3.949000+x0))))))*-64306545.962058)+((1.655061*(plog(plog((((x1*x0)aq(-4.250000aq-6.293000))*(sin(-0.157000)+(x0+x0)))))*(5383150.175003+((((x2aq(x0+sin(-0.851000)))*-7.361000)*plog((x1+x2)))*8870796.985732))))+((8312974.559251+((((x2aq(x0+x2))*plog((cos(6.598000)*x0)))*plog((x1+x2)))*-64641593.464158))+((131583504.594173*plog(plog((((7.964000-x1)aqx0)*(sin(x1)+(x2+x0))))))+-170636.064606)))))+((-0.000000*((((plog(plog((((x1*x0)aq(-4.250000aq-6.293000))*(sin(x1)+(cos(x0)+x0)))))*1.237118)+-0.517949)-sin((x0*-6.443000)))*(-1.133375+(plog(plog((((x1*x0)aq(-4.250000aq-6.293000))*(cos((x1-7.406000))+(x0+x0)))))*(-93361905792259.656250+(-981878557479415.250000*(((x1*x0)aq(-4.250000aq(2.173000-x2)))*(x2aq(x1+x2)))))))))+((3.401712*(((109218040.703247+((plog((x1*x0))*1.133387)*-46588818.792531))+(plog((((x1*x0)aqx2)*(sin(x1)+(-3.949000+x0))))*56612747.445792))+-170636.064606))+(((-28557641.526414*(plog(plog((((x1*x0)aq(-4.250000aq-6.293000))*(sin(x1)+(x0+x0)))))*((-7.992887*sin(((x1*x0)*plog(x2))))+1.013855)))+((plog(plog(((plog(x2)aq(x0aq5.280000))*(sin(x1)+(x2+x0)))))*54290844.420078)+((sin((-3.351000*(6.790000*x2)))*93896301.854541)+(17885531.231347+(101435075.131613*sin(((-7.030000+x1)-(8.080000*x2))))))))+((-73113238.216060*((0.000000*(sin(((-7.030000+x1)-(8.080000*x2)))*((383684853.180619*(x1-x2))+-151785492.527524)))+(-0.273753+(-0.340962*plog(((x1*x0)-1.031000))))))+(-180662.248438+(sin(((x0-x2)-(1.351000*x1)))*-83624669.180983)))))))))))))))",
    "mse_train": 181318.17584510078,
    "mae_train": 269.3249864945507,
    "r2_train": 0.984439836692878,
    "mse_test": 617685.8764483206,
    "mae_test": 430.5786215616099,
    "r2_test": 0.8882269216679746
}