{
    "dataset": "557_analcatdata_apnea1",
    "algorithm": "sembackpropgp",
    "params": {
        "caching": false,
        "classweights": false,
        "elitism": 1,
        "erc": true,
        "evaluations": 500000,
        "functions": "+_-_*_aq_plog_sin_cos",
        "generations": -1,
        "gomea": false,
        "gomfos": "LT",
        "ims": false,
        "initmaxtreeheight": 6,
        "linearscaling": true,
        "maxsize": 1000,
        "maxtreeheight": 20,
        "parallel": false,
        "popsize": 1000,
        "prob": "symbreg",
        "reproduction": 0.0,
        "sbagx": false,
        "sblibtype": "p_10_9999_l_n",
        "sbrdo": 0.9,
        "seed": -1,
        "silent": true,
        "subcross": 0.0,
        "submut": 0.1,
        "syntuniqinit": 1000,
        "time": 7200,
        "tournament": 8,
        "unifdepthvar": true
    },
    "random_state": 5390,
    "process_time": 84274.374536339,
    "time_time": 84277.3136882782,
    "target_noise": 0.0,
    "feature_noise": 0.0,
    "model_size": 266,
    "symbolic_model": "-0.228418+-0.000000*((((sin(x1)aq(x2-plog(x0)))*(((x0+(((17656.919147*(plog((((plog(x0)*cos(3.448000))+(plog(x1)*cos((x0*x1))))*cos(sin((cos(x1)+((((-2.106000-0.245000)-x0)*x2)*((x1+x0)-(sin(x0)+x2))))))))*((0.060118*(((cos(((-0.484000-(x2+x2))-(((6.287000-cos(-3.209000))+x2)aqx0)))aq(((x0*x1)-sin(x2))*3.501000))-5.078000)*plog(((-1.224010*sin(((x0*x0)+sin(x0))))+3.398785))))+0.368426)))+(((cos((x1*(sin(x2)*(x2*x2))))*(((sin(((x2+(-1.395000+(x1+7.735000)))+(((6.178000*6.817000)*cos(x2))*(x0-3.583000))))+((cos((plog(x2)+plog(0.454000)))-x0)-((x1+(x1+x1))-(x0*x1))))-x1)*(-7.043000-(plog(((x1-x0)-(x0+-3.052000)))aqsin(plog(x2))))))+5.531000)*7.122000))*((cos(((x1-x0)--3.149000))*((((((x1*((214877146999403.781250*plog((sin(x1)+plog(x1))))+x1))aq-6.262000)*-0.000000)+(3595.340638+((x1*((214877146999403.781250*plog((sin(x1)+plog(x1))))+x1))*0.000000)))*(x1-7.008000))-4.762000))*((sin(sin((cos(plog((x2aqplog(x1))))+x0)))-plog((x1-x0)))-cos(x2)))))+x0)+-6.649000))aqplog(sin(((x1-x2)+(sin((x1+(x1aqsin(sin((((5.739000-(x2aq(sin((cos(-3.559000)*(cos(x1)aqx2)))*4.558000)))aqx0)*x2))))))+x1))))))",
    "mse_train": 239818.8986138288,
    "mae_train": 266.3490308981735,
    "r2_train": 0.9712849647871495,
    "mse_test": 700949.6040086569,
    "mae_test": 388.42078483269495,
    "r2_test": 0.9545190187294804
}