{
    "dataset": "557_analcatdata_apnea1",
    "algorithm": "sembackpropgp",
    "params": {
        "caching": false,
        "classweights": false,
        "elitism": 1,
        "erc": true,
        "evaluations": 500000,
        "functions": "+_-_*_aq_plog_sin_cos",
        "generations": -1,
        "gomea": false,
        "gomfos": "LT",
        "ims": false,
        "initmaxtreeheight": 6,
        "linearscaling": true,
        "maxsize": 1000,
        "maxtreeheight": 20,
        "parallel": false,
        "popsize": 1000,
        "prob": "symbreg",
        "reproduction": 0.0,
        "sbagx": false,
        "sblibtype": "p_10_9999_l_n",
        "sbrdo": 0.9,
        "seed": -1,
        "silent": true,
        "subcross": 0.0,
        "submut": 0.1,
        "syntuniqinit": 1000,
        "time": 7200,
        "tournament": 4,
        "unifdepthvar": true
    },
    "random_state": 15795,
    "process_time": 116701.202885533,
    "time_time": 125289.90028357506,
    "target_noise": 0.0,
    "feature_noise": 0.0,
    "model_size": 994,
    "symbolic_model": "-0.134897+-0.005086*((((11.228230+(0.000000*((((sin(((((1.925000+x1)-(x2aq1.704000))-x2)aqx1))+(-0.499190*plog((plog(sin((x1aq1.200000)))+plog(((x0+-1.437000)*(x1-3.757000)))))))aq((x0-x1)*(x1-6.494000)))*(((((279.962556+(301.027310*(cos(x1)aq(x2*x0))))aq(x2*x0))aqplog(x0))*-303.043776)+-15.020724))*((((((6572382552775827306542549189134491391858536593945285022054788874779928438460845629744449586019002063361349693896875775550893608073238151168.000000*(plog((x0-x1))+((0.002994+(-2.769592*(plog((x0-x1))+((-4.898653-x2)aq(-3.789000-7.601000)))))aq(-3.789000-x1))))+-9166228720419322771668224317617662619426271000992136195517527938847446473408028713638168186193288894977220089508535311015532058657328988160.000000)*plog((plog(sin((x1aq1.200000)))+plog(((x0+-1.437000)*(x1-3.757000))))))*0.000000)+-6257774519299541257016665154793609710750110905341756161954223460416659352872970361395396739072.000000)+x1))))+((((0.177670+(-0.499190*plog((plog(sin((x1aq1.200000)))+plog(((x0+-1.437000)*(x1-3.757000)))))))aq((x0-x1)*((((-2.358000+x0)aqx0)+-2.191000)-6.494000)))*(15.119287+(plog((((3.621906*plog((-845.075677*(x1-3.757000))))+-28.088869)-x0))*-61.470149)))*-2.572337))+(((((((-3.483000+x2)*plog(((cos(x2)-x2)+x0)))*-0.087190)*x0)+-5.144594)+(1.467153*(0.024123*(((0.177670+(-0.499190*plog((plog(sin((x1aq1.200000)))+plog(((x0+-1.437000)*(x1-3.757000)))))))aq((x0-x1)*(x2-6.494000)))*((((cos(plog(plog(sin(x2))))*7.819000)aqplog(x0))*-303.043776)+x2)))))+((((((-3.483000+((((6572382552775827306542549189134491391858536593945285022054788874779928438460845629744449586019002063361349693896875775550893608073238151168.000000*(plog((x0-x1))+((0.000000-6.753000)aq(-3.789000-1.471000))))+x2)*plog((plog(sin((x1aq1.200000)))+plog(((x0+-1.437000)*(x1-3.757000))))))*-0.000000))*plog((plog(cos((x2-x1)))+plog(((x0+-1.437000)*(x1-3.757000))))))*-0.059768)+1.660863)+(((5.165222+((((-103731111799.740738+(88504917840.003723*plog(((-3.166310+x2)-(x0+(x2*x0))))))aq((x0-x1)*(x0-6.494000)))*((x1*((-110782654.180871*(x1*2.754000))+125640420.299640))+1.166000))*-0.000000))+((-0.161435*(((-3.483000+((((6572382552775827306542549189134491391858536593945285022054788874779928438460845629744449586019002063361349693896875775550893608073238151168.000000*(plog((0.000001--1358.201895))+((0.000000-x2)aq(-3.789000-1.471000))))+sin(x2))*plog((plog(8.240000)+plog(((-0.427315+-1.437000)*(x1-0.031804))))))*-0.000000))*plog((plog(cos((((-4.687000*x2)aq((x0*-4.925000)--7.068000))-x1)))+plog(((x0+cos(x1))*(0.014029-3.757000))))))*-0.123416))+-0.308965))*0.057786))+(((((104949679130914327587187265090965967399506935808.000000+(617.880201*(60.329419+(-0.357143*617.880201))))+(0.000000*(((6572382552775827306542549189134491391858536593945285022054788874779928438460845629744449586019002063361349693896875775550893608073238151168.000000*(plog((x0-x1))+((5.972000-x1)aq(-3.789000-1.471000))))+-9166228720419322771668224317617662619426271000992136195517527938847446473408028713638168186193288894977220089508535311015532058657328988160.000000)*plog((plog(x2)+plog(((x0+-1.437000)*(x1-3.757000))))))))*plog((cos(x0)-sin(x1))))*0.000000)+(((3.387065+(-0.000057*(((0.177670+(-0.499190*plog((plog(sin((x1aq1.200000)))+plog(((x0+-1.437000)*(x1-3.757000)))))))aq((x0-x1)*(x1-6.494000)))*(((-175112.652712+((-954.046110*plog(((x1+x1)-((2398730750557738979500579232019211473992590295040.000000*x2)+-2218360056624654516035524278535362214585819987968.000000))))*-1.650000))*-303.043776)+-15.020724))))+((((0.177670+(-0.499190*plog((plog(sin((x2aq1.200000)))+plog(((x0+-1.437000)*(x1-3.757000)))))))aq((x0-x1)*(-2.519000-6.494000)))*((((cos(x0)*x1)aqplog(x0))*-303.043776)+-15.020724))*-0.489326))+((0.006263*(plog((plog(sin(((x0aq-7.894000)aq1.200000)))+plog(((x0+-1.437000)*(x1-3.757000)))))*(692.413332+(-8.223870*(((((cos(x0)*x1)aqplog(x0))*-598.157956)+-60.110467)+(((plog(sin(plog(x0)))aqx0)+3.930000)*plog((x2*plog((cos(x2)aqx1))))))))))+((-1.139234+(-0.042272*((-3.483000+((((6572382552775827306542549189134491391858536593945285022054788874779928438460845629744449586019002063361349693896875775550893608073238151168.000000*(plog((x0-x1))+(((x2*x2)+1.487298)aq(-3.789000-x1))))+-9166228720419322771668224317617662619426271000992136195517527938847446473408028713638168186193288894977220089508535311015532058657328988160.000000)*plog((plog(sin((x1aq1.200000)))+plog(((x0+-1.437000)*(x0-3.757000))))))*-0.000000))*plog((plog(cos((x2-x1)))+plog(((x0+-1.437000)*(x0-x2))))))))+(((0.000000*(((plog(x2)+(-0.499190*plog((plog(sin((x1aqx0)))+plog(((cos(x2)-x2)*(x1-3.757000)))))))aq((x0-x1)*(x0-6.494000)))*((((((-98547368.467207*sin((x2*1.779000)))+-10701237.934546)*x1)aqplog((x2+x1)))*((-110782654.180871*plog(((-3.166310+x2)-x0)))+125640420.299640))+-15.020724)))+((-0.000000*(((6572382552775827306542549189134491391858536593945285022054788874779928438460845629744449586019002063361349693896875775550893608073238151168.000000*(plog((x0-x1))+((0.000000-x2)aq(-3.789000-1.471000))))+(((-1.000000*(plog((x0-x1))+((5.972000-x2)aq(-3.789000-1.471000))))+1.115383)*6572382552775827306542549189134491391858536593945285022054788874779928438460845629744449586019002063361349693896875775550893608073238151168.000000))*plog((plog(sin((x1aqx1)))+plog(((x0+x1)*(-402.278812-3.757000)))))))+(((((((-98547368.467207*sin((x2*6.410000)))+(((0.000000*3872849.229152)+328979.255205)+((x0*3872849.229152)+-0.000000)))*x1)aqx1)*((-110782654.180871*plog(((-2.584000+x2)-x0)))+125640420.299640))*0.000000)+-3.138596)))+(((4.975782+(0.952910*((plog((plog(sin((x1aq1.200000)))+plog(((0.000000+-1.437000)*(x1+x0)))))*5.012427)+((-0.377000+(2.391317*(plog((x0*-4.688000))*x1)))+-3.232218))))+((0.000000*(((6572382552775827306542549189134491391858536593945285022054788874779928438460845629744449586019002063361349693896875775550893608073238151168.000000*(plog((x0-x1))+((0.000000-x2)aq(((4.009000aqx0)aqx2)-1.471000))))+-9166228720419322771668224317617662619426271000992136195517527938847446473408028713638168186193288894977220089508535311015532058657328988160.000000)*plog((plog((6.850471+(-59.791616*plog(x1))))+plog(((x0+-1.437000)*(x1-3.757000)))))))+5.060961))+((0.000000*(((plog(x2)+(-0.499190*plog(sin((cos(2.385000)aqx1)))))aq((x0-x1)*(x0-6.494000)))*((x0*((-110782654.180871*plog(sin(-0.297000)))+125640420.299640))+1.166000)))+((-0.073726*(((24860514651941016.000000*(plog(x1)*x0))+(3.000000+(-24860514651941040.000000*(plog(x1)*x0))))*plog((plog(sin(x1))+plog(((0.000000+0.000000)*(x1-3.757000)))))))+((-0.000000*((-98547368.467207*sin((x2*6.410000)))+x2))+(95672640.622011+(((sin(x2)*sin((x2*6.410000)))+(-10701237.929587+((x1aq(x0-x1))*-0.631392)))*((plog(plog((x0-x2)))*-0.000000)+8.940334))))))))))))))))",
    "mse_train": 104828.90578985859,
    "mae_train": 219.20944104029837,
    "r2_train": 0.9879475117912631,
    "mse_test": 1300354.0416458447,
    "mae_test": 574.9003646624462,
    "r2_test": 0.9089197724514467
}