{
    "dataset": "557_analcatdata_apnea1",
    "algorithm": "sembackpropgp",
    "params": {
        "caching": false,
        "classweights": false,
        "elitism": 1,
        "erc": true,
        "evaluations": 500000,
        "functions": "+_-_*_aq_plog_sin_cos",
        "generations": -1,
        "gomea": false,
        "gomfos": "LT",
        "ims": false,
        "initmaxtreeheight": 6,
        "linearscaling": true,
        "maxsize": 1000,
        "maxtreeheight": 20,
        "parallel": false,
        "popsize": 1000,
        "prob": "symbreg",
        "reproduction": 0.0,
        "sbagx": false,
        "sblibtype": "p_10_9999_l_n",
        "sbrdo": 0.9,
        "seed": -1,
        "silent": true,
        "subcross": 0.0,
        "submut": 0.1,
        "syntuniqinit": 1000,
        "time": 7200,
        "tournament": 8,
        "unifdepthvar": true
    },
    "random_state": 16850,
    "process_time": 115102.150562671,
    "time_time": 115126.48321175575,
    "target_noise": 0.0,
    "feature_noise": 0.0,
    "model_size": 998,
    "symbolic_model": "1.036363+0.130792*(((sin(2.568000)+(1.637761*(-6.715885+((-0.389364+((((plog((x0-sin(x1)))*-10.386075)+-5.856503)*sin((x0+x0)))*-0.095011))*plog((x0-sin(x1)))))))+((1.050480*((-0.084041+(3.675890*(((0.446353*plog((x0-sin(x1))))+0.040143)aq(plog((x0*x1))+cos((x2-x2))))))*(1.490598+(((((-21.125708+(((x1-4.301000)aqcos(x0))*-6.490013))+((x1-4.301000)aqcos(x0)))-((plog((x0-sin(x1)))*5.356793)+-2.843638))*-0.232352)*(14.307830+((cos((x0aqplog(x0)))--4.500000)*-2.534615))))))+((0.000000*((((7148221188667945792458390424983986681571351279855477969397914208155675531600869163166974294896344622432256.000000+(115918517684393425841985728086042652325462935387114980141595104842520371307459398431913740022200306575081472.000000*plog(plog((-5.732000+(((3.331784+(-0.000189*((-10501.166037*(x0+x1))+((x1*11497.203396)+9806.390053))))+((x1aqx0)aq(plog((sin(x2)*(6.038000*x1)))aqsin(plog((x0-x0))))))+((-1.958000*x2)aqcos(cos(x0)))))))))*(((-0.109651*(((plog((x0-sin(x1)))*-10.386075)+(plog((9052.667061+((cos(sin(x2))+(x0*x1))*-8008.746879)))-((0.115000*-6.698000)*x0)))*x2))+-0.378551)*(((((((5600108079937349706977512808830985311998291617211508077224787968.000000*(x0+x0))+8146225421885470799587444695124893700754778325914704330832740352.000000)*plog((x0-sin(x1))))+0.040143)aq(plog((x0*x1))+x0))*0.000000)+(x2-x0))))*-0.000000)+((x0+(12408349.130085*((0.016638+(0.025540+(((x0*(x1aq((cos(x2)+x0)aqx0)))*cos((x1+-2.412000)))*1.220282)))aqsin((sin(x2)aq((5.539000*(x0-x1))-cos(x0)))))))+(0.000000*(((((((plog((x0-sin(x1)))*(cos(x1)*x1))*-1282464691660735436239395931046796671027759976706309484238728422963141284138829089151958122496.000000)+-1.401000)*x2)*-0.000000)+2320484773684857173900718188769415903737745444864285492250882424849667209996271616.000000)*(((54.544677*(((0.446353*plog((x0-sin(x1))))+0.040143)aq(plog((x1*x1))+x0)))+7.866000)*(x1+(cos(((((x1*x0)aq(x0-5.441000))*-1872.640295)aqsin((sin(x2)aq(x0-2.205000)))))*7629.925283))))))))+((0.609883*(((0.132993+(0.000000*((x2+(115918517684393425841985728086042652325462935387114980141595104842520371307459398431913740022200306575081472.000000*plog(plog(((plog(sin(x1))aqsin(((x2aqx0)*cos(cos(4.532000)))))+x2)))))*(((-0.109651*(((plog((x0-sin(x1)))*-10.386075)+-5.856503)*sin((x1+x0))))+-0.378551)*(((((((5600108079937349706977512808830985311998291617211508077224787968.000000*(x0+x2))+8146225421885470799587444695124893700754778325914704330832740352.000000)*plog((x0-sin(x1))))+0.040143)aq(plog((x0*x1))+x1))*0.000000)+-22777678564157264.000000)))))+sin(cos(sin((x1aqx2)))))+(((-0.389364+x1)*plog((x0-sin(x1))))*-0.638000)))+((1.229614*((((((-0.000000+(0.000000*(cos(x1)+(x0*2.015547))))aq(672515330807673018413744128.000000+(-655394162440502740086947840.000000*(x0*plog(x1)))))*-16292534193930052626726630972711975696465920.000000)+0.045147)+(892060234233449753948174402974556846965101203867981433536512.000000*(((-0.000000+(0.000000*((-0.079704+x0)+(x0*2.015547))))aq(plog((x0*x1))+x0))*(-0.000000+(0.000000*plog(x0))))))+((-0.262712+(0.863220*((((((-0.000000+(0.000000*(cos(x1)+(x1*2.015547))))aq(x1+(((x0-x1)*sin(x2))*671572293076393153037074432.000000)))*(-0.000000+(0.000000*plog((x2+plog(x2))))))*-142459499471878090103563576708685497374116802369594655750352966712060550502002473304064.000000)+0.009018)*((-0.182739+(0.621646*((3.477000-x0)aq(18.556180+((x0*plog(x2))*-36.369027)))))*(((x1*(x1aq((plog(x1)+x1)aqx0)))*cos((x0+-2.412000)))aqsin(x0))))))+((0.193100*plog((9052.667061+((cos(x1)+(x0*x0))*-8008.746879))))+(-1.664604+(-0.277941*cos(((((x1*x0)aq(x0-5.441000))*-1872.640295)aqsin((x2aq(x0-2.205000)))))))))))+((4.506276*((((((-0.000000+(0.000000*((sin(x2)aqx1)+(x0*2.015547))))aq(x1+(((x0-x1)*x0)*671572293076393153037074432.000000)))*(-0.000000+(0.000000*plog((x2+plog(x2))))))*-142459499471878090103563576708685497374116802369594655750352966712060550502002473304064.000000)+0.009018)*((-0.182739+(0.621646*((3.477000-x0)aq(18.556180+((x0*plog(x2))*-36.369027)))))*(((x0*(x1aqx2))*cos((x1+(plog((cos(x1)+sin(x2)))-(0.396000-sin(x1))))))aqsin(((cos(7.191000)+sin(x2))*1.080000))))))+(((((((((plog((x0-sin(x1)))*(cos(-6.379000)*x1))*-1282464691660735436239395931046796671027759976706309484238728422963141284138829089151958122496.000000)+115344592280963050655937892582070067962614172553038790410039106967087934526443613347674849280.000000)*x2)*(0.000000+((-0.000000+(0.000000*4563262536914945024.000000))*-0.000000)))+2320484773684857173900718188769415903737745444864285492250882424849667209996271616.000000)*(((54.544677*(((0.446353*plog((x0-sin(x1))))+0.040143)aq(plog((x0*x1))+x0)))+13.978934)*(x2+(cos(((((x1*x0)aq(x0-5.441000))*-1872.640295)aq(x2*(x0*-0.597000))))*7629.925283))))*0.000000)+((0.000000*(((((((plog((x0-sin(x1)))*(cos(x1)*x0))*-1282464691660735436239395931046796671027759976706309484238728422963141284138829089151958122496.000000)+plog(sin(x2)))*x2)*(0.000000+((-0.000000+(0.000000*x1))*-0.000000)))+((-43711819763611604520634356855820390002129588190371656705629783154934062065385472.000000*(plog((x0-sin(x1)))*(x0+10.008812)))+-200501857919078401508158188475577535201675381710993825606707402411595530508435456.000000))*(((54.544677*(((((-10501.166037*(x0+x0))+8134.497677)*plog((x0-sin(x1))))+0.040143)aq(plog((x0*x1))+x0)))+13.978934)*(7.101000+(cos(((((x1*x1)aq(x0-5.441000))*-1872.640295)aq(x2*(x0*-0.597000))))*7629.925283)))))+((0.000000*(((54.544677*(((((-10501.166037*(x0+x1))+((sin(x1)*7509.706738)+5735.638246))*plog((x0-x2)))+0.040143)aq(plog((x0*x1))+x0)))+13.978934)*(-1.567000+(cos(((((x1*x1)aq(x0-5.441000))*-1872.640295)aq(x2*(x0*-0.597000))))*7629.925283))))+(((((-0.000000+(0.000000*(cos(sin(sin(x1)))+(x0*2.015547))))aq(x1+(((x0-x1)*x2)*671572293076393153037074432.000000)))*(-0.000000+(0.000000*x1)))*-6081925520385406438210359057849895757918161252761956854001173952994107418368851050496.000000)+(((0.000002*(((78446.177499*plog(((x0-x2)-x2)))+(191310.960370+(-271705.513555*cos(cos(x2)))))*plog((x0-sin(x1)))))+((((x1+x1)*(x0+x2))*-0.074241)+-0.000186))+(((((((5600108079937349706977512808830985311998291617211508077224787968.000000*(x0+x2))+8146225421885470799587444695124893700754778325914704330832740352.000000)*plog((x0-sin(x1))))+((-6350944341037965289273600592722833349200280780756350845444947968.000000*plog((x0-x1)))+936185497689837376999446289811574533543909557522396340815921152.000000))aqx1)*((0.000000*((3.477000--3.834000)aq(18.556180+((x0*x2)*-36.369027))))+-0.000000))*0.000000)))))))))))))",
    "mse_train": 111926.39170579244,
    "mae_train": 223.0450654864338,
    "r2_train": 0.9890852770373608,
    "mse_test": 1130346.4650323244,
    "mae_test": 462.3589379397101,
    "r2_test": 0.8844120323608626
}