{
    "dataset": "557_analcatdata_apnea1",
    "algorithm": "sembackpropgp",
    "params": {
        "caching": false,
        "classweights": false,
        "elitism": 1,
        "erc": true,
        "evaluations": 500000,
        "functions": "+_-_*_aq_plog_sin_cos",
        "generations": -1,
        "gomea": false,
        "gomfos": "LT",
        "ims": false,
        "initmaxtreeheight": 6,
        "linearscaling": true,
        "maxsize": 5000,
        "maxtreeheight": 20,
        "parallel": false,
        "popsize": 1000,
        "prob": "symbreg",
        "reproduction": 0.0,
        "sbagx": false,
        "sblibtype": "p_10_9999_l_n",
        "sbrdo": 0.9,
        "seed": -1,
        "silent": true,
        "subcross": 0.0,
        "submut": 0.1,
        "syntuniqinit": 1000,
        "time": 7200,
        "tournament": 4,
        "unifdepthvar": true
    },
    "random_state": 860,
    "process_time": 123651.542818812,
    "time_time": 123654.84828877449,
    "target_noise": 0.0,
    "feature_noise": 0.0,
    "model_size": 1153,
    "symbolic_model": "-0.260187+-30.088134*((((((0.336000+0.011132)-((plog(sin((x0-x1)))*(38.493072+(164.501468*(plog(cos((x0-x1)))-sin(plog(sin(x1)))))))aq(((0.674715+(0.000005*((3461.544918+(-7311.842904*(plog(cos(((x0*x0)-x1)))-(-1.438565+(cos((x1aqx0))*1.116786)))))*(x1+(164.501468*((x1+(x1-(x2+x0)))-((-4.418000+x0)aq(x2aqx0))))))))*plog(x2))aq(plog(plog((x1-x2)))+(x0-x2)))))*(-4.781802+(cos(sin((plog((cos(x0)-x1))aq((x0+4.354000)*plog(4.246000)))))*4.798434)))*0.001682)+((((-0.000000*(((((-0.060245*((((-510.130900*((0.965229*(((x2*-0.071209)+-1.863519)-plog(0.042771)))+(3.086814+((2.000000*plog(x0))*0.965229))))+(83807.935523+(0.374562*((plog((0.000000+0.000000))+171.286719)*-1314.583523))))*(38.493072+(164.501468*((0.286467+(-0.220117*(plog(0.000000)*(x0*x0))))-sin(plog(sin(x1)))))))*((4606340.503243+((202.102843*(-38.493072+(0.000008*(x0*plog(x2)))))*592.108120))+(plog(sin((-2.454000-(x0aqcos(x2)))))*(-3.413997+((plog(cos(x0))aq((x2+4.354000)*((x2*4.890000)*sin(x2))))*-89.088282))))))*1.122476)+-59.507044)-((plog(sin((x0-x1)))*((plog(cos(plog((x2*x0))))*2107277.460385)+680461.460617))aqx2))*(-4.781802+(cos(sin((plog((cos(x0)-x1))aq((x0+4.354000)*plog(plog(cos(x2)))))))*4.798434))))+0.000316)+(0.000192*(((2.570008+(((x1aqsin(((x0aqx0)-x0)))*((((0.870558*(plog(cos(((x0*x0)-x1)))-(-1.438565+(cos((x1aqx0))*1.116786))))+-0.230360)*(((-0.305019*x0)+-0.041467)*(plog(sin((-2.454000-(x0aqcos(x2)))))*(((x2-x1)*-0.198272)+0.046741))))+(((plog(sin((x0-x1)))*((plog(cos(x1))*2107277.460385)+680461.460617))*0.000000)+((((plog((x1+sin(x2)))+cos(sin(x1)))*-0.000907)+-0.000299)+((0.001307*plog(cos(((x0*x0)-x1))))+((cos(((x0*x1)-x1))*-0.000949)+((-0.000462*(plog(x2)*cos(x0)))+((x2*-0.000211)+0.000423))))))))*28.497034))-((plog(sin((x0-x1)))*(38.493072+(164.501468*(plog(cos((x0-x2)))-sin(plog(((x0aq((x2+x1)+(cos(x2)*-0.614000)))-cos(plog((x1*plog((x2aqx1))))))))))))aq((sin((sin(x0)+plog(x2)))aqx0)aq(plog((x1+cos(x1)))+cos(x2)))))*(-4.781802+(cos(sin((plog((cos(x0)-x1))aq((x0+4.354000)*plog(4.246000)))))*4.798434)))))+((((plog(sin((x0-x1)))*((((-153.411532+(0.373892*(((((plog((cos(x0)-x1))aqcos(plog(-0.855000)))*-1.963122)*1.434215)+(((plog((cos(x0)-x1))*2.172868)+1.818533)+((plog(cos(x0))aq((x2+4.354000)*(x0*sin(x2))))*6.025459)))*cos(plog(x1)))))+77.078470)+(((((-1.802726*cos(((plog(1.495000)aq(x2+sin(x2)))*(sin(sin((x0--5.071000)))-((x0*x2)-sin((-1.604000aq-7.804000)))))))+7.802848)+((((-510.130900*((0.965229*(-2.116636-plog(x0)))+0.999262))+-195.131454)*(38.493072+(164.501468*(x0+x0))))*(0.013312+(plog(sin((-2.454000-(x0aqcos(sin(x2))))))*(0.041792+(plog(sin((x0--3.849000)))*-0.213795))))))*(-4.781802+(cos(sin((plog((cos(x0)-sin(x2)))aq((x0+4.354000)*plog(4.246000)))))*4.798434)))*-0.117142))+(164.501468*(plog(cos((x0-sin(plog(x2)))))-sin(plog(x1))))))*-0.000011)+(((plog(sin((x0-x1)))*((114679080.899063*(((-510.130900*plog(sin((-2.454000-x1))))+-195.131454)*((12319414523329662418944.000000+(((sin(8.155000)-x0)*x1)*-96085766519855406645248.000000))+((-149778779374810103808.000000+((96085766519855440199680.000000*((sin(8.155000)-x0)*x1))*0.012158))*(plog(cos((x0-x1)))-sin(plog(sin(x1))))))))+-3630206985427.372070))*-0.000000)+0.001409))+((-0.000000*(x0*(((-510.130900*plog(sin((-2.454000-x1))))+-195.131454)*((12319414523329662418944.000000+(((sin(8.155000)-x0)*x1)*-96085766519855406645248.000000))+(164.501468*(plog(cos((x0-x1)))-sin(plog(sin(x1)))))))))+(((cos((x0aqplog(x0)))*(((((-1982016101357960772452352.000000*(-0.000005*(plog(cos(plog((x2*6.286521))))*(32631186771084259794878464.000000+((-0.220118*(plog(x1)*(x0*x0)))*-59977837344986905940185841664.000000)))))+-127036651436001778174910045501974911503157952512.000000)*-0.000000)+840.753268)+(4406.964875*plog((0.945000+(x0*x1))))))*0.000001)+((((((plog(sin((x0-x1)))*((plog(cos(plog((x2*6.286521))))*2107277.460385)+680461.460617))*(((((-5.289000+x0)*(((((x0*45.853360)+55.001461)+-47.174049)+-24.622336)+(4776443234192616062976.000000+((-38.238829*x0)*-163855862416556032000.000000))))*sin(plog(x2)))*456641740937894555549696.000000)+1745077718285373222682624.000000))*0.000000)+-0.000084)+(((-19953029756012271554311225344.000000+((plog(sin((x0-x1)))*((plog(cos(plog((x2*6.286521))))*2107277.460385)+680461.460617))*(((((-5.289000+x1)*(((x1aqx2)-x2)+-3.051000))*sin(plog(x2)))*456641740937894555549696.000000)+1745077718285373222682624.000000)))*(x0*(((-510.130900*plog(sin((-2.454000-x1))))+-195.131454)*((12319414523329662418944.000000+(((sin(8.155000)-x0)*x1)*-96085766519855406645248.000000))+(x2*(plog(cos((x0-x1)))-sin(plog(sin(x1)))))))))*0.000000))+((((((-0.785955+((5.101171*(-0.421698+(2.308714*((x1+cos(0.047000))*sin(x2)))))+2.313252))+0.011132)-((plog(sin((x0-x1)))*(38.493072+(164.501468*((0.906167+(sin((x1*x2))*1.191842))-sin(plog(sin(x2)))))))aq((((5.301000+x1)aqcos(x1))*((x2-x2)*cos(x2)))aq(plog((x1+x0))+cos(sin(x1))))))*(-4.781802+(cos(sin((plog((cos(x0)-x1))aq((x0+4.354000)*plog(x2)))))*4.798434)))*-0.000013)+(((-0.000411*((-17.325053+(cos(((plog(1.495000)aq(x2+x1))*(sin(sin((x1--5.071000)))-((x0*x1)-sin((-1.604000aq-7.804000))))))*17.774804))*plog(((x0aq((x2+-8.017000)+(x2*-0.614000)))-cos(plog((x1*plog((x2aqx1)))))))))+0.000424)+(((plog(sin((x0-x1)))*((plog(cos(plog((x2*6.286521))))*((49160909922955059106991308800.000000*((0.534480+(0.966634*(x0*x1)))aq((x0+4.354000)*((cos(x0)+(x2aqx1))*sin(x2)))))+1128496897519145503529369600.000000))+680461.460617))*-0.000000)+(0.000699+((0.004176*(((-0.305019*(x2-x1))+-0.041467)*(plog(sin((-2.454000-(x0aqcos(x2)))))*(((x2-x1)*-0.198272)+0.046741))))+(((plog(sin((x0-x1)))*((plog(cos(x1))*2107277.460385)+680461.460617))*0.000000)+((((plog((x1+sin(x2)))+cos(sin(x1)))*-0.000907)+-0.000299)+((0.001307*plog(cos(((x0*x0)-x1))))+((cos(((x0*x1)-x1))*-0.000949)+(((x1*plog(x0))*-0.000186)+0.000539)))))))))))))))))",
    "mse_train": 123548.54719869788,
    "mae_train": 217.06282899098525,
    "r2_train": 0.9877147403122056,
    "mse_test": 480841.8789349819,
    "mae_test": 339.0142248141707,
    "r2_test": 0.953675742551155
}