{
    "dataset": "663_rabe_266",
    "algorithm": "BSRRegressor",
    "params": {
        "Ops": [
            "inv",
            "ln",
            "neg",
            "sin",
            "cos",
            "exp",
            "square",
            "cubic",
            "+",
            "*"
        ],
        "alpha1": 0.4,
        "alpha2": 0.4,
        "beta": -1,
        "disp": false,
        "itrNum": 1000,
        "max_time": 7200,
        "treeNum": 6,
        "val": 500
    },
    "random_state": 23654,
    "process_time": 268786.297855197,
    "time_time": 276755.17417263985,
    "target_noise": 0.0,
    "feature_noise": 0.0,
    "model_size": 76,
    "symbolic_model": "[-1.40168085]+[0.04627688]*-(((x[1])*(x[1]))*(((cos((x[0])^3))^3)*(x[1]))+1.8047*(x[1])+-4.5046)+[-0.03963855]*sin((((-(x[0]))^2)^2)*((cos((x[1])*(((x[0]+x[0])^2)*(x[1]))))^2))+[0.76176183]*0.0326*((sin((x[0])*(0.6557*(x[1])+-1.409)+sin(x[1]+(sin(x[0]))*(exp(x[1])))))*((0.5486*(cos(x[1]))+0.4868)^2))+0.7966+[0.00145398]*0.9824*((1/[x[0]])^2+-((x[1])^3))+-0.8068+cos(x[0])+[-0.17407122]*x[1]+5.8539*(-(x[0]))+-1.5252+[0.09013525]*exp((0.9484*(sin(x[0]))+-0.6813)*(x[1]))+0.8713*(exp(x[1]))+0.4327",
    "mse_train": 7.629136626626085,
    "mae_train": 2.027362521571895,
    "r2_train": 0.9972922169484665,
    "mse_test": 19.01610482951094,
    "mae_test": 3.0440252763049642,
    "r2_test": 0.9921952123993032
}