{
    "dataset": "192_vineyard",
    "algorithm": "sembackpropgp",
    "params": {
        "caching": false,
        "classweights": false,
        "elitism": 1,
        "erc": true,
        "evaluations": 500000,
        "functions": "+_-_*_aq_plog_sin_cos",
        "generations": -1,
        "gomea": false,
        "gomfos": "LT",
        "ims": false,
        "initmaxtreeheight": 6,
        "linearscaling": true,
        "maxsize": 5000,
        "maxtreeheight": 20,
        "parallel": false,
        "popsize": 1000,
        "prob": "symbreg",
        "reproduction": 0.0,
        "sbagx": false,
        "sblibtype": "p_10_9999_l_n",
        "sbrdo": 0.9,
        "seed": -1,
        "silent": true,
        "subcross": 0.0,
        "submut": 0.1,
        "syntuniqinit": 1000,
        "time": 7200,
        "tournament": 8,
        "unifdepthvar": true
    },
    "random_state": 29910,
    "process_time": 33015.693047313,
    "time_time": 33016.578431129456,
    "target_noise": 0.0,
    "feature_noise": 0.0,
    "model_size": 745,
    "symbolic_model": "-2189.013769+0.277379*((((-1.102793*(-0.192123*(((x0+(((((x0--6.197000)*(x1*x0))-plog((x0+x1)))*-0.120346)+((-0.422221*cos(((-2.777000*x0)*(-10.310000+x0))))+-14.425085)))*5.100736)+(144.011369+(0.532194+(cos(((0.661000aqx1)*(-12.683000*x0)))*-1.513288))))))+(13216.335329+((((0.000000*((-190952.065212+(0.053809*(-2726523.801058*plog((plog(x0)*sin(x0))))))*x0))+4.080000)+(((cos(((0.661000aqx1)*(-12.683000*x0)))*0.165242)+-0.058112)*(sin((x0aqx1))*(0.071550+((-12.952679*cos(((12.622000aqx1)*(-12.683000*x0))))*-0.016926)))))*53.822577)))+((plog((0.000000*-7065265657.327686))+((((-40.075019*(x0-(x0*x1)))+x1)+((-57.831614*((-1.689736+(cos(((-2.777000*x0)*(sin(x1)+x0)))*-1.146133))+(0.016279+(0.836663*(((x0+x1)aqsin(x1))aqcos((12.831000*x0)))))))+(plog((-0.000000+((plog((sin(x0)+cos((plog((x1*x1))-x1))))*-0.000000)*1.000015)))+(8.049778*((0.320103+(cos(((-2.772000*x0)*(-10.310000+x0)))*4.463598))-(18.190948+(cos(((-2.777000*x0)*(x1+x0)))*8.466818)))))))*-0.011950))+(((((-40.075019*(x0-(x0*x1)))+(x1-(((cos(x1)-plog(sin((x0-x1))))-2.944000)aqx0)))+(((sin((x0+(x0-plog(x0))))+8.734000)aqx0)+(56.635353+(8.049778*((0.320103+(cos(((-2.777000*x0)*(-10.310000+x0)))*4.463598))-plog((x0+x1)))))))*-0.009741)+((1.628674*((((34.177028+(0.168554*plog(((((x0*12.293000)aq(x1+9.771000))*sin((x1+x1)))-((plog(x0)*(-0.117000+x0))*((-7.204000*x0)-sin(x1)))))))*0.030973)*-20.257185)+(((3.252000+(cos(((-2.777000*x0)*(sin(x1)+x0)))*4.463598))*-0.060965)+6.241803)))+((((((x1--10.588000)+(sin(((x1-sin(-6.727000))-(6.199000*x1)))*-73.453048))+(-72.286245*(-0.258417*(((-1.995613+(cos((cos(x1)*(x1--4.966000)))*-5.260726))+cos((plog((x1-(cos(4.304000)-x0)))-x1)))-((-0.110223*(518.072739*(sin((x0aq(x1*cos(x0))))*(plog(x0)aq(x1*13.729000)))))+((87.117497*(sin((x0aqx1))*(plog(x0)aq(x0*13.729000))))+-1.218210))))))*-0.005010)+(9.374982+(-0.054271*((cos(cos(((sin(-8.785000)-(plog((plog(x1)aqx0))aq(cos((x1*(14.839000*cos(4.779000))))aq12.630000)))*x0)))+(221.974563+(cos(sin(((x0-(x1+x1))aqx0)))*-60.706332)))-plog((x0+x1))))))+(((sin((x0aqx1))*(0.071550+((-12.952679*cos(((12.622000aq(x1aqsin(4.811000)))*(-12.683000*x0))))*-0.016926)))*-5.047848)+((-0.074295*((0.320103+(cos(((-2.777000*x0)*((x1+x1)-cos(-10.454000))))*4.463598))-plog((((0.666667*7.785000)+((0.000000*-7065265657.327686)+-8.362306))+(70181037360.150223+((cos((cos(x1)*(x1--4.966000)))*(-1.592025+(23.092828*sin(((-13.848000*4.294000)-(6.199000*x1))))))*-12781991303.372108))))))+((-2.377164*(((((cos(((x1aqx1)*(-12.683000*x0)))*0.165242)+-0.058112)*(sin(x1)*(0.071550+((-12.952679*cos(((12.622000aqx1)*(-12.683000*x0))))*-0.016926))))*-10.095908)+(-4.869104+(0.154044*((-0.497656+(sin((x1-(6.199000*x1)))*-2.233237))*sin((x1-(6.199000*x1))))))))+(((1.158431*cos(sin(((14.000000-(x1+x1))aqx0))))+-5550.669232)+(((0.206198*cos(((12.622000aq(x1aqsin(1.496000)))*(-12.683000*plog(((x0*(x1*1.984000))*plog(plog(-13.172000))))))))+((((x0aq(x1+(x1+sin(x0))))*((x1+x1)-cos(2.139000)))*-0.150787)+0.120715))+((0.122949+(-0.000000*(plog(x1)*(((plog(sin(x0))*(x1*x0))*(13678640492336680966996884023977850683904978807197451559196099791421501884708293727941525301535572509126561937529952824643750122710549433155584.000000+((13216.335329+x0)*-1035035603776383299212630290967434350365898221085356582474974391902194376435316840530461809536831666176233785819863460268398706059743592448.000000)))+(24001168013736179442159064824823884282168396384457372549716388475830128625655490326564011931358851382027386080185466064406700016250388480.000000+(165062847261881461351704005106862574068789471672733321662470143422322064011073846420444588613469785232065255030175407986393108410959659008.000000*cos((x0--15.142000))))))))+((-0.000000*((54482985678780459963375990801052901675447492099275463445064573964517376.000000*cos((x1*-11.036000)))+(((x0aq(48201349667262650075389833896174548095717601901362315177079391387648.000000+(-145788477423381110537076181854167513878774501431295352884706194489344.000000*x1)))*-1006358996641390961479358069429661666275981259418606793590154340560383368688059901097489249374439382551431141912845443844287160180736524288.000000)+(-1460261817664644269486053590270482395402135086344567369573192014233600.000000+(12212784092491386508697913532745033540658210622852358421040553168732160.000000*plog((x1-x0)))))))+((-0.000000*(((sin((-11.894000*x0))*-26945464782487831848027305190416943129692303301800503394889594698727424.000000)+4623785414443383528548685476375984815217155774636995078607847903199232.000000)+(102101822307804664496713483140102147486397370287504951198140992501841920.000000*(plog(sin(x0))*(x1*x0)))))+(0.121865+((-0.243426*sin(cos((x0-x1))))+((0.049565*sin((-12.786000*x1)))+((0.082551*sin(x1))+((x0*0.008643)+0.000000)))))))))))))))))))",
    "mse_train": 0.79432265946389,
    "mae_train": 0.4588186328608334,
    "r2_train": 0.9626735223590152,
    "mse_test": 10.994935572362019,
    "mae_test": 2.7883488948928155,
    "r2_test": 0.07738624045224374
}