{
    "dataset": "192_vineyard",
    "algorithm": "sembackpropgp",
    "params": {
        "caching": false,
        "classweights": false,
        "elitism": 1,
        "erc": true,
        "evaluations": 500000,
        "functions": "+_-_*_aq_plog_sin_cos",
        "generations": -1,
        "gomea": false,
        "gomfos": "LT",
        "ims": false,
        "initmaxtreeheight": 6,
        "linearscaling": true,
        "maxsize": 5000,
        "maxtreeheight": 20,
        "parallel": false,
        "popsize": 1000,
        "prob": "symbreg",
        "reproduction": 0.0,
        "sbagx": false,
        "sblibtype": "p_10_9999_l_n",
        "sbrdo": 0.9,
        "seed": -1,
        "silent": true,
        "subcross": 0.0,
        "submut": 0.1,
        "syntuniqinit": 1000,
        "time": 7200,
        "tournament": 4,
        "unifdepthvar": true
    },
    "random_state": 15795,
    "process_time": 34215.011314200005,
    "time_time": 34215.27153968811,
    "target_noise": 0.0,
    "feature_noise": 0.0,
    "model_size": 801,
    "symbolic_model": "-9666553523.722067+-0.000036*((((sin(((x0--7.464000)+3.625000))+(-706.101638*(((0.000000*(plog(((((plog(x1)*0.822454)+0.289372)*plog(plog(x1)))-sin((cos(10.042000)-(-11.736000-sin(x0))))))*-1255919837784034032208688761726783269094022971392.000000))+10.397306)*(((0.762554*(((((plog(-13.048000)+(x0-x1))+((x1aqx1)aq(x0+x1)))*sin(sin((x0aqx1))))aqsin((((-5.152000*x0)+plog(5.559000))aq((8.938000*x1)+(x1--3.572000)))))+plog((((-1.000000*(((x1+5.198000)*(-12.913000+x0))*((-42481.576639*0.000004)+0.396994)))+0.000000)+-0.684000))))+0.729744)-((1.699842*sin((x0aqx1)))+((sin(cos(11.565000))*sin((((-5.152000*plog(x1))+plog(5.559000))aq((8.938000*x1)+(sin(x0)--3.572000)))))+6.692068))))))+(5044.920387*((((-2.491217*((0.379264*plog((1.138309+(1.326192*((1.036871+x1)*plog(plog(((x1aq-6.382000)+(x0+x1)))))))))+-35.341193))+-83.789527)+((-0.263018*(-3.550484*(((cos((x0+7.956000))*-0.236763)+sin(13.910000))+(-0.195538*plog((-1.722000-x0))))))+2.204170))+(((plog((1.138309+(1.326192*(-0.827807*plog(plog(((x0aq-6.382000)+(x0+x1))))))))*-0.699086)+2.512346)+(-0.207936*(((((-251.025984+(-6.832286*plog(plog((((x1aq-6.382000)*x1)+(x0+x1))))))aq(x0+(18.583125+(-0.187593*(((((x0+x1)*(x0+x1))-(sin(-14.296000)-cos(0.859000)))+plog(((5.226000aqx1)*(x1aq0.518000))))aq((cos(sin(x0))-plog(plog(x0)))+(plog((x1aqx0))+(sin((1.175000+(7.859000-x1)))aq(-12.716000-6.549000)))))))))*235.034923)+(x0+x0))aq(x0+(18.583125+(-0.187593*(((((x0+x1)*(x0+x1))-(sin(-14.296000)-cos((sin(-14.228000)--6.751000))))+plog(((5.226000aqx1)*(x1aq0.518000))))aq((cos(sin(x0))-plog(plog(x0)))+((cos(cos(7.865000))+plog((x1*x1)))+sin((x0-x1))))))))))))))+((-1.194537*(((-217291.560511*1.752000)+-1407304.589457)aq((plog(-10.225000)+-12.941000)+(18.583125+((plog(plog((((8.136374aq-6.382000)*-1.000000)+(x0+x1))))*-6.658788)+81.827265)))))+(((plog((((((plog(x1)*cos(x0))*-0.000000)+-0.000000)aqx1)*(x1aq0.518000)))*((9426830439202568176872596151372442569897109126908448553513849978836873228355469001445032624001365260993916588939768961171538946555904.000000*((((plog(x1)*cos(x0))*-0.000000)+((((plog(x1)*cos(x0))*-0.000000)*-0.000014)+-0.000000))aqx1))+(-2231.461789+(plog((((((((plog(x1)*cos(x0))*-0.000000)+((((plog(x1)*cos(x0))*-0.000000)*-0.000014)+-0.000000))aqx1)*2028987193001328991146484216497014013504553909822267759731071195393042136218831121350901344346412240863232.000000)*1.000000)+0.000000))*6.071861))))*0.953350)+(((cos(-10.667000)+(-0.000000*(-4558642.864329*(-0.000005*((9.558000+(-0.000000*((1.036871+x1)*plog(plog(((x1aq-6.382000)+(x0+2.094913)))))))*1116025889728600080384.000000)))))+(6482654.542009*((plog(x0)+(((plog(sin((x1+sin(x0))))*103386.925439)+139542.946293)*plog(plog((((x1aq-6.382000)*-1.000000)+(x0+x1))))))aq((-5375.781981*(((plog((0.000000*-42481.576639))*cos(x1))+139542.946293)*plog(plog((((x1aq-6.382000)*-1.000000)+(x0+x1))))))+-201507501.408625))))+(((((11069111766436532512463146175083269250486589428931117392167341257412895748861419948282446246621298747981037782328325876147776198279168.000000*(-0.000000+(-0.000000*cos((((x0-12.331000)aqsin(x1))*(((-1.030000*-5.404000)aq-6.124000)*cos(x0)))))))+9.914391)*((4407.279060+(((x1aq-6.382000)+(x0+(((x1aq-6.382000)+x0)*-1.000000)))*-166733633459206880.000000))+(plog(cos((((x1-12.331000)aqsin(x1))*(sin(x1)*cos(x0)))))*6.071861)))*0.694175)+(x1+((3844.528949*((plog(cos((((x1-12.331000)aqsin(x1))*(sin(x1)*(x0+x1)))))*-0.233949)+(((0.260123*plog(plog((plog(plog(plog(x0)))+(x0+2.094913)))))+3259.716403)+(0.239578*plog(cos((((x1-12.331000)aqsin(x1))*(sin(x1)*cos((x0aqsin(x0)))))))))))+(((-2399268.083902+(-806.743387*plog((cos((x1-(((x1-8.124000)*x1)*x0)))-x0))))*0.951521)+((1.100506*(0.919753*((682.371495*cos((5.975000*x1)))+((plog((plog(plog(plog(x0)))+x0))*-332.180235)+14814420.569822))))+((-30.379996*(((plog(sin((-13.662000+(x1+x1))))*20.286292)+10.200918)*plog(plog(((sin((x0aqx0))aq-6.382000)+(x0+x1))))))+((353.094752*cos((((x1-12.331000)aqsin(x1))*(sin(x1)*x0))))+((359.921604+(plog(cos((((x1-12.331000)aqsin(x1))*(sin(x1)*sin(x1)))))*539.086220))+((plog(cos((((x1-12.331000)aqsin(x1))*(sin(x1)*(x0+x1)))))*-276.428428)+((cos((((-11.739000-12.331000)aqsin(-5.433000))*(sin(x1)*x0)))*-325.247757)+(((141.714963*plog((x0-0.259000)))+140.969224)+((296.946368*sin((x1*x1)))+((-86.953748*plog(x1))+-56.726685))))))))))))))))))",
    "mse_train": 0.7906144137583804,
    "mae_train": 0.44025645263108704,
    "r2_train": 0.964119811328465,
    "mse_test": 11.298212957998915,
    "mae_test": 2.9410826466288547,
    "r2_test": -0.2414811377775139
}