{
    "dataset": "519_vinnie",
    "algorithm": "LassoLars",
    "params": {
        "alpha": 0.001,
        "copy_X": true,
        "eps": 2.220446049250313e-16,
        "fit_intercept": true,
        "fit_path": true,
        "jitter": null,
        "max_iter": 500,
        "normalize": true,
        "positive": false,
        "precompute": "auto",
        "random_state": 4426,
        "verbose": false
    },
    "random_state": 4426,
    "process_time": 0.07248961399999998,
    "time_time": 0.23446989059448242,
    "target_noise": 0.0,
    "feature_noise": 0.0,
    "model_size": 2,
    "symbolic_model": "not implemented",
    "mse_train": 2.3490137865114407,
    "mae_train": 1.236399869158333,
    "r2_train": 0.7557320858561833,
    "mse_test": 2.3070815322031937,
    "mae_test": 1.2129871018660772,
    "r2_test": 0.7377656066985665
}