{
    "dataset": "519_vinnie",
    "algorithm": "LassoLars",
    "params": {
        "alpha": 0.0001,
        "copy_X": true,
        "eps": 2.220446049250313e-16,
        "fit_intercept": true,
        "fit_path": true,
        "jitter": null,
        "max_iter": 500,
        "normalize": true,
        "positive": false,
        "precompute": "auto",
        "random_state": 28020,
        "verbose": false
    },
    "random_state": 28020,
    "process_time": 0.07402956300000008,
    "time_time": 0.262631893157959,
    "target_noise": 0.0,
    "feature_noise": 0.0,
    "model_size": 2,
    "symbolic_model": "not implemented",
    "mse_train": 2.3798591266666174,
    "mae_train": 1.2200792465794692,
    "r2_train": 0.7464385961893183,
    "mse_test": 2.19292354628006,
    "mae_test": 1.252678440889253,
    "r2_test": 0.7663825604941505
}