{
    "dataset": "519_vinnie",
    "algorithm": "LassoLars",
    "params": {
        "alpha": 0.001,
        "copy_X": true,
        "eps": 2.220446049250313e-16,
        "fit_intercept": true,
        "fit_path": true,
        "jitter": null,
        "max_iter": 500,
        "normalize": true,
        "positive": false,
        "precompute": "auto",
        "random_state": 21962,
        "verbose": false
    },
    "random_state": 21962,
    "process_time": 0.07607856300000004,
    "time_time": 0.30146002769470215,
    "target_noise": 0.0,
    "feature_noise": 0.0,
    "model_size": 2,
    "symbolic_model": "not implemented",
    "mse_train": 2.375441838185828,
    "mae_train": 1.2260352509025092,
    "r2_train": 0.733923652614433,
    "mse_test": 2.2747463294179973,
    "mae_test": 1.2500801431942103,
    "r2_test": 0.7903732552229314
}