{
    "dataset": "519_vinnie",
    "algorithm": "LassoLars",
    "params": {
        "alpha": 0.001,
        "copy_X": true,
        "eps": 2.220446049250313e-16,
        "fit_intercept": true,
        "fit_path": true,
        "jitter": null,
        "max_iter": 500,
        "normalize": true,
        "positive": false,
        "precompute": "auto",
        "random_state": 16850,
        "verbose": false
    },
    "random_state": 16850,
    "process_time": 0.08309135799999989,
    "time_time": 0.2501192092895508,
    "target_noise": 0.0,
    "feature_noise": 0.0,
    "model_size": 2,
    "symbolic_model": "not implemented",
    "mse_train": 2.35007821018461,
    "mae_train": 1.2297015167282699,
    "r2_train": 0.7505793666099863,
    "mse_test": 2.3137318723326263,
    "mae_test": 1.2264850751515057,
    "r2_test": 0.7532037566741289
}