{
    "dataset": "519_vinnie",
    "algorithm": "LassoLars",
    "params": {
        "alpha": 0.001,
        "copy_X": true,
        "eps": 2.220446049250313e-16,
        "fit_intercept": true,
        "fit_path": true,
        "jitter": null,
        "max_iter": 500,
        "normalize": true,
        "positive": false,
        "precompute": "auto",
        "random_state": 29910,
        "verbose": false
    },
    "random_state": 29910,
    "process_time": 0.07510481999999996,
    "time_time": 0.25957417488098145,
    "target_noise": 0.0,
    "feature_noise": 0.0,
    "model_size": 2,
    "symbolic_model": "not implemented",
    "mse_train": 2.3444453319440868,
    "mae_train": 1.2208616956664045,
    "r2_train": 0.7464515383967,
    "mse_test": 2.308251327416009,
    "mae_test": 1.2498807851205183,
    "r2_test": 0.7666513404806609
}