{
    "dataset": "519_vinnie",
    "algorithm": "LassoLars",
    "params": {
        "alpha": 0.001,
        "copy_X": true,
        "eps": 2.220446049250313e-16,
        "fit_intercept": true,
        "fit_path": true,
        "jitter": null,
        "max_iter": 500,
        "normalize": true,
        "positive": false,
        "precompute": "auto",
        "random_state": 5390,
        "verbose": false
    },
    "random_state": 5390,
    "process_time": 0.07294782199999994,
    "time_time": 0.250286340713501,
    "target_noise": 0.0,
    "feature_noise": 0.0,
    "model_size": 2,
    "symbolic_model": "not implemented",
    "mse_train": 2.239288618258585,
    "mae_train": 1.1954975841050692,
    "r2_train": 0.7641804318222966,
    "mse_test": 2.6221753956514124,
    "mae_test": 1.324340241027324,
    "r2_test": 0.7136566446560754
}