{
    "dataset": "663_rabe_266",
    "algorithm": "AdaBoostRegressor",
    "params": {
        "base_estimator": null,
        "learning_rate": 1.0,
        "loss": "linear",
        "n_estimators": 1000,
        "random_state": 21962
    },
    "random_state": 21962,
    "process_time": 33.746465185,
    "time_time": 69.19241738319397,
    "target_noise": 0.0,
    "feature_noise": 0.0,
    "model_size": 14984,
    "symbolic_model": "not implemented",
    "mse_train": 41.13099699944029,
    "mae_train": 5.515649224132585,
    "r2_train": 0.9857805948214803,
    "mse_test": 51.8832232924988,
    "mae_test": 5.554609484570011,
    "r2_test": 0.9764279193760698
}