{
    "dataset": "663_rabe_266",
    "algorithm": "AdaBoostRegressor",
    "params": {
        "base_estimator": null,
        "learning_rate": 0.1,
        "loss": "linear",
        "n_estimators": 1000,
        "random_state": 5390
    },
    "random_state": 5390,
    "process_time": 34.840050873,
    "time_time": 37.52968382835388,
    "target_noise": 0.0,
    "feature_noise": 0.0,
    "model_size": 14996,
    "symbolic_model": "not implemented",
    "mse_train": 43.83006976705454,
    "mae_train": 5.449110186709992,
    "r2_train": 0.9858593784588446,
    "mse_test": 95.61715870672683,
    "mae_test": 7.531616877462113,
    "r2_test": 0.9389897952894635
}