{
    "dataset": "663_rabe_266",
    "algorithm": "AdaBoostRegressor",
    "params": {
        "base_estimator": null,
        "learning_rate": 1.0,
        "loss": "linear",
        "n_estimators": 1000,
        "random_state": 4426
    },
    "random_state": 4426,
    "process_time": 41.392705692,
    "time_time": 81.37203073501587,
    "target_noise": 0.0,
    "feature_noise": 0.0,
    "model_size": 2625,
    "symbolic_model": "not implemented",
    "mse_train": 48.709334510191084,
    "mae_train": 5.905801025145197,
    "r2_train": 0.9825820012775895,
    "mse_test": 97.75607919249774,
    "mae_test": 7.711479352126998,
    "r2_test": 0.9608484287509087
}