{
    "dataset": "712_chscase_geyser1",
    "algorithm": "LassoLars",
    "params": {
        "alpha": 0.001,
        "copy_X": true,
        "eps": 2.220446049250313e-16,
        "fit_intercept": true,
        "fit_path": true,
        "jitter": null,
        "max_iter": 500,
        "normalize": true,
        "positive": false,
        "precompute": "auto",
        "random_state": 21962,
        "verbose": false
    },
    "random_state": 21962,
    "process_time": 0.07964383199999991,
    "time_time": 0.22335577011108398,
    "target_noise": 0.0,
    "feature_noise": 0.0,
    "model_size": 2,
    "symbolic_model": "not implemented",
    "mse_train": 36.52046145300846,
    "mae_train": 4.842446643235528,
    "r2_train": 0.7627616241893561,
    "mse_test": 37.650538211694894,
    "mae_test": 4.995335084071267,
    "r2_test": 0.8005454827790444
}