{
    "dataset": "712_chscase_geyser1",
    "algorithm": "LassoLars",
    "params": {
        "alpha": 0.0001,
        "copy_X": true,
        "eps": 2.220446049250313e-16,
        "fit_intercept": true,
        "fit_path": true,
        "jitter": null,
        "max_iter": 500,
        "normalize": true,
        "positive": false,
        "precompute": "auto",
        "random_state": 23654,
        "verbose": false
    },
    "random_state": 23654,
    "process_time": 0.09488129199999995,
    "time_time": 0.2339327335357666,
    "target_noise": 0.0,
    "feature_noise": 0.0,
    "model_size": 2,
    "symbolic_model": "not implemented",
    "mse_train": 33.55188929051067,
    "mae_train": 4.6088411038292705,
    "r2_train": 0.7860805354560069,
    "mse_test": 46.21039696310295,
    "mae_test": 5.601277002506558,
    "r2_test": 0.7432896703938615
}