{
    "dataset": "712_chscase_geyser1",
    "algorithm": "LassoLars",
    "params": {
        "alpha": 0.001,
        "copy_X": true,
        "eps": 2.220446049250313e-16,
        "fit_intercept": true,
        "fit_path": true,
        "jitter": null,
        "max_iter": 500,
        "normalize": true,
        "positive": false,
        "precompute": "auto",
        "random_state": 28020,
        "verbose": false
    },
    "random_state": 28020,
    "process_time": 0.07559462000000017,
    "time_time": 0.3231470584869385,
    "target_noise": 0.0,
    "feature_noise": 0.0,
    "model_size": 2,
    "symbolic_model": "not implemented",
    "mse_train": 35.27284072170103,
    "mae_train": 4.683824520905064,
    "r2_train": 0.7787738337964634,
    "mse_test": 41.36452717755018,
    "mae_test": 5.368664996633177,
    "r2_test": 0.7575379111549783
}