{
    "dataset": "712_chscase_geyser1",
    "algorithm": "LassoLars",
    "params": {
        "alpha": 0.001,
        "copy_X": true,
        "eps": 2.220446049250313e-16,
        "fit_intercept": true,
        "fit_path": true,
        "jitter": null,
        "max_iter": 500,
        "normalize": true,
        "positive": false,
        "precompute": "auto",
        "random_state": 5390,
        "verbose": false
    },
    "random_state": 5390,
    "process_time": 0.07513603099999999,
    "time_time": 0.2541489601135254,
    "target_noise": 0.0,
    "feature_noise": 0.0,
    "model_size": 2,
    "symbolic_model": "not implemented",
    "mse_train": 37.061184481947116,
    "mae_train": 4.895642760279717,
    "r2_train": 0.7915565608327519,
    "mse_test": 36.38664658217402,
    "mae_test": 4.975114694040627,
    "r2_test": 0.6937629357870785
}