{
    "dataset": "712_chscase_geyser1",
    "algorithm": "LassoLars",
    "params": {
        "alpha": 0.001,
        "copy_X": true,
        "eps": 2.220446049250313e-16,
        "fit_intercept": true,
        "fit_path": true,
        "jitter": null,
        "max_iter": 500,
        "normalize": true,
        "positive": false,
        "precompute": "auto",
        "random_state": 16850,
        "verbose": false
    },
    "random_state": 16850,
    "process_time": 0.07506751,
    "time_time": 0.22185730934143066,
    "target_noise": 0.0,
    "feature_noise": 0.0,
    "model_size": 2,
    "symbolic_model": "not implemented",
    "mse_train": 34.52006285154095,
    "mae_train": 4.679860499920804,
    "r2_train": 0.7896047842506057,
    "mse_test": 43.33960446828991,
    "mae_test": 5.395305589354741,
    "r2_test": 0.726704216048796
}