{
    "dataset": "712_chscase_geyser1",
    "algorithm": "LassoLars",
    "params": {
        "alpha": 0.0001,
        "copy_X": true,
        "eps": 2.220446049250313e-16,
        "fit_intercept": true,
        "fit_path": true,
        "jitter": null,
        "max_iter": 500,
        "normalize": true,
        "positive": false,
        "precompute": "auto",
        "random_state": 29910,
        "verbose": false
    },
    "random_state": 29910,
    "process_time": 0.07419027899999997,
    "time_time": 0.15878844261169434,
    "target_noise": 0.0,
    "feature_noise": 0.0,
    "model_size": 2,
    "symbolic_model": "not implemented",
    "mse_train": 36.19821613716286,
    "mae_train": 4.865206062871678,
    "r2_train": 0.7595168813521405,
    "mse_test": 38.535487739507396,
    "mae_test": 4.894422434085302,
    "r2_test": 0.8068393517087625
}