{
    "dataset": "712_chscase_geyser1",
    "algorithm": "LassoLars",
    "params": {
        "alpha": 0.001,
        "copy_X": true,
        "eps": 2.220446049250313e-16,
        "fit_intercept": true,
        "fit_path": true,
        "jitter": null,
        "max_iter": 500,
        "normalize": true,
        "positive": false,
        "precompute": "auto",
        "random_state": 15795,
        "verbose": false
    },
    "random_state": 15795,
    "process_time": 0.07451621299999989,
    "time_time": 0.24793028831481934,
    "target_noise": 0.0,
    "feature_noise": 0.0,
    "model_size": 2,
    "symbolic_model": "not implemented",
    "mse_train": 39.649577614507834,
    "mae_train": 5.087870186670989,
    "r2_train": 0.7500181870431311,
    "mse_test": 27.894272824919653,
    "mae_test": 4.21261706563267,
    "r2_test": 0.8415990678465469
}