{
    "dataset": "712_chscase_geyser1",
    "algorithm": "LassoLars",
    "params": {
        "alpha": 0.001,
        "copy_X": true,
        "eps": 2.220446049250313e-16,
        "fit_intercept": true,
        "fit_path": true,
        "jitter": null,
        "max_iter": 500,
        "normalize": true,
        "positive": false,
        "precompute": "auto",
        "random_state": 860,
        "verbose": false
    },
    "random_state": 860,
    "process_time": 0.07799707700000003,
    "time_time": 0.24184155464172363,
    "target_noise": 0.0,
    "feature_noise": 0.0,
    "model_size": 2,
    "symbolic_model": "not implemented",
    "mse_train": 34.118388283134536,
    "mae_train": 4.695808209943528,
    "r2_train": 0.7808139578323221,
    "mse_test": 45.08368218529584,
    "mae_test": 5.473859449133343,
    "r2_test": 0.75213763622626
}