{
    "dataset": "712_chscase_geyser1",
    "algorithm": "LassoLars",
    "params": {
        "alpha": 0.001,
        "copy_X": true,
        "eps": 2.220446049250313e-16,
        "fit_intercept": true,
        "fit_path": true,
        "jitter": null,
        "max_iter": 500,
        "normalize": true,
        "positive": false,
        "precompute": "auto",
        "random_state": 14423,
        "verbose": false
    },
    "random_state": 14423,
    "process_time": 0.074788772,
    "time_time": 0.1909470558166504,
    "target_noise": 0.0,
    "feature_noise": 0.0,
    "model_size": 2,
    "symbolic_model": "not implemented",
    "mse_train": 32.6864301805344,
    "mae_train": 4.582133166517395,
    "r2_train": 0.7975907789029573,
    "mse_test": 48.95373079501188,
    "mae_test": 5.828376586541443,
    "r2_test": 0.7081567285390296
}