{
    "dataset": "228_elusage",
    "algorithm": "AdaBoostRegressor",
    "params": {
        "base_estimator": null,
        "learning_rate": 1.0,
        "loss": "linear",
        "n_estimators": 1000,
        "random_state": 860
    },
    "random_state": 860,
    "process_time": 27.843651696,
    "time_time": 30.251976251602173,
    "target_noise": 0.0,
    "feature_noise": 0.0,
    "model_size": 206,
    "symbolic_model": "not implemented",
    "mse_train": 41.14320978873426,
    "mae_train": 5.104219286721984,
    "r2_train": 0.9357370580396893,
    "mse_test": 83.02427737996913,
    "mae_test": 6.715221134477535,
    "r2_test": 0.7539379966778754
}