{
    "dataset": "228_elusage",
    "algorithm": "AdaBoostRegressor",
    "params": {
        "base_estimator": null,
        "learning_rate": 1.0,
        "loss": "linear",
        "n_estimators": 1000,
        "random_state": 5390
    },
    "random_state": 5390,
    "process_time": 27.744429879000002,
    "time_time": 30.406100749969482,
    "target_noise": 0.0,
    "feature_noise": 0.0,
    "model_size": 179,
    "symbolic_model": "not implemented",
    "mse_train": 40.55935754297519,
    "mae_train": 4.73303395086827,
    "r2_train": 0.9337138163851423,
    "mse_test": 147.6075587086639,
    "mae_test": 8.375638097038358,
    "r2_test": 0.653481767107033
}