{
    "dataset": "663_rabe_266",
    "algorithm": "AIFeynman",
    "params": {
        "BF_ops_file_type": "14ops.txt",
        "BF_try_time": 600,
        "NN_epochs": 400,
        "max_time": 7200,
        "polyfit_deg": 4,
        "random_state": 15795,
        "test_percentage": 20,
        "tmp_dir": null
    },
    "random_state": 15795,
    "process_time": 2711.765945322,
    "time_time": 231272.17774939537,
    "target_noise": 0.0,
    "feature_noise": 0.0,
    "model_size": 74,
    "symbolic_model": "0.0217018324555917*x0**4 - 0.0119637309851094*x0**3*x1 + 0.00035877378664781*x0**3 - 0.000904907801615007*x0**2*x1**2 + 0.00138650732214786*x0**2*x1 - 0.0529498367799203*x0**2 + 0.0309794940916025*x0*x1**3 - 0.049864344275732*x0*x1**2 + 0.0703949168744655*x0*x1 + 0.981128163164491*x0 + 0.00998120239668228*x1**4 - 0.0508227534944712*x1**3 + 0.111318117876735*x1**2 - 0.257213394835615*x1 - 0.105694494326961",
    "mse_train": 2.8561232996899455,
    "mae_train": 1.2564508399353027,
    "r2_train": 0.9988619132896452,
    "mse_test": 6.437869879453372,
    "mae_test": 1.7343018528787775,
    "r2_test": 0.9979146543315444
}