{
    "dataset": "678_visualizing_environmental",
    "algorithm": "LinearRegression",
    "params": {
        "copy_X": true,
        "fit_intercept": true,
        "n_jobs": null,
        "normalize": false,
        "positive": false
    },
    "random_state": 860,
    "process_time": 0.016081942000000016,
    "time_time": 0.06910419464111328,
    "target_noise": 0.0,
    "feature_noise": 0.0,
    "model_size": 3,
    "symbolic_model": "not implemented",
    "mse_train": 7.108017557564715,
    "mae_train": 2.019163238338231,
    "r2_train": 0.39499334612034065,
    "mse_test": 9.68142852476443,
    "mae_test": 2.363226357317891,
    "r2_test": 0.30301534265387364
}