{
    "dataset": "678_visualizing_environmental",
    "algorithm": "LinearRegression",
    "params": {
        "copy_X": true,
        "fit_intercept": true,
        "n_jobs": null,
        "normalize": false,
        "positive": false
    },
    "random_state": 28020,
    "process_time": 0.0170169,
    "time_time": 0.05401253700256348,
    "target_noise": 0.0,
    "feature_noise": 0.0,
    "model_size": 3,
    "symbolic_model": "not implemented",
    "mse_train": 7.636940055553522,
    "mae_train": 2.106766073093334,
    "r2_train": 0.37447576560180895,
    "mse_test": 7.567534795353633,
    "mae_test": 2.1732893482490225,
    "r2_test": 0.440336567004343
}