{
    "dataset": "678_visualizing_environmental",
    "algorithm": "LinearRegression",
    "params": {
        "copy_X": true,
        "fit_intercept": true,
        "n_jobs": null,
        "normalize": false,
        "positive": false
    },
    "random_state": 15795,
    "process_time": 0.016528772000000025,
    "time_time": 0.10284209251403809,
    "target_noise": 0.0,
    "feature_noise": 0.0,
    "model_size": 3,
    "symbolic_model": "not implemented",
    "mse_train": 7.295284123171549,
    "mae_train": 2.1697079027149595,
    "r2_train": 0.366902078389004,
    "mse_test": 9.00630792258289,
    "mae_test": 2.16123163306822,
    "r2_test": 0.3980438941590465
}