{
    "dataset": "712_chscase_geyser1",
    "algorithm": "AdaBoostRegressor",
    "params": {
        "base_estimator": null,
        "learning_rate": 0.1,
        "loss": "linear",
        "n_estimators": 100,
        "random_state": 15795
    },
    "random_state": 15795,
    "process_time": 27.270345404,
    "time_time": 28.32784414291382,
    "target_noise": 0.0,
    "feature_noise": 0.0,
    "model_size": 1423,
    "symbolic_model": "not implemented",
    "mse_train": 30.60283714138482,
    "mae_train": 4.511447729137991,
    "r2_train": 0.8070558838077513,
    "mse_test": 31.61194521807227,
    "mae_test": 4.425731860466974,
    "r2_test": 0.8204878248249884
}