{
    "dataset": "712_chscase_geyser1",
    "algorithm": "AdaBoostRegressor",
    "params": {
        "base_estimator": null,
        "learning_rate": 0.01,
        "loss": "linear",
        "n_estimators": 1000,
        "random_state": 21962
    },
    "random_state": 21962,
    "process_time": 32.154476592,
    "time_time": 67.46381402015686,
    "target_noise": 0.0,
    "feature_noise": 0.0,
    "model_size": 13570,
    "symbolic_model": "not implemented",
    "mse_train": 29.2593198732192,
    "mae_train": 4.510038235673894,
    "r2_train": 0.8099302898190844,
    "mse_test": 39.29880976865653,
    "mae_test": 4.768551082708222,
    "r2_test": 0.7918137295755616
}