{
    "dataset": "712_chscase_geyser1",
    "algorithm": "AdaBoostRegressor",
    "params": {
        "base_estimator": null,
        "learning_rate": 0.01,
        "loss": "linear",
        "n_estimators": 100,
        "random_state": 5390
    },
    "random_state": 5390,
    "process_time": 31.380932536,
    "time_time": 34.21453642845154,
    "target_noise": 0.0,
    "feature_noise": 0.0,
    "model_size": 1500,
    "symbolic_model": "not implemented",
    "mse_train": 29.14484470790893,
    "mae_train": 4.318980557760948,
    "r2_train": 0.8360804774636621,
    "mse_test": 38.695654843276415,
    "mae_test": 5.037295413168144,
    "r2_test": 0.6743298751029485
}