{
    "dataset": "556_analcatdata_apnea2",
    "algorithm": "KernelRidge",
    "params": {
        "alpha": 0.1,
        "coef0": 1,
        "degree": 3,
        "gamma": 10,
        "kernel": "rbf",
        "kernel_params": null
    },
    "random_state": 5390,
    "process_time": 8.443200274,
    "time_time": 3.3416950702667236,
    "target_noise": 0.0,
    "feature_noise": 0.0,
    "model_size": 356,
    "symbolic_model": "not implemented",
    "mse_train": 98341.6862540203,
    "mae_train": 105.97806876294696,
    "r2_train": 0.9880639678326132,
    "mse_test": 855520.7420904391,
    "mae_test": 369.25338577775847,
    "r2_test": 0.9385702557036012
}