{
    "dataset": "556_analcatdata_apnea2",
    "algorithm": "KernelRidge",
    "params": {
        "alpha": 0.1,
        "coef0": 1,
        "degree": 3,
        "gamma": 10,
        "kernel": "rbf",
        "kernel_params": null
    },
    "random_state": 23654,
    "process_time": 12.201361265,
    "time_time": 1.993330717086792,
    "target_noise": 0.0,
    "feature_noise": 0.0,
    "model_size": 356,
    "symbolic_model": "not implemented",
    "mse_train": 59049.4589091554,
    "mae_train": 85.08692462977628,
    "r2_train": 0.9943181149104867,
    "mse_test": 966329.3931410377,
    "mae_test": 350.66093314588835,
    "r2_test": 0.8715457431783515
}