{
    "dataset": "556_analcatdata_apnea2",
    "algorithm": "KernelRidge",
    "params": {
        "alpha": 0.0001,
        "coef0": 1,
        "degree": 3,
        "gamma": 10,
        "kernel": "rbf",
        "kernel_params": null
    },
    "random_state": 14423,
    "process_time": 11.907284509,
    "time_time": 3.460608959197998,
    "target_noise": 0.0,
    "feature_noise": 0.0,
    "model_size": 356,
    "symbolic_model": "not implemented",
    "mse_train": 0.5281409475919181,
    "mae_train": 0.32718112651047826,
    "r2_train": 0.9999999429408571,
    "mse_test": 1306896.1987576985,
    "mae_test": 477.16065283547846,
    "r2_test": 0.8803813999236534
}