{
    "dataset": "556_analcatdata_apnea2",
    "algorithm": "KernelRidge",
    "params": {
        "alpha": 0.1,
        "coef0": 1,
        "degree": 3,
        "gamma": 10,
        "kernel": "rbf",
        "kernel_params": null
    },
    "random_state": 21962,
    "process_time": 9.881872165,
    "time_time": 3.0400476455688477,
    "target_noise": 0.0,
    "feature_noise": 0.0,
    "model_size": 356,
    "symbolic_model": "not implemented",
    "mse_train": 67075.82824211869,
    "mae_train": 89.97574091988645,
    "r2_train": 0.9924596103810417,
    "mse_test": 1226660.9777480867,
    "mae_test": 409.83240161666447,
    "r2_test": 0.8972159002610802
}