{
    "dataset": "678_visualizing_environmental",
    "algorithm": "LassoLars",
    "params": {
        "alpha": 0.01,
        "copy_X": true,
        "eps": 2.220446049250313e-16,
        "fit_intercept": true,
        "fit_path": true,
        "jitter": null,
        "max_iter": 500,
        "normalize": true,
        "positive": false,
        "precompute": "auto",
        "random_state": 16850,
        "verbose": false
    },
    "random_state": 16850,
    "process_time": 0.07722582099999986,
    "time_time": 0.1986994743347168,
    "target_noise": 0.0,
    "feature_noise": 0.0,
    "model_size": 3,
    "symbolic_model": "not implemented",
    "mse_train": 6.406003398694136,
    "mae_train": 1.9576879204975204,
    "r2_train": 0.4993795184388702,
    "mse_test": 11.699979317291445,
    "mae_test": 2.75884151459089,
    "r2_test": 0.006641288298848025
}