{
    "dataset": "678_visualizing_environmental",
    "algorithm": "LassoLars",
    "params": {
        "alpha": 0.01,
        "copy_X": true,
        "eps": 2.220446049250313e-16,
        "fit_intercept": true,
        "fit_path": true,
        "jitter": null,
        "max_iter": 500,
        "normalize": true,
        "positive": false,
        "precompute": "auto",
        "random_state": 23654,
        "verbose": false
    },
    "random_state": 23654,
    "process_time": 0.07754699800000009,
    "time_time": 0.2180943489074707,
    "target_noise": 0.0,
    "feature_noise": 0.0,
    "model_size": 3,
    "symbolic_model": "not implemented",
    "mse_train": 8.842605726433893,
    "mae_train": 2.3192421890134036,
    "r2_train": 0.35579593213520855,
    "mse_test": 4.976984990253478,
    "mae_test": 1.72012835823281,
    "r2_test": 0.4441974389838741
}