{
    "dataset": "678_visualizing_environmental",
    "algorithm": "LassoLars",
    "params": {
        "alpha": 0.01,
        "copy_X": true,
        "eps": 2.220446049250313e-16,
        "fit_intercept": true,
        "fit_path": true,
        "jitter": null,
        "max_iter": 500,
        "normalize": true,
        "positive": false,
        "precompute": "auto",
        "random_state": 15795,
        "verbose": false
    },
    "random_state": 15795,
    "process_time": 0.08057175999999999,
    "time_time": 0.2794225215911865,
    "target_noise": 0.0,
    "feature_noise": 0.0,
    "model_size": 3,
    "symbolic_model": "not implemented",
    "mse_train": 7.407035833099774,
    "mae_train": 2.1948619653608783,
    "r2_train": 0.3572040633292045,
    "mse_test": 9.024448113441446,
    "mae_test": 2.101058151324885,
    "r2_test": 0.3968314551949015
}