{
    "dataset": "678_visualizing_environmental",
    "algorithm": "LassoLars",
    "params": {
        "alpha": 0.01,
        "copy_X": true,
        "eps": 2.220446049250313e-16,
        "fit_intercept": true,
        "fit_path": true,
        "jitter": null,
        "max_iter": 500,
        "normalize": true,
        "positive": false,
        "precompute": "auto",
        "random_state": 4426,
        "verbose": false
    },
    "random_state": 4426,
    "process_time": 0.07667598199999981,
    "time_time": 0.333895206451416,
    "target_noise": 0.0,
    "feature_noise": 0.0,
    "model_size": 3,
    "symbolic_model": "not implemented",
    "mse_train": 8.512543179037143,
    "mae_train": 2.3216780832795663,
    "r2_train": 0.30841613075248175,
    "mse_test": 5.986145862201918,
    "mae_test": 1.7643004110352891,
    "r2_test": 0.5443179045026243
}