{
    "dataset": "678_visualizing_environmental",
    "algorithm": "LassoLars",
    "params": {
        "alpha": 1,
        "copy_X": true,
        "eps": 2.220446049250313e-16,
        "fit_intercept": true,
        "fit_path": true,
        "jitter": null,
        "max_iter": 500,
        "normalize": true,
        "positive": false,
        "precompute": "auto",
        "random_state": 21962,
        "verbose": false
    },
    "random_state": 21962,
    "process_time": 0.07372371099999997,
    "time_time": 0.23991990089416504,
    "target_noise": 0.0,
    "feature_noise": 0.0,
    "model_size": 3,
    "symbolic_model": "not implemented",
    "mse_train": 11.008991429990264,
    "mae_train": 2.5616490306901314,
    "r2_train": 0.0,
    "mse_test": 17.137932017095974,
    "mae_test": 3.4087349341576356,
    "r2_test": -0.0010332764164717734
}