{
    "dataset": "678_visualizing_environmental",
    "algorithm": "LassoLars",
    "params": {
        "alpha": 0.001,
        "copy_X": true,
        "eps": 2.220446049250313e-16,
        "fit_intercept": true,
        "fit_path": true,
        "jitter": null,
        "max_iter": 500,
        "normalize": true,
        "positive": false,
        "precompute": "auto",
        "random_state": 28020,
        "verbose": false
    },
    "random_state": 28020,
    "process_time": 0.09064951799999998,
    "time_time": 0.27624011039733887,
    "target_noise": 0.0,
    "feature_noise": 0.0,
    "model_size": 3,
    "symbolic_model": "not implemented",
    "mse_train": 7.639987621800088,
    "mae_train": 2.1075137209453376,
    "r2_train": 0.37422614644422825,
    "mse_test": 7.556811866236559,
    "mae_test": 2.1731326609802255,
    "r2_test": 0.44112959029180987
}