{
    "dataset": "228_elusage",
    "algorithm": "GPGOMEARegressor",
    "params": {
        "caching": false,
        "classweights": false,
        "elitism": 1,
        "erc": true,
        "evaluations": 500000,
        "functions": "+_-_*_p/",
        "generations": -1,
        "gomea": true,
        "gomfos": "LT",
        "ims": false,
        "initmaxtreeheight": 4,
        "linearscaling": true,
        "maxsize": 1000,
        "maxtreeheight": 17,
        "parallel": false,
        "popsize": 1000,
        "prob": "symbreg",
        "reproduction": 0.0,
        "sbagx": 0.0,
        "sblibtype": false,
        "sbrdo": 0.0,
        "seed": -1,
        "silent": true,
        "subcross": 0.5,
        "submut": 0.5,
        "syntuniqinit": 1000,
        "time": 7200,
        "tournament": 4,
        "unifdepthvar": true
    },
    "random_state": 21962,
    "process_time": 3045.839302641,
    "time_time": 3045.9119136333466,
    "target_noise": 0.0,
    "feature_noise": 0.0,
    "model_size": 25,
    "symbolic_model": "1.002256+-0.104936*(((x1p/((x0*-5.131000)+(x0+-4.615000)))-(((-5.179000--1.555000)-(3.449000*x0))*((x0*0.112000)-(x0-3.446000)))))",
    "mse_train": 66.23071698970303,
    "mae_train": 6.313958062819216,
    "r2_train": 0.8809606852896084,
    "mse_test": 148.50078614933474,
    "mae_test": 8.948357505096341,
    "r2_test": 0.7417067451736236
}