{
    "dataset": "228_elusage",
    "algorithm": "GPGOMEARegressor",
    "params": {
        "caching": false,
        "classweights": false,
        "elitism": 1,
        "erc": true,
        "evaluations": 500000,
        "functions": "+_-_*_p/",
        "generations": -1,
        "gomea": true,
        "gomfos": "LT",
        "ims": false,
        "initmaxtreeheight": 6,
        "linearscaling": true,
        "maxsize": 1000,
        "maxtreeheight": 17,
        "parallel": false,
        "popsize": 1000,
        "prob": "symbreg",
        "reproduction": 0.0,
        "sbagx": 0.0,
        "sblibtype": false,
        "sbrdo": 0.0,
        "seed": -1,
        "silent": true,
        "subcross": 0.5,
        "submut": 0.5,
        "syntuniqinit": 1000,
        "time": 7200,
        "tournament": 4,
        "unifdepthvar": true
    },
    "random_state": 15795,
    "process_time": 4924.082897101999,
    "time_time": 5405.959090948105,
    "target_noise": 0.0,
    "feature_noise": 0.0,
    "model_size": 105,
    "symbolic_model": "0.154826+-0.043734*(((((((x0p/x1)-(7.658000p/x1))-((x0+6.069000)p/x1))-(((x1*x1)p/-2.574000)p/((x0p/x1)p/(0.028000-x0))))p/(((-10.333000p/(x1p/x0))+((0.727000--9.446000)*(x0*x0)))+(((10.748000+-6.217000)-(x1p/x0))p/((x0-5.554000)p/(x0-x1)))))-((x0+(((x1*-0.125000)p/(x0p/x1))-((x0*x0)*(x0-6.891000))))+((((x1p/-6.135000)-(x0+x0))+((x0--2.361000)-(x0+x0)))+((x0*(-4.599000-x0))-((9.167000*x0)-(-10.100000-x0)))))))",
    "mse_train": 28.923197014765574,
    "mae_train": 4.261416228317483,
    "r2_train": 0.9199462959265297,
    "mse_test": 192.2954472249792,
    "mae_test": 10.84634475029765,
    "r2_test": 0.7630361015085613
}