{
    "dataset": "228_elusage",
    "algorithm": "GPGOMEARegressor",
    "params": {
        "caching": false,
        "classweights": false,
        "elitism": 1,
        "erc": true,
        "evaluations": 500000,
        "functions": "+_-_*_p/",
        "generations": -1,
        "gomea": true,
        "gomfos": "LT",
        "ims": false,
        "initmaxtreeheight": 4,
        "linearscaling": true,
        "maxsize": 1000,
        "maxtreeheight": 17,
        "parallel": false,
        "popsize": 1000,
        "prob": "symbreg",
        "reproduction": 0.0,
        "sbagx": 0.0,
        "sblibtype": false,
        "sbrdo": 0.0,
        "seed": -1,
        "silent": true,
        "subcross": 0.5,
        "submut": 0.5,
        "syntuniqinit": 1000,
        "time": 7200,
        "tournament": 4,
        "unifdepthvar": true
    },
    "random_state": 5390,
    "process_time": 2697.4083517619997,
    "time_time": 2697.415165424347,
    "target_noise": 0.0,
    "feature_noise": 0.0,
    "model_size": 23,
    "symbolic_model": "-0.126512+0.019273*(((-5.935000+((-7.414000*x0)*3.409000))p/(((x0+-0.071000)p/(x0+x0))p/((4.427000-x0)p/(x0+5.335000)))))",
    "mse_train": 63.51467538644667,
    "mae_train": 5.9955167553675235,
    "r2_train": 0.8961979259547399,
    "mse_test": 126.0320236616502,
    "mae_test": 8.074170022855457,
    "r2_test": 0.7041317225945269
}