{
    "dataset": "523_analcatdata_neavote",
    "algorithm": "AIFeynman",
    "params": {
        "BF_ops_file_type": "14ops.txt",
        "BF_try_time": 60,
        "NN_epochs": 4000,
        "max_time": 7200,
        "polyfit_deg": 4,
        "random_state": 23654,
        "test_percentage": 20,
        "tmp_dir": null
    },
    "random_state": 23654,
    "process_time": 4886.9813728359995,
    "time_time": 184608.14716815948,
    "target_noise": 0.0,
    "feature_noise": 0.0,
    "model_size": 11,
    "symbolic_model": "-1.261673045602+exp(sin((cos(exp((x0)**(-1))))**(-1)))",
    "mse_train": 1.7212304825500129,
    "mae_train": 0.5940498406932814,
    "r2_train": 0.892272276027062,
    "mse_test": 0.6802058014890499,
    "mae_test": 0.44017142777268703,
    "r2_test": 0.9504280986554738
}