{
    "dataset": "228_elusage",
    "algorithm": "KernelRidge",
    "params": {
        "alpha": 0.01,
        "coef0": 1,
        "degree": 3,
        "gamma": 0.1,
        "kernel": "poly",
        "kernel_params": null
    },
    "random_state": 860,
    "process_time": 0.73192707,
    "time_time": 0.8330094814300537,
    "target_noise": 0.0,
    "feature_noise": 0.0,
    "model_size": 41,
    "symbolic_model": "not implemented",
    "mse_train": 87.55212425754812,
    "mae_train": 7.338559457846049,
    "r2_train": 0.8632494375486155,
    "mse_test": 87.94522471363817,
    "mae_test": 6.941302485241214,
    "r2_test": 0.7393536100698035
}