{
    "dataset": "663_rabe_266",
    "algorithm": "GPGOMEARegressor",
    "params": {
        "caching": false,
        "classweights": false,
        "elitism": 1,
        "erc": true,
        "evaluations": 500000,
        "functions": "+_-_*_p/",
        "generations": -1,
        "gomea": true,
        "gomfos": "LT",
        "ims": false,
        "initmaxtreeheight": 4,
        "linearscaling": true,
        "maxsize": 1000,
        "maxtreeheight": 17,
        "parallel": false,
        "popsize": 1000,
        "prob": "symbreg",
        "reproduction": 0.0,
        "sbagx": 0.0,
        "sblibtype": false,
        "sbrdo": 0.0,
        "seed": -1,
        "silent": true,
        "subcross": 0.5,
        "submut": 0.5,
        "syntuniqinit": 1000,
        "time": 7200,
        "tournament": 4,
        "unifdepthvar": true
    },
    "random_state": 14423,
    "process_time": 3993.1819407939997,
    "time_time": 3993.1955235004425,
    "target_noise": 0.0,
    "feature_noise": 0.0,
    "model_size": 23,
    "symbolic_model": "-0.502112+1.301621*((((2.993000+(-2.693000+x0))-((x1+x0)p/(x1--4.008000)))+(x1p/((5.394000-x1)*(5.448000-x1)))))",
    "mse_train": 5.536753618233251,
    "mae_train": 1.7171412495460237,
    "r2_train": 0.9977652051535717,
    "mse_test": 8.55652641127084,
    "mae_test": 2.2208692317158056,
    "r2_test": 0.9975283053094824
}