{
    "dataset": "663_rabe_266",
    "algorithm": "GPGOMEARegressor",
    "params": {
        "caching": false,
        "classweights": false,
        "elitism": 1,
        "erc": true,
        "evaluations": 500000,
        "functions": "+_-_*_p/",
        "generations": -1,
        "gomea": true,
        "gomfos": "LT",
        "ims": false,
        "initmaxtreeheight": 4,
        "linearscaling": true,
        "maxsize": 1000,
        "maxtreeheight": 17,
        "parallel": false,
        "popsize": 1000,
        "prob": "symbreg",
        "reproduction": 0.0,
        "sbagx": 0.0,
        "sblibtype": false,
        "sbrdo": 0.0,
        "seed": -1,
        "silent": true,
        "subcross": 0.5,
        "submut": 0.5,
        "syntuniqinit": 1000,
        "time": 7200,
        "tournament": 4,
        "unifdepthvar": true
    },
    "random_state": 16850,
    "process_time": 3413.3267378970004,
    "time_time": 3413.333310842514,
    "target_noise": 0.0,
    "feature_noise": 0.0,
    "model_size": 25,
    "symbolic_model": "-32.636159+-0.967917*(((((-2.543000+x0)*(x1p/-3.268000))p/((2.807000p/2.718000)*(x1+3.041000)))-(((x1p/x1)*(-5.965000*-5.636000))+x0)))",
    "mse_train": 4.733722215399772,
    "mae_train": 1.4455963025013636,
    "r2_train": 0.9983705593551813,
    "mse_test": 3.6036723309311287,
    "mae_test": 1.3473776515569367,
    "r2_test": 0.9983470774625169
}