{
    "dataset": "663_rabe_266",
    "algorithm": "GPGOMEARegressor",
    "params": {
        "caching": false,
        "classweights": false,
        "elitism": 1,
        "erc": true,
        "evaluations": 500000,
        "functions": "+_-_*_p/",
        "generations": -1,
        "gomea": true,
        "gomfos": "LT",
        "ims": false,
        "initmaxtreeheight": 6,
        "linearscaling": true,
        "maxsize": 1000,
        "maxtreeheight": 17,
        "parallel": false,
        "popsize": 1000,
        "prob": "symbreg",
        "reproduction": 0.0,
        "sbagx": 0.0,
        "sblibtype": false,
        "sbrdo": 0.0,
        "seed": -1,
        "silent": true,
        "subcross": 0.5,
        "submut": 0.5,
        "syntuniqinit": 1000,
        "time": 7200,
        "tournament": 4,
        "unifdepthvar": true
    },
    "random_state": 860,
    "process_time": 1995.387578855,
    "time_time": 1995.8205654621124,
    "target_noise": 0.0,
    "feature_noise": 0.0,
    "model_size": 73,
    "symbolic_model": "0.615517+1.175581*((((((x0+(-8.295000-1.639000))p/((-8.281000+1.036000)p/(-0.096000-x1)))+(((-1.466000*x1)-x0)-3.923000))p/((((x1p/6.199000)-x1)*((1.146000p/x1)p/(x1-3.435000)))+((x1+(-2.183000+x1))+7.886000)))+(((((7.740000-3.309000)-(x0*x0))*(-0.521000-(-0.170000p/6.188000)))p/(((x0--3.255000)-(-3.103000+x1))-(-5.750000*(x1+-7.230000))))+x0)))",
    "mse_train": 2.38325574691588,
    "mae_train": 1.0772834397854192,
    "r2_train": 0.9990524842849847,
    "mse_test": 12.334897816623048,
    "mae_test": 2.0369245682947885,
    "r2_test": 0.9963110659517819
}