{
    "dataset": "663_rabe_266",
    "algorithm": "GPGOMEARegressor",
    "params": {
        "caching": false,
        "classweights": false,
        "elitism": 1,
        "erc": true,
        "evaluations": 500000,
        "functions": "+_-_*_p/",
        "generations": -1,
        "gomea": true,
        "gomfos": "LT",
        "ims": false,
        "initmaxtreeheight": 4,
        "linearscaling": true,
        "maxsize": 1000,
        "maxtreeheight": 17,
        "parallel": false,
        "popsize": 1000,
        "prob": "symbreg",
        "reproduction": 0.0,
        "sbagx": 0.0,
        "sblibtype": false,
        "sbrdo": 0.0,
        "seed": -1,
        "silent": true,
        "subcross": 0.5,
        "submut": 0.5,
        "syntuniqinit": 1000,
        "time": 7200,
        "tournament": 4,
        "unifdepthvar": true
    },
    "random_state": 28020,
    "process_time": 3713.9834992829997,
    "time_time": 3714.06187582016,
    "target_noise": 0.0,
    "feature_noise": 0.0,
    "model_size": 31,
    "symbolic_model": "-1.565668+-1.242327*(((((x0+1.676000)*(x0-x1))p/((x0+2.559000)*(-6.533000*5.244000)))+(((-4.015000+x0)p/(x1+3.503000))-((x1p/7.237000)+(x0*1.057000)))))",
    "mse_train": 3.5610472893848226,
    "mae_train": 1.3497810141087485,
    "r2_train": 0.998681394156658,
    "mse_test": 5.538916992007817,
    "mae_test": 1.8367127277143673,
    "r2_test": 0.9980181103273592
}