{
    "dataset": "663_rabe_266",
    "algorithm": "GPGOMEARegressor",
    "params": {
        "caching": false,
        "classweights": false,
        "elitism": 1,
        "erc": true,
        "evaluations": 500000,
        "functions": "+_-_*_p/",
        "generations": -1,
        "gomea": true,
        "gomfos": "LT",
        "ims": false,
        "initmaxtreeheight": 4,
        "linearscaling": true,
        "maxsize": 1000,
        "maxtreeheight": 17,
        "parallel": false,
        "popsize": 1000,
        "prob": "symbreg",
        "reproduction": 0.0,
        "sbagx": 0.0,
        "sblibtype": false,
        "sbrdo": 0.0,
        "seed": -1,
        "silent": true,
        "subcross": 0.5,
        "submut": 0.5,
        "syntuniqinit": 1000,
        "time": 7200,
        "tournament": 4,
        "unifdepthvar": true
    },
    "random_state": 5390,
    "process_time": 2865.809822187,
    "time_time": 2865.9088611602783,
    "target_noise": 0.0,
    "feature_noise": 0.0,
    "model_size": 31,
    "symbolic_model": "9.570461+0.589659*(((((x0+x0)-(x0p/x0))-((7.463000+7.583000)*(x0p/x0)))+(((x0+x1)p/(-2.787000-x1))-((-4.163000+7.351000)p/(5.279000--4.147000)))))",
    "mse_train": 3.9735210387341136,
    "mae_train": 1.4041610037468688,
    "r2_train": 0.9987180477354204,
    "mse_test": 3.6073304358742027,
    "mae_test": 1.1697278088553522,
    "r2_test": 0.9976982795627063
}