{
    "dataset": "663_rabe_266",
    "algorithm": "GPGOMEARegressor",
    "params": {
        "caching": false,
        "classweights": false,
        "elitism": 1,
        "erc": true,
        "evaluations": 500000,
        "functions": "+_-_*_p/",
        "generations": -1,
        "gomea": true,
        "gomfos": "LT",
        "ims": false,
        "initmaxtreeheight": 6,
        "linearscaling": true,
        "maxsize": 1000,
        "maxtreeheight": 17,
        "parallel": false,
        "popsize": 1000,
        "prob": "symbreg",
        "reproduction": 0.0,
        "sbagx": 0.0,
        "sblibtype": false,
        "sbrdo": 0.0,
        "seed": -1,
        "silent": true,
        "subcross": 0.5,
        "submut": 0.5,
        "syntuniqinit": 1000,
        "time": 7200,
        "tournament": 4,
        "unifdepthvar": true
    },
    "random_state": 4426,
    "process_time": 11097.606033755,
    "time_time": 11097.863949775696,
    "target_noise": 0.0,
    "feature_noise": 0.0,
    "model_size": 59,
    "symbolic_model": "-0.102508+0.177468*((((7.065000-(((x0*x1)-7.593000)p/((2.574000+2.008000)*(3.309000p/x1))))p/((-5.789000*x1)p/(x1*((x0*-6.332000)+(x0+x1)))))+(((((x1+-3.656000)+x0)+((-5.330000+-0.366000)+x1))p/(((-3.499000p/x1)p/(x1+x1))*((-1.285000*-6.288000)+(x1+x0))))-x0)))",
    "mse_train": 3.7178088708839767,
    "mae_train": 1.2871992753320254,
    "r2_train": 0.9986705466043747,
    "mse_test": 7.342693801944643,
    "mae_test": 1.7344420519297434,
    "r2_test": 0.9970592314879875
}