{
    "dataset": "663_rabe_266",
    "algorithm": "GPGOMEARegressor",
    "params": {
        "caching": false,
        "classweights": false,
        "elitism": 1,
        "erc": true,
        "evaluations": 500000,
        "functions": "+_-_*_p/",
        "generations": -1,
        "gomea": true,
        "gomfos": "LT",
        "ims": false,
        "initmaxtreeheight": 4,
        "linearscaling": true,
        "maxsize": 1000,
        "maxtreeheight": 17,
        "parallel": false,
        "popsize": 1000,
        "prob": "symbreg",
        "reproduction": 0.0,
        "sbagx": 0.0,
        "sblibtype": false,
        "sbrdo": 0.0,
        "seed": -1,
        "silent": true,
        "subcross": 0.5,
        "submut": 0.5,
        "syntuniqinit": 1000,
        "time": 7200,
        "tournament": 4,
        "unifdepthvar": true
    },
    "random_state": 15795,
    "process_time": 6159.629784852999,
    "time_time": 13406.533603668213,
    "target_noise": 0.0,
    "feature_noise": 0.0,
    "model_size": 29,
    "symbolic_model": "1.730410+-0.392295*(((((x1*x1)+(x1*x0))p/((-2.460000*1.759000)+(0.648000-x1)))-(((x0p/0.680000)+(-4.719000-x1))+(x0-(x1p/-3.199000)))))",
    "mse_train": 4.534369487178914,
    "mae_train": 1.4157004368930242,
    "r2_train": 0.9981931782658835,
    "mse_test": 4.447332983653603,
    "mae_test": 1.6232505104015686,
    "r2_test": 0.9985594262159226
}