{
    "dataset": "678_visualizing_environmental",
    "algorithm": "KernelRidge",
    "params": {
        "alpha": 0.01,
        "coef0": 1,
        "degree": 3,
        "gamma": 0.01,
        "kernel": "sigmoid",
        "kernel_params": null
    },
    "random_state": 23654,
    "process_time": 0.85192014,
    "time_time": 1.1941993236541748,
    "target_noise": 0.0,
    "feature_noise": 0.0,
    "model_size": 83,
    "symbolic_model": "not implemented",
    "mse_train": 15.973847002595999,
    "mae_train": 3.17719727308786,
    "r2_train": -0.1637313182199449,
    "mse_test": 4.8815369249558165,
    "mae_test": 1.80258585550158,
    "r2_test": 0.45485655876027764
}