{
    "dataset": "228_elusage",
    "algorithm": "sembackpropgp",
    "params": {
        "caching": false,
        "classweights": false,
        "elitism": 1,
        "erc": true,
        "evaluations": 500000,
        "functions": "+_-_*_aq_plog_sin_cos",
        "generations": -1,
        "gomea": false,
        "gomfos": "LT",
        "ims": false,
        "initmaxtreeheight": 6,
        "linearscaling": true,
        "maxsize": 1000,
        "maxtreeheight": 20,
        "parallel": false,
        "popsize": 1000,
        "prob": "symbreg",
        "reproduction": 0.0,
        "sbagx": false,
        "sblibtype": "p_10_9999_l_n",
        "sbrdo": 0.9,
        "seed": -1,
        "silent": true,
        "subcross": 0.0,
        "submut": 0.1,
        "syntuniqinit": 1000,
        "time": 7200,
        "tournament": 8,
        "unifdepthvar": true
    },
    "random_state": 16850,
    "process_time": 30521.103726875,
    "time_time": 30521.248542308807,
    "target_noise": 0.0,
    "feature_noise": 0.0,
    "model_size": 664,
    "symbolic_model": "-8.043488+-6.853519*(((plog(plog(((0.044437*((4.357000*x0)+(-8.337181+(-2.434156*sin(((x0*7.441000)*(x1aqx1)))))))+2.182332)))*0.733866)+(((1.048663+(-0.334503*((0.191464*(((sin(((x0*7.441000)*(-5.762000+plog(x0))))*-0.658266)+-0.328458)*sin(((x0*7.441000)*(x1aqx1)))))+2.856944)))+(-0.005801*((3.014383+(3.377260*(sin(((x0+x1)-cos(x0)))+((-2.122661*sin(((x0*7.441000)*(-5.762000+plog(x0)))))+7.870000))))+(3.499000+x1))))+(-0.004874*((((0.000822*((((265.637012+((-5.032000*-16.346004)+(195.591435+(-0.269600*(sin((x1*(-5.762000+plog(x0))))*877.232517)))))*((0.193585*((x0*6.146000)*sin(((x0*7.212000)*(x1aqx1)))))+sin(sin((x1+x1)))))+x0)+((x1*x0)+(((84.839451+(286.139554*plog(cos((x0-2.175000)))))*(-0.176117+(((sin((x1+sin(x0)))+((sin(x0)-x0)*cos(cos(x0))))*((plog(x0)aq(cos((x0--4.003000))+5.997000))-((x0-x0)*(x0aqx1))))*-11.015479)))*20.489174))))+plog((4.009000+x0)))+(3.377260*((((0.155755*((4.357000*x0)+(-8.337181+(-2.434156*sin(((x0*7.441000)*(x1aqx1)))))))+(-3.958000+(sin(((plog(((-2.044000+-7.585000)*x0))-plog(-5.574000))aqcos(7.909000)))*((2.633512*plog((x0-plog(x0))))+-0.704286))))*1.454760)+(plog(sin(-7.073000))aq(plog(-6.119000)aq(-2.158000*((x0*sin((x0+x1)))aq((cos(x0)+plog(x1))+x0))))))))+(((0.819765*(((((10.839764*sin(((x1*7.441000)*(x1aqx1))))+263.021680)*0.610465)+(sin((-8.357000-cos((cos(cos(x0))+(x1-x0)))))-x0))+(-2.434156*sin(((x0*7.441000)*(x1aqx1))))))*0.751818)+((-0.598145*((((sin(((x0+x1)-plog(((x1*x0)-(x1*x0)))))+((-2.122661*sin(((x0*7.441000)*(-5.762000+plog(x0)))))+-3.635694))*-1.481757)+-4.803961)*(-4.912231+((sin(((x0+x1)-cos(x0)))+((-2.122661*sin(((x0*7.441000)*(-5.762000+plog(x0)))))+-3.635694))*-1.459620))))+((61.408123*((((0.042253*sin((((cos(cos(x1))-x0)*7.441000)*(-5.762000+plog(x0)))))+0.890684)*((sin((((cos(cos(x0))-x0)*7.441000)*(-5.762000+plog(x0))))*-0.051439)+(1.112502+(-0.030561*sin((((x1-(x0-x1))*7.441000)*(-5.762000+cos(x0))))))))*(1.125801+(((((-259.832413*((plog(x0)aq(-4.416000aqx0))*x1))*1.003954)+43.575092)*((x0aq6.227000)*sin(((x0*7.441000)*(x1aqx1)))))*-0.003131))))+((0.989198*(((((sin(((x0*7.441000)*(-5.762000+plog(x0))))*((plog(((x0aqx1)--0.092820))*1576.795304)+690.065313))+((((plog(sin((-2.504000*x0)))+(x0aqx0))*plog(x0))*-134.180225)+-48.274829))*sin(((x0*7.441000)*(x1aq(x1*(x0*x1))))))*0.001992)+plog(-0.251000)))+((-1.180071*sin((((x1-(x0-x1))*7.441000)*(-5.762000+plog(x0)))))+(((((sin(((((-6.966000*(x1-x0))*x1)*7.441000)*(-5.762000+plog(x0))))*cos(plog(x0)))+-0.328458)*sin(((x0*7.441000)*(x1aqx1))))*1.484806)+(((((sin(((x0*7.441000)*(-5.762000+plog(x0))))*cos(plog(x0)))+-0.328458)*sin(((x0*7.441000)*x1)))*1.601303)+(((-5.079000aq(x1+x0))*0.375525)+((((sin(((x0*7.441000)*(2.326000-x1)))*-0.571204)+0.157777)+((plog(x1)*sin(((x0*7.441000)*(-2.119000-x1))))*-0.736759))+((sin(((plog(x0)*7.441000)*5.730000))*0.626407)+((0.267365*sin(((x0*7.572000)*(7.141000aqx1))))+(((plog(x1)aq(-6.495000*x1))*-0.209006)+(((x1*x0)*0.077682)+(-0.102049+(x0*0.014278))))))))))))))))))))",
    "mse_train": 17.681312321005624,
    "mae_train": 1.822699885529052,
    "r2_train": 0.9667480529944866,
    "mse_test": 129.34418536843992,
    "mae_test": 9.413277366063394,
    "r2_test": 0.8057547390364118
}