{
    "dataset": "228_elusage",
    "algorithm": "sembackpropgp",
    "params": {
        "caching": false,
        "classweights": false,
        "elitism": 1,
        "erc": true,
        "evaluations": 500000,
        "functions": "+_-_*_aq_plog_sin_cos",
        "generations": -1,
        "gomea": false,
        "gomfos": "LT",
        "ims": false,
        "initmaxtreeheight": 6,
        "linearscaling": true,
        "maxsize": 1000,
        "maxtreeheight": 20,
        "parallel": false,
        "popsize": 1000,
        "prob": "symbreg",
        "reproduction": 0.0,
        "sbagx": false,
        "sblibtype": "p_10_9999_l_n",
        "sbrdo": 0.9,
        "seed": -1,
        "silent": true,
        "subcross": 0.0,
        "submut": 0.1,
        "syntuniqinit": 1000,
        "time": 7200,
        "tournament": 4,
        "unifdepthvar": true
    },
    "random_state": 29910,
    "process_time": 34269.138619398,
    "time_time": 34270.18071818352,
    "target_noise": 0.0,
    "feature_noise": 0.0,
    "model_size": 890,
    "symbolic_model": "2.094236+-0.818431*(((((x0*-3.705000)*(x0+-2.632000))*0.100844)+((0.237666*(plog(x0)*(((3.993191*(sin(sin((x0*x1)))*(plog(plog(x0))aqsin(sin(x1)))))+0.244101)+((1.112379+(1.131108*(sin(sin((x0*x1)))*(((((1.045589+(plog(plog(x0))*2.597567))*(plog(plog(x0))aqsin(sin(x1))))*-1.665244)+4.502919)aqsin((x1*cos((x1+8.253000))))))))*(sin(sin((8.634000-sin(4.204000))))*(plog(plog(x0))aqsin(x0)))))))+((((0.000000*(sin((((-1.000000*plog((plog(1.150000)*cos(x0))))+0.000000)+((plog(33638458652650773609561259374505022609006696760097874670587262057610407378593173317093328512092817292525568.000000)*plog(x0))*((x1+x1)-(0.725000*x0)))))*(-418087.470580+((-0.000000*((32569242330236014576446716968091779072.000000+(sin((x0*-5.335000))*-621309288716169560300680726334813503488.000000))+(((-357778576830563902029824.000000+(x1*991044675590068344193024.000000))aqsin(8.049000))*436780338065676.625000)))+418087.470380))))+1.400736)*((((x0*-3.705000)*(5.450504+(-5.505585*cos(((plog(x0)aqplog(7.431000))aqsin(sin((x1aq((x0-(x0-(x0aq2.322000)))aqx1)))))))))*-0.209350)+((0.817109*(((plog(x0)*(((3.993191*(sin(sin((x0*x1)))*(x0aqsin(sin(x1)))))+0.244101)+(2.740736*(sin(sin((x0*x1)))*(plog(plog(x0))aqsin(sin(x1)))))))*(-0.331219+(sin((plog(plog(plog(x0)))+cos(sin(sin(6.977000)))))*0.733527)))*0.529881))+1.389052)))+((0.000000*(-0.086000+((sin((((-1.000000*plog((plog(1.150000)*cos(x0))))+0.000000)+((plog(33638458652650773609561259374505022609006696760097874670587262057610407378593173317093328512092817292525568.000000)*plog(x0))*((x1+x1)-(0.725000*x0)))))*(((-961911.958782+(-464.961056*((((((x0-(x0--4.358000))*35642241384753659904000.000000)+155328887954756453007360.000000)*-14420547.368159)+-731380446073.890625)+(-0.123293*(29873582692017922044281793393197056.000000+(192324705889.347351*((x0-(x0--4.358000))*(-8880161521715271172096.000000+(4837546153183539101696.000000*9.203510)))))))))+((((((0.343082*((x0-(x0--4.358000))*35642241384753659904000.000000))+53290473628319109611520.000000)aqsin(sin(x1)))*-8668094515148.500000)+(((x0aq2.075000)*x1)+x1))+((2885393.857288+((((-5.043600+(10134.459411+(x0*11827.940364)))+(sin((x0*-2.409000))*-21.152135))*(plog(cos(x1))*(-231142516348.099487+(plog(x1)*-2746772235768.657715))))*(((x0-(x0--4.358000))*149259386917585354752.000000)+650472408186836877312.000000)))+-962278.069799)))+((-0.000000*((32569242330236014576446716968091779072.000000+(sin((x0*-5.335000))*-621309288716169560300680726334813503488.000000))+(((-357778576830563902029824.000000+(x1*991044675590068344193024.000000))aqsin(sin(x1)))*436780338065676.625000)))+((3612738694647536156672.000000*sin((sin(sin((-9.275000-x1)))+(x1+(x0*-3.028000)))))+-259878789640014331904.000000))))*0.385928)))+(((sin((((-1.000000*plog((plog(1.150000)*cos(x0))))+0.000000)+((plog(33638458652650773609561259374505022609006696760097874670587262057610407378593173317093328512092817292525568.000000)*plog(x0))*(plog(-3.191000)+x1))))*(((9.203510*0.000000)+0.153312)+((cos(cos(sin(((-7.195000*x0)+x1))))*((32569242330236014576446716968091779072.000000+(sin((x0*-5.335000))*-621309288716169560300680726334813503488.000000))+(((-357778576830563902029824.000000+(x1*991044675590068344193024.000000))aqsin(sin(x1)))*436780338065676.625000)))+418087.470380)))*-0.000000)+(((((0.005914*(x1*(((((1.045589+(plog(plog(x0))*2.597567))*(plog(plog(x0))aqsin(cos(plog(x0)))))*-1.665244)+4.502919)aqsin(sin(x1)))))+0.958024)+(0.265322*(((-0.164870*sin((plog((plog(1.150000)*cos(x0)))+((plog(33638458652650773609561259374505022609006696760097874670587262057610407378593173317093328512092817292525568.000000)*plog(x0))*((x0+x1)-(x1aqx1))))))+0.033728)+(-0.076739+(((-168204596512824611619196348401461493760.000000+(2303066492945119635289893518534787465216.000000*(plog(x0)*(x1-((0.000000*0.000000)+0.055162)))))*(plog(((1.347256+(-5.327000*(0.000000*x0)))aqcos(plog(x0))))*1178467590531663940277365405714678284288.000000))*0.000000)))))+(((-0.164870*sin((plog((plog(1.150000)*cos(x0)))+((plog(33638458652650773609561259374505022609006696760097874670587262057610407378593173317093328512092817292525568.000000)*plog(x0))*((x0+x1)-(0.725000*x0))))))+(((sin((plog((plog(1.150000)*cos(x0)))+((-0.000008*plog((1.690394*0.000000)))*((x1+((x1*x1)aq(-4.792000*x1)))-x0))))*(-418087.470580+(plog(x1)*-681811.924731)))*0.000000)+-0.024700))*0.509243))+(((cos(cos(sin(((-7.195000*x0)+(plog(x0)-plog((x1*x1)))))))*0.282008)+-0.200327)+((0.136855*((0.231379+(0.000000*((-0.000000*(-398631122203591925286042824098571091968.000000+((x0*(-8.529000*(x0+x1)))*-59377709072715033893136576731179646976.000000)))+((plog(cos(((x0*x1)-x0)))*-2611791159601209540608.000000)+-358151728334358446080.000000))))*(sin(sin((5.102000*x1)))*(plog(plog(x0))aqcos(plog(x0))))))+((-0.017981*(-0.533059+(-55.838452*((-0.019730*sin((plog((plog(1.150000)*136.688530))+((plog(33638458652650773609561259374505022609006696760097874670587262057610407378593173317093328512092817292525568.000000)*plog(x0))*((x0+x1)-(0.725000*x0))))))+-0.010999))))+((sin((((-1.000000*plog((plog(1.150000)*cos(x0))))+cos(cos(plog(-5.506000))))+((plog(33638458652650773609561259374505022609006696760097874670587262057610407378593173317093328512092817292525568.000000)*plog(x0))*(plog(-3.191000)+x1))))*0.013746)+((((((x1aq(1985124459.533691+(-1773919123.575416*(x0+x1))))*-390246.370040)+0.005659)+(sin((plog((plog(1.150000)*cos(x0)))+((plog(33638458652650773609561259374505022609006696760097874670587262057610407378593173317093328512092817292525568.000000)*x0)*(7.003000-(x1aqx1)))))*0.011740))+(sin((plog((plog(1.150000)*cos(x0)))+((plog(33638458652650773609561259374505022609006696760097874670587262057610407378593173317093328512092817292525568.000000)*plog(x0))*(7.003000-(x1aqx1)))))*-0.012890))+((0.012160*(((-0.655969*sin(((-7.195000*x0)+sin(x1))))+-0.369703)+(0.910275*(plog(cos(x1))*cos(x0)))))+((sin((plog((plog(x1)*cos(x0)))+((plog(33638458652650773609561259374505022609006696760097874670587262057610407378593173317093328512092817292525568.000000)*x0)*(7.003000-(x1aqx1)))))*0.008316)+(((-20455215194581.351562+(-2240685200414.213379*((x0+-0.478000)-(x0--8.651000))))+(cos(((x0*-9.134000)-x0))*0.004289))+((0.002829*plog((x0+cos(x1))))+((0.002007*plog((x1-x0)))+(0.001313+(-0.003236*(x0aqx1))))))))))))))))))))",
    "mse_train": 11.804609726841568,
    "mae_train": 1.5130765612234283,
    "r2_train": 0.979995948517315,
    "mse_test": 143.446533203268,
    "mae_test": 8.091908562919055,
    "r2_test": 0.6969932996774951
}