{
    "dataset": "228_elusage",
    "algorithm": "sembackpropgp",
    "params": {
        "caching": false,
        "classweights": false,
        "elitism": 1,
        "erc": true,
        "evaluations": 500000,
        "functions": "+_-_*_aq_plog_sin_cos",
        "generations": -1,
        "gomea": false,
        "gomfos": "LT",
        "ims": false,
        "initmaxtreeheight": 6,
        "linearscaling": true,
        "maxsize": 1000,
        "maxtreeheight": 20,
        "parallel": false,
        "popsize": 1000,
        "prob": "symbreg",
        "reproduction": 0.0,
        "sbagx": false,
        "sblibtype": "p_10_9999_l_n",
        "sbrdo": 0.9,
        "seed": -1,
        "silent": true,
        "subcross": 0.0,
        "submut": 0.1,
        "syntuniqinit": 1000,
        "time": 7200,
        "tournament": 4,
        "unifdepthvar": true
    },
    "random_state": 5390,
    "process_time": 33651.7182102,
    "time_time": 33652.70476317406,
    "target_noise": 0.0,
    "feature_noise": 0.0,
    "model_size": 700,
    "symbolic_model": "-36.407965+-0.328544*((((-2.863036*(((-4.152634+(1.007929*sin((plog((sin(x0)-(x0-x1)))-(plog((x1*x0))-(cos(x1)-cos(4.794000)))))))aq(x0--2.145000))*((-0.048847*((plog(((2.200000aqx0)+plog(x0)))*(sin(cos(x0))*plog((x0--9.191000))))-(cos(plog(cos(3.516000)))-sin((plog(x0)-(-9.102000*-5.003000))))))+-0.590495)))+(-138.881995+(-0.929875*(((16.954226+((0.405486*cos(((-8.088000aqx0)-(x0*x1))))+-26.230339))+(-0.337420*plog((sin(x0)-(-0.259000+0.000000)))))*1.741381))))-((0.749784*((7.218000-x0)aq(x0--2.145000)))+((0.164175*((1.064237*(94.023982*((-0.590495+(((plog(((2.200000aqx0)+plog(x0)))*(sin(cos(x0))*plog((x0--9.191000))))-(cos(sin((-1.205000aqx0)))-sin((plog(x0)-(-9.102000*-5.003000)))))*-0.048847))*(((plog(((2.200000aqx0)+plog(x0)))*(-6035.503143+(plog(plog((x0+1.519000)))*-46840.959377)))*0.000004)+-0.516167))))+((-30.843077*((((-17.696438+(x0*2.543331))-(((x0aqx1)*(x1-x0))+(x1aq(x0*4.190000))))aq(x0-(((252.946490+(((x1-x0)aq(x0--2.145000))*666.867975))*-17.976140)+1957.324677)))*(0.347446+(((plog((x1+plog(x0)))*(cos(x1)*4.643000))-(cos(sin(cos((7.615000+0.722000))))-sin(5.113000)))*0.022495))))+-45.277940)))+(((0.000012*((x1+((sin((plog((sin(x0)-(x0-x1)))-(plog((x1*x0))-(cos(x1)-cos(4.794000)))))*(((x0*(cos(sin(x0))+x1))*40433.375146)+-21675.089650))*1.147883))+(-3037.248839*(-4992.301793+((0.891634+(cos(sin(plog(x1)))*-0.635676))*-42.010382)))))+-358.260180)+((1.008268*((((-17.696438+(sin((plog((sin(x0)-(x0-x1)))-(plog((x1*x0))-(cos(x1)-cos(4.794000)))))*2.543331))-x0)aq(((sin(((((-1.792000*x0)-1.287000)*(-2.993000-2.473000))-((x0*x1)*cos(4.620000))))*7.160095)+(-55.001337+(-2.015745*(0.998097*(sin(((((-1.792000*x0)-1.287000)*(-2.993000-2.473000))-((x0*x1)*cos(4.620000))))*7.160095)))))--2.145000))*-11.617445))+((-0.000004*((7896013.587603*(((0.175039*((sin((plog(x0)-(-9.102000*((x1-7.320000)-x0))))*1.304402)+24.799863))+-1.908894)*0.020397))+(-48936.844567+(cos(sin((plog(0.646000)-(((-5.656000aqx0)*2.687000)+((x1aqx1)-(x0*6.616000))))))*-177157.939231))))+(((7896013.587603*((((16.958488+(cos(-3.171000)*(plog(plog((x1*-3.374000)))aqx0)))+(-16.948067+(0.599534*(plog(plog((x1*-3.374000)))aqx1))))*-0.010421)+(0.156663+(-0.005555*sin(((8.302000-((6.254000*-8.511000)aqplog(x1)))aqplog(sin(plog(x0)))))))))*-0.000004)+((((-1.854000+(201790.103658*cos(sin((plog(0.646000)-(((-5.656000aq-2.965000)*2.687000)+((x1aqx1)-(x0*6.616000))))))))+(-48936.844567+(cos(sin((plog(0.646000)-(((-5.656000aqx0)*2.659000)+((x1aqplog(2.524000))-(sin(x0)*6.616000))))))*(sin((x1aqx0))+70775.951444))))*-0.000003)+((0.060678*(((-17.696438+(sin((plog(x0)-(plog((x1*x0))-(cos(x1)-cos((-8.440000aqx1))))))*2.543331))-x0)aq(((sin(((((-1.792000*x0)-1.287000)*(-2.993000-2.473000))-((x0*x1)*cos(4.620000))))*7.160095)+cos(-4.238000))--2.145000)))+(((((((-2.844000+9.114000)aq((-11780423439303144763099861302726128044819349504.000000*((-1.006000aqx1)*x0))+-1365249445597398764730465886395033217595867136.000000))*-5252267630701976448633836344000090078183424.000000)+1.494144)*((-30075.228811*((sin((x0-(x0+-8.429000)))*-10205961636348958.000000)+((sin((5.043000*x0))*-3.038432)+8564662504581571.000000)))+314316.141994))*-0.000001)+((0.000005*(plog(((2.200000aqx0)+plog(x0)))*(x0+(plog(plog((x0+1.519000)))*-46840.959377))))+((33.692914*(((-0.001931*plog(plog((x0+1.519000))))+2.550652)+((0.002397*(plog(x0)*x1))+-0.104264)))+((0.018068*((sin((x0-(x0+-8.429000)))*-10205961636348958.000000)+((((x1+0.000000)-sin(x1))*7.014796)+(((x0--3.060000)*0.117378)+8564662504583886.000000))))+(-393096931900401.187500+(-0.047577*(sin((x0-(x0+4.085000)))*(-10205961636348958.000000+(x0*plog(x1))))))))))))))))))))",
    "mse_train": 23.594440508991063,
    "mae_train": 2.66818318994373,
    "r2_train": 0.9614395909942193,
    "mse_test": 187.48475431708425,
    "mae_test": 9.73464798940517,
    "r2_test": 0.5598674869452005
}