{
    "dataset": "228_elusage",
    "algorithm": "sembackpropgp",
    "params": {
        "caching": false,
        "classweights": false,
        "elitism": 1,
        "erc": true,
        "evaluations": 500000,
        "functions": "+_-_*_aq_plog_sin_cos",
        "generations": -1,
        "gomea": false,
        "gomfos": "LT",
        "ims": false,
        "initmaxtreeheight": 6,
        "linearscaling": true,
        "maxsize": 5000,
        "maxtreeheight": 20,
        "parallel": false,
        "popsize": 1000,
        "prob": "symbreg",
        "reproduction": 0.0,
        "sbagx": false,
        "sblibtype": "p_10_9999_l_n",
        "sbrdo": 0.9,
        "seed": -1,
        "silent": true,
        "subcross": 0.0,
        "submut": 0.1,
        "syntuniqinit": 1000,
        "time": 7200,
        "tournament": 4,
        "unifdepthvar": true
    },
    "random_state": 23654,
    "process_time": 33016.79750475,
    "time_time": 33017.74628782272,
    "target_noise": 0.0,
    "feature_noise": 0.0,
    "model_size": 867,
    "symbolic_model": "-3149.623943+3.063558*(((((-0.000046*(plog(x0)+(2.124485+(-6.754717*(((x0aqx0)+plog(-0.472000))*((plog((cos((4.127000*x0))*-0.502000))*-108.633027)+-134.037228))))))+1.578961)*((-0.070713*((1.517000-x0)*(-0.968000+x0)))+((-0.000160*(((plog(cos((plog(x0)*(x1+x0))))*-350.177928)+-76.092382)*(x1+x1)))+((0.051398*sin(plog(((x1+8.881000)-(x0*-9.268000)))))+0.585125))))+((((0.074176*((-29.182139+((1.258567+(cos((plog(x0)*(5.959000+x0)))*0.042264))*23.240997))*sin(plog(((x1+8.881000)-(x0*-9.268000))))))+0.035394)+(2.460695+(-0.000158*(((-5.549454+(-15.466293*plog(cos((x0*(x1+x0))))))+x0)*((-48.512054*plog(cos((plog((x0+sin((x1*0.867000))))*(x1+x0)))))+(-27.716227+(cos((x0*(x1+x0)))*58.169242)))))))+(((278.164472+(-5.722419*plog(((((785727155275501328830826895808933473000423612939109654041641662696145656365469155994031051565386323420727998118561178764850137840591292333193491906560.000000*cos((4.308000*(x1+x0))))+256201754439272781957599344149564380911346222453621781730434705864960314036723985023717864794080639778806927439303031586569660634135429381360200680734720.000000)+x0)+(((-66597302406741163905914482074501068418084514852741113303079247970919163534182225743071453124520331331443766391737237158581275532620054314568646656.000000*(-1.000000*205855.988029))+2273297621309468590778410180121463652047742739795998216693436285941209891369812713926329383297918585560838878735972910087684813325248779256834228748288.000000)*(plog(((240284392435691040026286546249962937238590869995520.000000+(1461501637330902918203684832716283019655932542976.000000*117.928408))+(plog(cos((x0-((-0.000000*(-1789734095193978368.000000*x0))+-1.570796))))*-1333832589787326324087643137124175269382612725006336.000000)))*((plog(cos((x0-x1)))*0.000585)+0.080614)))))))+((sin(-0.633000)+(((1285.777161+(-0.000387*(plog(plog(x0))*((x1*((27.190437*plog(x1))+10.067973))+plog(x0)))))+(-0.000057*(((plog((x0+sin((-2.243000*8.311000))))*(x1+x0))*(148.536350+(378.342222*plog((x0+sin((x0*8.311000)))))))+-17.974452)))*1.501724))+((((((-0.099720*(((x0aqx0)+plog(-0.472000))*((((sin((2.550000*x1))*469.125609)+-444.403213)*((-240.061538*sin((2.550000*x1)))+162.047688))+-134.037228)))+44.524128)*(((x0aqx0)+plog(-0.472000))*((-5.271967*plog((cos((4.127000*x0))*-0.502000)))+-6.366230)))*-0.000000)+1.262791)*(1.010789*((((plog(cos((plog(x0)*(x1+sin(-6.482000)))))*-350.177928)+-76.092382)*-0.000147)+1.248164)))))+(((856.728421+((1.023672*(((-1832731623137099209354487439034536933249341031439264694824754772176108635448335694670941480587782043350769851231259315892020472883206505026411500142592.000000*plog((cos(((0.142000+8.664000)*x0))*(-15723244520.399035+(sin((x0*8.311000))*263429941435.607056)))))+plog(-5.411000))+x1))*-0.000000))+((-5.302790+(((0.819693+(((((1.000000*(x1-plog(4.933000)))+5732.389303)+-76.092382)*((0.000000*((1.639000+(x1-x0))*(-441819.607753+(-816323.531612*(plog(x1)*plog(x1))))))+0.000002))*0.000000))*(1.000053*(0.952633*(((0.999999*(1.000064*(0.014108*(-15723244521.194109+(plog(x0)*x1)))))+221831344.760732)+872.874544))))*-0.026232))*((plog(((-0.052789*(((x0+x1)aqx1)*((1.517000-x0)*(-0.968000+x0))))+0.718446))*0.000585)+(plog(7.084000)+(((-5.549454+(-15.466293*plog(cos((-4.116000*(x1+x0))))))+x0)*-0.000020)))))+((0.955164*(52.143818+(0.009688*plog(cos((-4.116000*(((((plog(0.969000)+(x1-x0))*(x0*(-2.829000+-8.273000)))*x0)-cos((((x0aqx0)+-6.631000)aqsin((x1aqx0)))))-x1)))))))+((((plog(cos((-4.116000*((2.528056+(0.499776*(-29.238104*(x0+(x1*0.000000)))))-((x0+x1)*sin(2.687000))))))*-0.005217)+-49.805048)+(((cos((x0*x0))+(((((plog(cos((plog(x0)*(x1+x0))))*-350.177928)+-76.092382)*(((66122785849247088.000000+(-8204837554193708.000000*(x0-(x0+-8.059000))))*x0)+x1))*0.055968)+x1))*0.000746)+(-2.848000+-2.600000)))+(((((-104678325400897690200412087070426053024973482065669392207961410119643003575791308339452378129079987414809682679613421493144299397953955484488568552830598643712.000000*((plog(sin((x0*6.559000)))*-0.000000)+-33.922068))+(-3550914489084204425580184967870631472917922533667160324270400512086535196326305988689766781446919380412066632729583807799896440728050304887716399599938858647552.000000+(1538063567549246212365838362563374821954895126925381401742703318570783868258731897059309019741426262026880454663433942266792609012075171834543093055488.000000*plog((cos(((0.142000+8.664000)*((3.411000-x1)-x0)))*-0.502000)))))*-0.000000)*0.006291)+((1232.111493*((((((plog((x0+sin((x0*8.311000))))*(x1+x0))*-0.000004)+(1.045643+(0.000004*plog(cos((-4.116000*(x0+x0)))))))*0.340472)+0.161838)*(((1.049777+(plog((x1+sin((x0*8.311000))))*-0.000007))*((((x1*x0)*plog(x0))*0.010883)+(872.874538+(-0.006459*cos(((0.142000+8.664000)*(plog(x1)-x0)))))))*(((((3107.461441*cos((-4.116000*-0.385075)))+120498514.022363)*(plog((0.000000*117.928408))*((31.677237*plog(plog(0.000000)))+363.219529)))+0.000565)+0.000565))))+((plog(cos((-4.116000*(((((plog(1593906556126352844114831596019617083592285313304164187646847347592865746016561790976.000000)+(x1-x0))*(x0*(-2.829000+-8.273000)))*x0)-cos((((x0aqx0)+-6.631000)aqsin((x1aqx0)))))-x1))))*0.001794)+(((-0.001960*sin((((x1-(-0.164000-2.858000))+(x0*(x0-x1)))*-5.826000)))+((plog((-412636954034668759011706130786592390520060562636800.000000+(plog(cos((x0-x1)))*-1333832589787326324087643137124175269382612725006336.000000)))*-0.018568)+-330.561199))+(((plog((cos(((0.142000+8.664000)*x0))*((-47274572048.559418+(-18282740.502898*sin(x0)))+(sin((x0*8.311000))*263429941435.607056))))*0.000002)+((0.000002*plog(cos((((x0*8.783292)+-1.518976)*(x1+x0)))))+(-0.423562+(0.000001*plog(sin((x1*6.559000)))))))*(785.612109+((((0.002030+(-6.449000*((x1*sin(0.000000))*plog(0.000000))))+(-0.003934*(plog(x0)*(x1+sin(-6.482000)))))+(plog(cos((plog(x0)*(x1+0.000000))))*0.003741))+(((0.001438*plog(cos((x0--0.682636))))+0.000333)+(-0.001683+(cos(((6.451000*3.150000)aqx0))*-0.001828)))))))))))))))))",
    "mse_train": 23.23592354085121,
    "mae_train": 2.323869789946878,
    "r2_train": 0.9593884156760968,
    "mse_test": 234.10974257529622,
    "mae_test": 10.81432705570963,
    "r2_test": 0.5282799494417225
}