{
    "dataset": "519_vinnie",
    "algorithm": "LinearRegression",
    "params": {
        "copy_X": true,
        "fit_intercept": true,
        "n_jobs": null,
        "normalize": false,
        "positive": false
    },
    "random_state": 5390,
    "process_time": 2.286449107,
    "time_time": 0.24855637550354004,
    "target_noise": 0.0,
    "feature_noise": 0.0,
    "model_size": 2,
    "symbolic_model": "not implemented",
    "mse_train": 2.236291974504105,
    "mae_train": 1.192486494172603,
    "r2_train": 0.7644960084882082,
    "mse_test": 2.6441845844573404,
    "mae_test": 1.3252290309334764,
    "r2_test": 0.7112532261122438
}