{
    "dataset": "519_vinnie",
    "algorithm": "LinearRegression",
    "params": {
        "copy_X": true,
        "fit_intercept": true,
        "n_jobs": null,
        "normalize": false,
        "positive": false
    },
    "random_state": 29910,
    "process_time": 2.9050431629999998,
    "time_time": 0.33124375343322754,
    "target_noise": 0.0,
    "feature_noise": 0.0,
    "model_size": 2,
    "symbolic_model": "not implemented",
    "mse_train": 2.34068395431289,
    "mae_train": 1.2168336368236696,
    "r2_train": 0.7468583260913861,
    "mse_test": 2.310087161066317,
    "mae_test": 1.255745458552512,
    "r2_test": 0.7664657500658253
}