{
    "dataset": "519_vinnie",
    "algorithm": "LinearRegression",
    "params": {
        "copy_X": true,
        "fit_intercept": true,
        "n_jobs": null,
        "normalize": false,
        "positive": false
    },
    "random_state": 21962,
    "process_time": 3.6792897260000004,
    "time_time": 0.3409574031829834,
    "target_noise": 0.0,
    "feature_noise": 0.0,
    "model_size": 2,
    "symbolic_model": "not implemented",
    "mse_train": 2.3728615432319042,
    "mae_train": 1.2232079204330786,
    "r2_train": 0.7342126748272613,
    "mse_test": 2.242350278378913,
    "mae_test": 1.2397803453050191,
    "r2_test": 0.7933586776566903
}