{
    "dataset": "557_analcatdata_apnea1",
    "algorithm": "AdaBoostRegressor",
    "params": {
        "base_estimator": null,
        "learning_rate": 0.1,
        "loss": "linear",
        "n_estimators": 1000,
        "random_state": 5390
    },
    "random_state": 5390,
    "process_time": 48.937443501,
    "time_time": 54.37134861946106,
    "target_noise": 0.0,
    "feature_noise": 0.0,
    "model_size": 14436,
    "symbolic_model": "not implemented",
    "mse_train": 962922.6771363437,
    "mae_train": 415.3623341030017,
    "r2_train": 0.8847031708466537,
    "mse_test": 943156.9016998394,
    "mae_test": 407.6155484145473,
    "r2_test": 0.9388034444472817
}