{
    "dataset": "557_analcatdata_apnea1",
    "algorithm": "AdaBoostRegressor",
    "params": {
        "base_estimator": null,
        "learning_rate": 0.1,
        "loss": "linear",
        "n_estimators": 100,
        "random_state": 29910
    },
    "random_state": 29910,
    "process_time": 41.726416444,
    "time_time": 89.715984582901,
    "target_noise": 0.0,
    "feature_noise": 0.0,
    "model_size": 1498,
    "symbolic_model": "not implemented",
    "mse_train": 732253.0992683446,
    "mae_train": 328.6667633468171,
    "r2_train": 0.9266844859423358,
    "mse_test": 1282340.8844456065,
    "mae_test": 495.34290751851097,
    "r2_test": 0.8783263141645701
}