{
    "dataset": "557_analcatdata_apnea1",
    "algorithm": "AdaBoostRegressor",
    "params": {
        "base_estimator": null,
        "learning_rate": 1.0,
        "loss": "linear",
        "n_estimators": 100,
        "random_state": 860
    },
    "random_state": 860,
    "process_time": 29.812610268999997,
    "time_time": 32.73967242240906,
    "target_noise": 0.0,
    "feature_noise": 0.0,
    "model_size": 1380,
    "symbolic_model": "not implemented",
    "mse_train": 1072879.4087581083,
    "mae_train": 351.4788676238052,
    "r2_train": 0.8933164132712719,
    "mse_test": 291632.29012148443,
    "mae_test": 275.43162492005456,
    "r2_test": 0.9719041749901102
}