{
    "dataset": "557_analcatdata_apnea1",
    "algorithm": "AdaBoostRegressor",
    "params": {
        "base_estimator": null,
        "learning_rate": 0.01,
        "loss": "linear",
        "n_estimators": 1000,
        "random_state": 23654
    },
    "random_state": 23654,
    "process_time": 37.278094473,
    "time_time": 42.12603688240051,
    "target_noise": 0.0,
    "feature_noise": 0.0,
    "model_size": 14996,
    "symbolic_model": "not implemented",
    "mse_train": 935608.9727873717,
    "mae_train": 354.4074979991632,
    "r2_train": 0.9197089407042284,
    "mse_test": 666048.7862116619,
    "mae_test": 338.1937428526393,
    "r2_test": 0.8794754324281281
}