{
    "dataset": "228_elusage",
    "algorithm": "LassoLars",
    "params": {
        "alpha": 0.01,
        "copy_X": true,
        "eps": 2.220446049250313e-16,
        "fit_intercept": true,
        "fit_path": true,
        "jitter": null,
        "max_iter": 500,
        "normalize": true,
        "positive": false,
        "precompute": "auto",
        "random_state": 860,
        "verbose": false
    },
    "random_state": 860,
    "process_time": 0.07579372900000014,
    "time_time": 0.20602726936340332,
    "target_noise": 0.0,
    "feature_noise": 0.0,
    "model_size": 2,
    "symbolic_model": "not implemented",
    "mse_train": 143.3197872054391,
    "mae_train": 9.28144573087516,
    "r2_train": 0.7761440778626585,
    "mse_test": 78.81318253753433,
    "mae_test": 7.517359467385858,
    "r2_test": 0.7664185682144001
}