{
    "dataset": "228_elusage",
    "algorithm": "LassoLars",
    "params": {
        "alpha": 0.001,
        "copy_X": true,
        "eps": 2.220446049250313e-16,
        "fit_intercept": true,
        "fit_path": true,
        "jitter": null,
        "max_iter": 500,
        "normalize": true,
        "positive": false,
        "precompute": "auto",
        "random_state": 21962,
        "verbose": false
    },
    "random_state": 21962,
    "process_time": 0.08036164300000004,
    "time_time": 0.24412250518798828,
    "target_noise": 0.0,
    "feature_noise": 0.0,
    "model_size": 2,
    "symbolic_model": "not implemented",
    "mse_train": 136.07664502029306,
    "mae_train": 9.517093356260974,
    "r2_train": 0.7554235963680822,
    "mse_test": 90.76606002510529,
    "mae_test": 7.248464543786035,
    "r2_test": 0.8421270238389527
}