{
    "dataset": "228_elusage",
    "algorithm": "LassoLars",
    "params": {
        "alpha": 0.01,
        "copy_X": true,
        "eps": 2.220446049250313e-16,
        "fit_intercept": true,
        "fit_path": true,
        "jitter": null,
        "max_iter": 500,
        "normalize": true,
        "positive": false,
        "precompute": "auto",
        "random_state": 28020,
        "verbose": false
    },
    "random_state": 28020,
    "process_time": 0.07915407399999985,
    "time_time": 0.2517991065979004,
    "target_noise": 0.0,
    "feature_noise": 0.0,
    "model_size": 2,
    "symbolic_model": "not implemented",
    "mse_train": 126.63674142796256,
    "mae_train": 8.557679408030136,
    "r2_train": 0.7791163026994387,
    "mse_test": 123.73545815772692,
    "mae_test": 9.570209685955259,
    "r2_test": 0.7726770540040503
}