{
    "dataset": "228_elusage",
    "algorithm": "LassoLars",
    "params": {
        "alpha": 0.0001,
        "copy_X": true,
        "eps": 2.220446049250313e-16,
        "fit_intercept": true,
        "fit_path": true,
        "jitter": null,
        "max_iter": 500,
        "normalize": true,
        "positive": false,
        "precompute": "auto",
        "random_state": 29910,
        "verbose": false
    },
    "random_state": 29910,
    "process_time": 0.07383580500000009,
    "time_time": 0.28427982330322266,
    "target_noise": 0.0,
    "feature_noise": 0.0,
    "model_size": 2,
    "symbolic_model": "not implemented",
    "mse_train": 123.95367974563617,
    "mae_train": 8.963000977326553,
    "r2_train": 0.7899485160054169,
    "mse_test": 131.88135874152644,
    "mae_test": 8.665327265623754,
    "r2_test": 0.7214227876131896
}