{
    "dataset": "228_elusage",
    "algorithm": "LassoLars",
    "params": {
        "alpha": 0.001,
        "copy_X": true,
        "eps": 2.220446049250313e-16,
        "fit_intercept": true,
        "fit_path": true,
        "jitter": null,
        "max_iter": 500,
        "normalize": true,
        "positive": false,
        "precompute": "auto",
        "random_state": 4426,
        "verbose": false
    },
    "random_state": 4426,
    "process_time": 0.07532680699999994,
    "time_time": 0.34207820892333984,
    "target_noise": 0.0,
    "feature_noise": 0.0,
    "model_size": 2,
    "symbolic_model": "not implemented",
    "mse_train": 107.55923094976812,
    "mae_train": 7.933593760440399,
    "r2_train": 0.7807721479372631,
    "mse_test": 178.04414413945986,
    "mae_test": 11.254819660014608,
    "r2_test": 0.7700219903006285
}