{
    "dataset": "228_elusage",
    "algorithm": "LassoLars",
    "params": {
        "alpha": 0.001,
        "copy_X": true,
        "eps": 2.220446049250313e-16,
        "fit_intercept": true,
        "fit_path": true,
        "jitter": null,
        "max_iter": 500,
        "normalize": true,
        "positive": false,
        "precompute": "auto",
        "random_state": 14423,
        "verbose": false
    },
    "random_state": 14423,
    "process_time": 0.07467688999999988,
    "time_time": 0.2223830223083496,
    "target_noise": 0.0,
    "feature_noise": 0.0,
    "model_size": 2,
    "symbolic_model": "not implemented",
    "mse_train": 102.24796787861565,
    "mae_train": 7.492046517273066,
    "r2_train": 0.7637867313645108,
    "mse_test": 225.67531905811796,
    "mae_test": 12.743899168027939,
    "r2_test": 0.688479702292188
}