{
    "dataset": "228_elusage",
    "algorithm": "LassoLars",
    "params": {
        "alpha": 0.01,
        "copy_X": true,
        "eps": 2.220446049250313e-16,
        "fit_intercept": true,
        "fit_path": true,
        "jitter": null,
        "max_iter": 500,
        "normalize": true,
        "positive": false,
        "precompute": "auto",
        "random_state": 16850,
        "verbose": false
    },
    "random_state": 16850,
    "process_time": 0.08667861200000004,
    "time_time": 0.28693127632141113,
    "target_noise": 0.0,
    "feature_noise": 0.0,
    "model_size": 2,
    "symbolic_model": "not implemented",
    "mse_train": 126.62489502774113,
    "mae_train": 8.506170914367702,
    "r2_train": 0.7618658489483843,
    "mse_test": 137.74348456261947,
    "mae_test": 9.578314874070944,
    "r2_test": 0.7931409206476128
}