{
    "dataset": "192_vineyard",
    "algorithm": "FFXRegressor",
    "params": {},
    "random_state": 21962,
    "process_time": 53.413326211,
    "time_time": 76.36381101608276,
    "target_noise": 0.0,
    "feature_noise": 0.0,
    "model_size": 581,
    "symbolic_model": "-1.22 + 24.9*max(0,X1+0.333) * max(0,-0.942-X0) - 8.79*max(0,X0-0.937) * max(0,X0-1.41) + 6.03*abs(X1) - 5.42*max(0,X1-0.267) - 5.09*max(0,-0.942-X0) - 5.06*max(0,-1.53-X1) - 5.01*max(0,X1+0.333) - 4.46*max(0,-0.333-X1) - 4.42*abs(X1) * max(0,X0-0.467) - 4.40*max(0,-0.932-X1) * max(0,-0.942-X0) + 4.12*max(0,-0.932-X1) + 4.06*max(0,-2.13-X1) + 3.26*max(0,X0-0.937) - 3.10*max(0,-0.473-X0) * max(0,-0.932-X1) + 3.00*abs(X1) * max(0,X0-1.41) + 2.76*X0 + 2.56*max(0,X1+0.333) * max(0,X0-1.41) - 1.95*max(0,0.267-X1) - 1.93*X0 * max(0,-0.942-X0) + 1.91*max(0,-1.53-X1) * max(0,-0.942-X0) + 1.86*max(0,-0.00278-X0) + 1.83*max(0,X1+0.333) * max(0,X0-0.467) - 1.76*max(0,X0-1.41) + 1.58*max(0,-0.333-X1) * max(0,-0.942-X0) + 1.56*max(0,X1+0.932) + 1.48*abs(X1) * max(0,X1+0.333) - 1.25*X0^2 - 1.15*max(0,-0.473-X0) * max(0,X1+0.333) - 1.09*max(0,0.467-X0) + 1.07*abs(X1) * max(0,-0.942-X0) - 1.06*max(0,X1-0.866) + 1.06*max(0,1.41-X0) + 0.936*max(0,-0.473-X0) * max(0,-0.333-X1) + 0.897*max(0,-0.932-X1) * max(0,-0.333-X1) + 0.856*X0 * max(0,X0-0.937) + 0.832*abs(X1) * max(0,X0-0.937) + 0.781*X0 * max(0,X0-1.41) + 0.729*X1 + 0.635*X0 * max(0,-0.932-X1) - 0.589*max(0,-0.473-X0) * max(0,-0.942-X0) - 0.508*max(0,-0.473-X0) * X0 + 0.497*max(0,X0+0.00278) + 0.464*abs(X0) - 0.431*max(0,X1+2.13) + 0.407*max(0,X1+1.53) - 0.401*max(0,X0+0.473) + 0.358*max(0,0.937-X0) + 0.346*max(0,-0.473-X0) * abs(X1) - 0.324*X0 * max(0,X1+0.333) - 0.263*X0 * abs(X1) - 0.244*abs(X1) * max(0,-0.333-X1) + 0.242*max(0,-0.473-X0) - 0.229*max(0,X0-0.937) * max(0,X0-0.467) - 0.193*max(0,X0+0.942) + 0.178*max(0,X0-0.467) + 0.121*X0 * max(0,X0-0.467) - 0.114*max(0,X0-0.937) * max(0,X1+0.333) + 0.109*max(0,-1.53-X1) * max(0,-0.333-X1) - 0.100*X1^2 + 0.0923*X0 * max(0,-0.333-X1) + 0.0624*max(0,X0-0.467) * max(0,X0-1.41) - 0.0272*abs(X1) * max(0,-0.932-X1) - 0.0172*max(0,0.866-X1) - 0.0138*max(0,-1.53-X1) * X0 + 0.0106*max(0,-1.53-X1) * abs(X1) + 0.00345*max(0,-1.53-X1) * max(0,-0.932-X1)",
    "mse_train": 1.1200548623249362,
    "mae_train": 0.7421683570998473,
    "r2_train": 0.950749383628562,
    "mse_test": 171.3947144457158,
    "mae_test": 6.715666846683683,
    "r2_test": -26.533941769321267
}