{
    "dataset": "192_vineyard",
    "algorithm": "FFXRegressor",
    "params": {},
    "random_state": 28020,
    "process_time": 47.779593772,
    "time_time": 87.34630131721497,
    "target_noise": 0.0,
    "feature_noise": 0.0,
    "model_size": 372,
    "symbolic_model": "0.0916 + 26.2*max(0,X0-1.22) - 11.2*max(0,X0-0.275) * max(0,X0-1.22) + 7.03*max(0,-1.97-X1) * max(0,-1.35-X1) - 6.35*abs(X1) * max(0,-1.15-X0) - 5.57*max(0,X0-0.750) * max(0,X0-0.275) - 4.65*max(0,-0.735-X1) * max(0,-1.15-X0) - 4.30*max(0,-1.35-X1) - 2.97*max(0,-1.15-X0) + 2.63*max(0,-0.735-X1) + 2.32*abs(X1) * max(0,-0.735-X1) + 2.31*X0^2 + 1.83*abs(X0) * max(0,-1.35-X1) - 1.69*max(0,-1.15-X0) * max(0,-1.35-X1) - 1.68*abs(X0) * max(0,-0.735-X1) + 1.36*X0 - 1.28*max(0,X0-0.275) + 1.27*abs(X1) * max(0,-1.97-X1) + 1.27*max(0,-1.97-X1) + 0.995*max(0,X1-0.499) - 0.895*abs(X0) + 0.734*max(0,1.22-X0) - 0.687*abs(X1) * max(0,X0-1.22) - 0.682*max(0,-0.735-X1) * max(0,-1.35-X1) - 0.673*max(0,0.275-X0) - 0.670*abs(X1) * max(0,-1.35-X1) - 0.567*abs(X0) * max(0,X0-0.275) - 0.545*abs(X1) * abs(X0) - 0.479*max(0,-0.118-X1) + 0.403*max(0,X0-0.750) * abs(X0) - 0.358*abs(X0) * max(0,X0-1.22) - 0.316*max(0,0.750-X0) + 0.314*max(0,X0-0.750) * max(0,X0-1.22) - 0.292*abs(X1) + 0.280*abs(X0) * max(0,-1.15-X0) + 0.239*max(0,X1-1.12) - 0.222*max(0,X1+0.735) - 0.0971*max(0,X0-0.750) - 0.0758*abs(X1) * max(0,X0-0.275) + 0.0644*max(0,X0+1.15) + 0.0378*max(0,-1.97-X1) * max(0,-1.15-X0) + 1.57e-5*max(0,-1.97-X1) * max(0,-0.735-X1) + 1.55e-8*max(0,-1.97-X1) * abs(X0)",
    "mse_train": 2.197092543382784,
    "mae_train": 1.1380136468436335,
    "r2_train": 0.8862528418773541,
    "mse_test": 246.15983898530658,
    "mae_test": 7.5205328655648165,
    "r2_test": -13.290969697188872
}