{
    "dataset": "192_vineyard",
    "algorithm": "FFXRegressor",
    "params": {},
    "random_state": 23654,
    "process_time": 40.513329183,
    "time_time": 34.156758308410645,
    "target_noise": 0.0,
    "feature_noise": 0.0,
    "model_size": 647,
    "symbolic_model": "-5.55 + 9.47*max(0,-0.870-X0) - 8.42*max(0,-1.39-X1) + 7.46*max(0,0.785-X0) * max(0,X0-0.233) + 7.37*max(0,-0.318-X0) + 6.03*abs(X1) - 5.48*max(0,X1+0.0914) - 5.05*max(0,-0.0914-X1) - 5.00*max(0,-0.742-X1) * abs(X0) + 5.00*max(0,-0.742-X1) * X0 - 4.53*max(0,0.233-X0) - 4.10*max(0,0.785-X0) * max(0,X1+0.0914) - 3.92*max(0,X0-1.89) - 3.67*abs(X0) * max(0,X1+0.0914) + 3.13*max(0,X0-0.233) * max(0,X1+0.0914) - 2.94*max(0,-0.318-X0) * max(0,-0.0914-X1) + 2.85*max(0,-0.742-X1) * abs(X1) + 2.80*max(0,0.233-X0) * max(0,X1+0.0914) + 2.78*max(0,-0.742-X1) * max(0,-0.0914-X1) - 2.70*max(0,-2.04-X1) - 2.63*X1 * max(0,-0.742-X1) + 2.36*max(0,0.233-X0) * X0 + 2.27*abs(X0) * max(0,X0-0.233) + 2.15*max(0,0.785-X0) - 2.15*max(0,0.785-X0) * max(0,-0.0914-X1) + 2.14*max(0,-0.318-X0) * max(0,X1+0.0914) - 2.12*X0^2 + 1.98*max(0,-0.742-X1) * max(0,0.233-X0) + 1.91*max(0,X0+0.318) - 1.89*max(0,-0.742-X1) * max(0,-0.318-X0) + 1.86*max(0,X1-0.559) + 1.73*max(0,0.233-X0) * abs(X1) - 1.68*max(0,-0.318-X0) * abs(X0) + 1.66*X1 * max(0,X0-0.233) + 1.64*max(0,0.233-X0) * max(0,-0.0914-X1) + 1.57*X1 + 1.53*X1 * max(0,-0.318-X0) + 1.50*max(0,-0.318-X0) * X0 + 1.44*max(0,1.89-X0) + 1.39*max(0,-0.318-X0) * abs(X1) - 1.28*abs(X1) * abs(X0) + 1.28*max(0,0.785-X0) * abs(X0) + 1.26*max(0,X1+0.742) + 1.16*abs(X1) * max(0,X0-0.233) - 0.923*X0 * abs(X1) + 0.912*max(0,0.785-X0) * X0 - 0.908*X1 * max(0,0.233-X0) + 0.900*max(0,1.21-X1) + 0.897*max(0,0.785-X0) * abs(X1) - 0.871*max(0,-0.742-X1) + 0.854*max(0,X0-0.233) + 0.782*max(0,0.785-X0) * max(0,-0.318-X0) - 0.768*max(0,0.559-X1) - 0.749*X1 * X0 - 0.737*X1^2 - 0.729*X1 * abs(X0) + 0.666*max(0,X1-1.21) + 0.660*max(0,X0-0.785) - 0.639*abs(X0) * max(0,-0.0914-X1) - 0.632*max(0,X0-1.34) + 0.528*abs(X1) * max(0,-0.0914-X1) + 0.457*abs(X0) - 0.394*X0 - 0.343*abs(X1) * max(0,X1+0.0914) + 0.201*X1 * abs(X1) + 0.190*max(0,1.34-X0) + 0.182*max(0,X1+2.04) + 0.176*X0 * abs(X0) - 0.160*X1 * max(0,-0.0914-X1) - 0.103*max(0,0.233-X0) * abs(X0) + 0.0987*X0 * max(0,X0-0.233) + 0.0802*max(0,0.233-X0) * max(0,-0.318-X0) - 0.0484*X0 * max(0,X1+0.0914) - 0.0384*X0 * max(0,-0.0914-X1) - 0.0264*max(0,X0+0.870) - 0.0251*X1 * max(0,X1+0.0914)",
    "mse_train": 1.4669185272820346,
    "mae_train": 0.8889963687472795,
    "r2_train": 0.9142380427430822,
    "mse_test": 21.17753982590311,
    "mae_test": 3.6047887001596264,
    "r2_test": 0.13173114250906703
}