{
    "dataset": "192_vineyard",
    "algorithm": "FFXRegressor",
    "params": {},
    "random_state": 5390,
    "process_time": 58.420481943,
    "time_time": 70.97420167922974,
    "target_noise": 0.0,
    "feature_noise": 0.0,
    "model_size": 465,
    "symbolic_model": "0.190 - 59.8*max(0,X1-0.178) * max(0,-0.888-X0) - 54.8*max(0,X1-0.178) * max(0,X0-1.71) - 20.8*max(0,-2.29-X1) * max(0,-1.67-X1) - 20.3*max(0,-1.05-X1) * max(0,-0.888-X0) + 19.8*max(0,-2.29-X1) - 11.0*max(0,X1-0.178) * max(0,X0-1.19) + 10.8*max(0,-0.888-X0) * max(0,-2.29-X1) + 10.6*max(0,-0.369-X0) * max(0,-2.29-X1) + 10.6*max(0,X1-0.178) * max(0,X0-0.671) + 9.06*max(0,-0.369-X0) - 8.97*X0 * max(0,-2.29-X1) + 7.97*max(0,X0-1.19) * max(0,X0-1.71) + 7.06*X0 * max(0,-0.369-X0) + 6.61*X0 * max(0,-1.67-X1) + 6.51*max(0,-0.888-X0) - 6.49*max(0,-0.888-X0) * max(0,-1.67-X1) - 6.37*max(0,-0.369-X0) * max(0,-1.67-X1) - 5.87*max(0,X1-0.794) + 5.01*max(0,X0-1.19) + 4.47*max(0,-1.05-X1) * max(0,-2.29-X1) - 3.89*max(0,X0-0.671) - 3.77*max(0,X1-0.178) * X0 + 3.48*max(0,X0-1.71) - 3.37*max(0,X1+0.438) + 3.23*max(0,-0.369-X0) * max(0,-0.888-X0) + 3.09*X1^2 - 2.97*max(0,-1.05-X1) * X0 - 2.81*max(0,X1-0.178) + 2.21*max(0,X1+1.05) + 1.91*X0 * max(0,X0-0.671) - 1.89*max(0,-0.438-X1) + 1.50*max(0,-1.05-X1) * max(0,-1.67-X1) + 1.32*X1 - 1.20*max(0,0.151-X0) - 1.15*max(0,X0+0.888) + 1.15*X0 - 1.05*X0^2 + 1.03*max(0,X0+0.369) - 0.887*max(0,0.671-X0) - 0.885*max(0,X0-0.671) * max(0,X0-1.19) + 0.872*max(0,-1.05-X1) * max(0,-0.369-X0) + 0.780*X0 * max(0,X0-1.71) + 0.745*X0 * max(0,X0-1.19) + 0.621*max(0,1.19-X0) + 0.610*max(0,X0-0.151) - 0.544*max(0,-1.67-X1) - 0.375*max(0,0.178-X1) + 0.321*max(0,X0-0.671) * max(0,X0-1.71) + 0.298*max(0,-1.05-X1) + 0.258*X0 * max(0,-0.888-X0) + 0.0745*max(0,X1+1.67) - 0.00166*max(0,X1-0.178) * max(0,-0.369-X0)",
    "mse_train": 1.2423237969124032,
    "mae_train": 0.8388679691027937,
    "r2_train": 0.9427791810098035,
    "mse_test": 23.72574361023635,
    "mae_test": 3.958229635188139,
    "r2_test": -1.235033818355598
}