{
    "dataset": "192_vineyard",
    "algorithm": "FFXRegressor",
    "params": {},
    "random_state": 16850,
    "process_time": 53.735780739999996,
    "time_time": 83.4304039478302,
    "target_noise": 0.0,
    "feature_noise": 0.0,
    "model_size": 358,
    "symbolic_model": "0.145 + 93.1*max(0,X1-0.979) * max(0,-0.247-X0) + 77.5*max(0,-1.22-X0) * max(0,-1.26-X1) - 44.6*max(0,-1.22-X0) * max(0,-0.697-X1) - 30.1*max(0,-1.22-X0) * max(0,-1.81-X1) + 21.4*max(0,X0-1.21) + 19.7*max(0,-0.247-X0) * max(0,-1.22-X0) - 12.2*max(0,X0-0.723) * max(0,X0-1.21) - 10.5*max(0,-1.22-X0) - 8.00*max(0,-0.247-X0) * max(0,-1.81-X1) - 5.91*max(0,X0-0.723) + 4.48*max(0,-1.26-X1) + 3.86*max(0,-0.247-X0) * max(0,-0.697-X1) - 3.84*max(0,-0.697-X1) + 2.81*max(0,0.723-X0) * max(0,-1.81-X1) - 1.91*max(0,X1-0.979) * max(0,X0-0.723) - 1.84*max(0,-1.81-X1) * max(0,-1.26-X1) - 1.41*max(0,0.723-X0) * max(0,-0.697-X1) + 1.34*max(0,-0.138-X1) + 1.31*max(0,X1-0.979) - 1.23*max(0,0.723-X0) * max(0,-1.22-X0) - 1.17*max(0,0.723-X0) + 1.17*max(0,0.238-X0) + 1.15*max(0,X0+0.247) + 1.12*max(0,-1.81-X1) - 1.04*max(0,0.723-X0) * max(0,-1.26-X1) - 0.839*max(0,X1-0.979) * max(0,X0-1.21) + 0.790*max(0,-0.247-X0) - 0.643*max(0,-0.732-X0) - 0.625*max(0,0.723-X0) * max(0,-0.247-X0) + 0.398*max(0,-0.697-X1) * max(0,-1.26-X1) - 0.353*max(0,X1-0.420) - 0.320*max(0,-0.247-X0) * max(0,-1.26-X1) + 0.205*max(0,X0+0.732) + 0.189*max(0,0.420-X1) - 0.149*X0 - 0.0589*X0^2 + 0.0383*max(0,X1+0.697) - 0.00372*max(0,-1.81-X1) * max(0,-0.697-X1)",
    "mse_train": 1.866355395483178,
    "mae_train": 1.0366905268990139,
    "r2_train": 0.8454147326746038,
    "mse_test": 128.7314405635054,
    "mae_test": 6.918929102494582,
    "r2_test": -2.8406944046663276
}