{
    "dataset": "192_vineyard",
    "algorithm": "FFXRegressor",
    "params": {},
    "random_state": 29910,
    "process_time": 58.933524901000006,
    "time_time": 104.37967109680176,
    "target_noise": 0.0,
    "feature_noise": 0.0,
    "model_size": 557,
    "symbolic_model": "-2.35 - 60.4*max(0,X1-0.850) * max(0,X0-1.29) + 26.7*max(0,-1.11-X0) * max(0,X1+0.349) + 24.5*max(0,X1+0.349) * max(0,X0-1.29) - 20.4*abs(X0) * max(0,X0-1.29) + 14.8*abs(X1) * max(0,X0-1.29) + 14.2*max(0,X1-0.850) * max(0,X0-0.808) - 12.0*max(0,-1.11-X0) + 11.5*max(0,X0-1.29) + 11.3*max(0,X0-0.808) * max(0,X0-1.29) - 8.53*abs(X1) * max(0,X0-0.808) - 7.64*max(0,X1-0.850) - 7.11*max(0,X1-0.850) * max(0,-0.152-X0) - 6.70*max(0,X0+0.152) * abs(X1) - 6.30*max(0,X1-0.250) - 6.24*max(0,X1+0.349) - 4.58*max(0,-1.11-X0) * max(0,-0.949-X1) - 4.49*abs(X0) - 4.41*max(0,X0+0.152) * max(0,X0-1.29) - 4.18*max(0,-1.55-X1) - 4.08*max(0,-0.349-X1) + 3.93*max(0,X0-0.808) + 3.72*max(0,-0.152-X0) + 3.63*abs(X0) * max(0,X1+0.349) + 3.53*max(0,-2.15-X1) + 3.51*max(0,-1.11-X0) * max(0,-0.152-X0) - 3.29*max(0,X1+0.349) * max(0,-0.152-X0) + 3.22*abs(X1) * max(0,X1+0.349) + 3.07*max(0,X0+0.152) * max(0,X1+0.349) + 2.91*max(0,X1+0.949) + 2.85*abs(X1) + 2.60*max(0,-0.949-X1) - 2.46*max(0,-0.632-X0) - 2.37*max(0,X0-0.328) + 2.07*X1^2 - 1.97*abs(X0) * max(0,X0-0.808) + 1.94*max(0,X0+0.152) * abs(X0) + 1.90*max(0,X0+0.152) - 1.72*max(0,X0+0.152) * max(0,X0-0.808) - 1.52*max(0,0.250-X1) + 1.40*max(0,-1.11-X0) * abs(X0) - 1.38*max(0,X1+0.349) * max(0,X0-0.808) + 1.33*abs(X1) * max(0,-0.152-X0) + 1.25*max(0,0.850-X1) - 1.24*max(0,-0.152-X0) * max(0,-0.349-X1) - 1.09*max(0,-0.949-X1) * max(0,-0.349-X1) + 1.08*X0^2 + 1.03*max(0,-1.11-X0) * abs(X1) - 0.931*abs(X1) * max(0,-0.949-X1) - 0.831*max(0,0.808-X0) - 0.673*abs(X0) * max(0,-0.949-X1) + 0.638*max(0,X1+2.15) + 0.612*X1 + 0.543*abs(X0) * max(0,-0.349-X1) + 0.540*max(0,-1.11-X0) * max(0,-0.349-X1) - 0.420*max(0,X0+0.632) - 0.378*X0 + 0.270*max(0,-0.949-X1) * max(0,-0.152-X0) - 0.261*max(0,0.328-X0) + 0.225*max(0,1.29-X0) + 0.170*abs(X0) * abs(X1) - 0.0814*abs(X1) * max(0,-0.349-X1) + 0.0474*abs(X0) * max(0,-0.152-X0)",
    "mse_train": 1.1727271738889746,
    "mae_train": 0.742196385143454,
    "r2_train": 0.944891695945466,
    "mse_test": 217.5343128357283,
    "mae_test": 6.477777751845961,
    "r2_test": -17.253872328320796
}