{
    "dataset": "192_vineyard",
    "algorithm": "FFXRegressor",
    "params": {},
    "random_state": 4426,
    "process_time": 56.918615672,
    "time_time": 63.55432653427124,
    "target_noise": 0.0,
    "feature_noise": 0.0,
    "model_size": 535,
    "symbolic_model": "2.68 - 202*max(0,X1-1.12) * max(0,X0-1.25) - 39.2*X1 * max(0,X0-1.78) + 28.7*X1 * max(0,X0-1.25) + 26.1*max(0,X0-1.78) * max(0,X0-1.25) + 22.8*max(0,X0-1.78) - 22.0*max(0,X0-0.716) * max(0,X0-1.25) + 18.0*max(0,-0.874-X0) * max(0,X1+0.160) + 14.5*abs(X1) * max(0,X0-1.25) + 13.2*max(0,X1-1.12) * max(0,X0-0.716) + 11.0*max(0,X1+0.160) * max(0,X0-1.25) - 9.40*abs(X1) * max(0,X0-1.78) + 9.28*max(0,X0-0.716) * max(0,X1+0.160) - 7.56*abs(X1) * max(0,X0-0.716) - 6.60*max(0,X0-1.25) - 6.56*X1 * max(0,X0-0.716) - 4.42*max(0,-1.44-X1) - 3.98*max(0,X1+0.160) - 3.97*max(0,-0.874-X0) * max(0,-0.802-X1) - 2.93*max(0,X1-0.482) - 2.89*max(0,-0.160-X1) - 2.88*max(0,X0-0.716) - 2.10*max(0,X1-1.12) * max(0,X1+0.160) + 1.85*X1 * max(0,X1+0.160) - 1.68*max(0,0.186-X0) + 1.62*max(0,X1+0.802) + 1.49*abs(X1) - 1.48*max(0,X1-1.12) * abs(X1) - 1.32*max(0,0.716-X0) - 1.29*max(0,-0.874-X0) + 1.24*X0^2 - 1.22*max(0,X0+0.874) + 1.12*max(0,-2.09-X1) - 1.07*X1 * max(0,-0.802-X1) - 0.911*max(0,-0.344-X0) + 0.846*abs(X0) + 0.841*X1^2 + 0.828*max(0,X1-1.12) + 0.815*max(0,1.25-X0) - 0.746*max(0,X0+0.344) - 0.744*abs(X1) * max(0,-0.160-X1) - 0.642*max(0,X1+2.09) - 0.587*max(0,1.78-X0) + 0.583*max(0,-0.802-X1) * max(0,-0.160-X1) + 0.566*max(0,0.482-X1) + 0.531*X0 - 0.402*max(0,-0.874-X0) * max(0,-0.160-X1) + 0.381*X1 + 0.276*max(0,1.12-X1) - 0.270*max(0,-1.44-X1) * max(0,-0.874-X0) + 0.236*max(0,-1.44-X1) * max(0,-0.160-X1) + 0.164*max(0,-0.802-X1) + 0.157*max(0,-0.874-X0) * abs(X1) + 0.0704*X1 * abs(X1) + 0.0654*max(0,X1+1.44) - 0.0556*max(0,-1.44-X1) * max(0,-0.802-X1) - 0.0556*X1 * max(0,-0.160-X1) + 0.0327*max(0,-0.802-X1) * abs(X1) + 0.0288*abs(X1) * max(0,X1+0.160) + 0.00814*max(0,-1.44-X1) * abs(X1) + 0.00493*max(0,X0-1.78) * max(0,X1+0.160) + 1.65e-7*max(0,X0-1.78) * max(0,X0-0.716)",
    "mse_train": 2.00148977605984,
    "mae_train": 1.075331566378281,
    "r2_train": 0.9004116672592042,
    "mse_test": 6.872874671461388,
    "mae_test": 2.096454701861968,
    "r2_test": 0.5380728496810601
}