{
    "dataset": "192_vineyard",
    "algorithm": "FFXRegressor",
    "params": {},
    "random_state": 860,
    "process_time": 39.97932135400001,
    "time_time": 84.56598401069641,
    "target_noise": 0.0,
    "feature_noise": 0.0,
    "model_size": 365,
    "symbolic_model": "-0.243 - 16.2*max(0,X1-1.15) * max(0,X0-1.25) - 15.8*max(0,X0-1.77) + 10.2*max(0,-0.745-X1) * max(0,-0.824-X0) - 10.0*max(0,-0.115-X1) * max(0,-0.824-X0) + 9.89*max(0,X0-0.213) * max(0,X0-1.77) + 9.83*max(0,X0-1.25) - 7.77*max(0,X0-1.77) * max(0,X0-1.25) - 5.94*max(0,X0-0.213) * max(0,X0-1.25) - 5.12*max(0,X0-0.732) - 4.77*max(0,-1.38-X1) - 4.53*max(0,X0-0.213) - 4.04*max(0,0.213-X0) * max(0,-0.306-X0) - 3.95*max(0,-0.745-X1) * max(0,-1.38-X1) + 3.63*X0^2 + 3.52*max(0,-0.115-X1) * max(0,-1.38-X1) + 2.87*max(0,-0.306-X0) * max(0,-0.824-X0) + 2.72*max(0,-0.824-X0) - 2.72*max(0,-2.01-X1) - 1.56*max(0,0.213-X0) - 1.39*max(0,-0.115-X1) - 1.22*max(0,X1-1.15) + 1.20*max(0,X1-0.515) + 1.19*max(0,-0.115-X1) * max(0,-0.306-X0) + 1.19*X0 + 1.10*max(0,X0+0.306) + 1.07*max(0,1.25-X0) - 1.05*max(0,0.213-X0) * max(0,-0.824-X0) + 0.940*max(0,-1.38-X1) * max(0,-0.306-X0) + 0.736*max(0,-0.745-X1) + 0.710*max(0,-0.306-X0) + 0.664*max(0,-1.38-X1) * max(0,-0.824-X0) + 0.659*max(0,-0.115-X1) * max(0,-0.745-X1) - 0.653*max(0,-0.745-X1) * max(0,-0.306-X0) - 0.621*max(0,-0.745-X1) * max(0,0.213-X0) - 0.424*max(0,X1+0.115) + 0.323*max(0,-0.115-X1) * max(0,0.213-X0) - 0.314*max(0,X0+0.824) - 0.268*max(0,X1+0.745) + 0.266*max(0,-1.38-X1) * max(0,0.213-X0)",
    "mse_train": 2.386305790069972,
    "mae_train": 1.153194618879268,
    "r2_train": 0.889732315387762,
    "mse_test": 5.491782233081671,
    "mae_test": 1.954636456959772,
    "r2_test": 0.4889255520975757
}