{
    "dataset": "192_vineyard",
    "algorithm": "FFXRegressor",
    "params": {},
    "random_state": 14423,
    "process_time": 61.161499499,
    "time_time": 71.11336731910706,
    "target_noise": 0.0,
    "feature_noise": 0.0,
    "model_size": 543,
    "symbolic_model": "3.57 - 383*max(0,0.396-X1) * max(0,X0-1.53) + 43.5*max(0,0.396-X1) * max(0,X0-0.946) - 6.93*max(0,-0.173-X1) * max(0,-1.31-X1) + 6.24*max(0,X0-1.53) + 5.69*max(0,X1-0.965) * max(0,X0-1.53) - 4.57*max(0,-0.173-X1) - 4.26*max(0,-0.811-X0) + 4.23*max(0,-0.173-X1) * max(0,-0.741-X1) - 3.83*max(0,X0-0.946) * max(0,X0-1.53) - 3.69*max(0,X1+0.173) - 3.30*max(0,-0.225-X0) + 3.29*max(0,-1.31-X1) * max(0,-0.741-X1) - 3.29*max(0,0.396-X1) * max(0,-1.31-X1) - 2.77*max(0,-0.741-X1) - 2.75*max(0,X0-0.361) - 2.73*X0 * max(0,X1-0.965) + 2.34*X0 * max(0,X0-2.12) + 2.33*max(0,-1.31-X1) + 2.29*abs(X1) + 2.18*max(0,X1-1.53) - 2.13*X0 * max(0,-1.31-X1) + 1.91*abs(X0) + 1.80*abs(X0) * max(0,-1.31-X1) + 1.70*max(0,X1-0.965) * max(0,X0-0.946) - 1.55*abs(X0) * max(0,-0.741-X1) - 1.32*max(0,X1-0.965) + 1.29*X0^2 + 1.25*max(0,X1-0.396) * max(0,X0-1.53) - 1.13*max(0,1.53-X0) + 1.08*X0 * max(0,-0.741-X1) + 1.01*max(0,0.396-X1) * max(0,-0.741-X1) - 0.845*max(0,0.361-X0) + 0.793*abs(X0) * max(0,X0-2.12) - 0.737*abs(X0) * X0 - 0.702*max(0,0.965-X1) - 0.653*max(0,X0+0.811) + 0.648*X1^2 + 0.625*max(0,X1-0.965) * max(0,X1-0.396) - 0.614*X0 * max(0,X0-0.946) + 0.603*max(0,X1-0.396) - 0.565*max(0,X0-2.12) + 0.500*abs(X0) * max(0,-0.173-X1) + 0.468*max(0,0.396-X1) + 0.453*max(0,X1+0.741) - 0.426*X0 * max(0,X1-0.396) - 0.413*X0 * max(0,-0.173-X1) + 0.375*abs(X0) * max(0,X1-0.396) - 0.338*max(0,X1-0.396) * max(0,X0-0.946) - 0.326*abs(X0) * max(0,X0-0.946) - 0.294*max(0,X0+0.225) - 0.226*X0 - 0.138*X0 * max(0,X0-1.53) - 0.137*max(0,0.946-X0) - 0.108*X1 + 0.108*max(0,X0-2.12) * max(0,X0-1.53) - 0.0935*max(0,2.12-X0) - 0.0683*max(0,X0-0.946) + 0.0448*abs(X0) * max(0,X0-1.53) + 0.00749*max(0,1.53-X1) - 0.00610*abs(X0) * max(0,X1-0.965) + 1.58e-5*max(0,X0-2.12) * max(0,X0-0.946) + 1.46e-8*max(0,X0-2.12) * max(0,X1-0.396)",
    "mse_train": 1.0274602182096737,
    "mae_train": 0.6631662889218558,
    "r2_train": 0.9330175735331999,
    "mse_test": 23.91208621537265,
    "mae_test": 4.1323424756242995,
    "r2_test": 0.18253412149327852
}