{
    "dataset": "192_vineyard",
    "algorithm": "FFXRegressor",
    "params": {},
    "random_state": 15795,
    "process_time": 54.971882218,
    "time_time": 82.33915638923645,
    "target_noise": 0.0,
    "feature_noise": 0.0,
    "model_size": 602,
    "symbolic_model": "2.79 + 21.7*max(0,X1+0.0257) * max(0,-0.822-X0) - 13.3*max(0,X0-1.25) * max(0,X1+0.0257) - 10.8*max(0,X1-1.26) + 8.07*max(0,X1+0.0257) * max(0,-0.305-X0) - 7.48*max(0,X1-0.615) + 6.32*abs(X0) * max(0,X0-1.25) + 5.69*max(0,X0-1.25) + 5.65*abs(X0) * max(0,-0.822-X0) + 5.53*X1 * max(0,X0-1.25) - 5.35*max(0,X1+0.0257) + 4.43*abs(X1) * max(0,X1+0.0257) - 4.18*max(0,X0-0.730) * abs(X0) + 4.15*X1 * max(0,X0-0.730) - 3.39*max(0,-0.822-X0) * max(0,-0.305-X0) - 3.01*max(0,-0.822-X0) - 2.75*max(0,X0-1.76) - 2.73*max(0,-0.0257-X1) - 2.58*max(0,-1.31-X1) * max(0,-0.305-X0) - 2.57*abs(X0) * max(0,X1+0.0257) + 2.20*X1 * max(0,X1+0.0257) + 1.99*max(0,X0-0.730) + 1.77*abs(X0) - 1.73*max(0,-1.31-X1) - 1.72*abs(X0) * max(0,-0.305-X0) + 1.71*X1 * max(0,X0-0.213) - 1.70*X1 * max(0,-0.305-X0) - 1.67*max(0,X0-0.730) * max(0,X0-1.25) + 1.52*max(0,-0.305-X0) - 1.50*max(0,-1.31-X1) * abs(X0) + 1.35*X1^2 - 1.27*max(0,1.25-X0) - 1.23*max(0,0.213-X0) + 1.19*max(0,-1.31-X1) * max(0,-0.0257-X1) - 1.14*X1 * abs(X0) - 1.08*max(0,-1.31-X1) * max(0,-0.822-X0) - 0.940*X1 + 0.903*X1 * max(0,-0.822-X0) - 0.901*max(0,X0-0.213) - 0.886*max(0,-0.0257-X1) * max(0,-0.822-X0) - 0.847*X0^2 - 0.813*abs(X1) * max(0,-0.822-X0) + 0.750*max(0,X0-0.730) * max(0,X1+0.0257) - 0.708*max(0,0.615-X1) - 0.605*max(0,X1+0.667) - 0.592*abs(X0) * max(0,-0.0257-X1) + 0.588*max(0,X0-0.213) * abs(X0) - 0.587*X0 + 0.582*max(0,X1+1.95) + 0.562*max(0,X0-0.213) * max(0,X1+0.0257) - 0.539*max(0,X0-0.730) * max(0,X0-0.213) + 0.483*abs(X1) * max(0,-0.305-X0) + 0.423*max(0,-0.667-X1) + 0.397*max(0,-0.0257-X1) * max(0,-0.305-X0) - 0.334*abs(X1) - 0.319*max(0,X0-1.25) * abs(X1) + 0.306*max(0,-1.95-X1) - 0.267*max(0,X0-0.213) * max(0,X0-1.25) - 0.211*max(0,1.26-X1) - 0.207*max(0,0.730-X0) + 0.204*X1 * max(0,-0.0257-X1) - 0.106*abs(X0) * abs(X1) - 0.103*abs(X1) * max(0,-0.0257-X1) + 0.0923*max(0,X0+0.305) + 0.0753*max(0,X0+0.822) + 0.0725*max(0,1.76-X0) + 0.0465*max(0,X0-0.730) * abs(X1) + 0.0330*max(0,X0-0.213) * abs(X1) - 0.00229*max(0,X1+1.31) + 0.00164*X1 * abs(X1)",
    "mse_train": 1.324699022306906,
    "mae_train": 0.8229457889724259,
    "r2_train": 0.9398816287355273,
    "mse_test": 14.655285585598612,
    "mae_test": 3.1779855142556093,
    "r2_test": -0.6103662314474416
}