{
    "dataset": "663_rabe_266",
    "algorithm": "KernelRidge",
    "params": {
        "alpha": 0.0001,
        "coef0": 1,
        "degree": 3,
        "gamma": 0.1,
        "kernel": "rbf",
        "kernel_params": null
    },
    "random_state": 15795,
    "process_time": 3.0872310090000004,
    "time_time": 1.4749536514282227,
    "target_noise": 0.0,
    "feature_noise": 0.0,
    "model_size": 90,
    "symbolic_model": "not implemented",
    "mse_train": 1.0378755535837763,
    "mae_train": 0.7306524994627277,
    "r2_train": 0.9995864350902974,
    "mse_test": 2.982221819240081,
    "mae_test": 1.0952805876323206,
    "r2_test": 0.9990340029435864
}