{
    "dataset": "663_rabe_266",
    "algorithm": "KernelRidge",
    "params": {
        "alpha": 0.0001,
        "coef0": 1,
        "degree": 3,
        "gamma": 0.1,
        "kernel": "rbf",
        "kernel_params": null
    },
    "random_state": 4426,
    "process_time": 3.0718509889999996,
    "time_time": 2.770893096923828,
    "target_noise": 0.0,
    "feature_noise": 0.0,
    "model_size": 90,
    "symbolic_model": "not implemented",
    "mse_train": 1.163680764123781,
    "mae_train": 0.7992307925697888,
    "r2_train": 0.9995838787315281,
    "mse_test": 2.216450269429555,
    "mae_test": 1.085286868655688,
    "r2_test": 0.9991123057372958
}