{
    "dataset": "663_rabe_266",
    "algorithm": "KernelRidge",
    "params": {
        "alpha": 0.0001,
        "coef0": 1,
        "degree": 3,
        "gamma": 0.1,
        "kernel": "rbf",
        "kernel_params": null
    },
    "random_state": 23654,
    "process_time": 2.817374616,
    "time_time": 1.1314704418182373,
    "target_noise": 0.0,
    "feature_noise": 0.0,
    "model_size": 90,
    "symbolic_model": "not implemented",
    "mse_train": 1.1995033808996274,
    "mae_train": 0.8123638260662523,
    "r2_train": 0.9995742644175855,
    "mse_test": 2.160976180174838,
    "mae_test": 1.0183534702620818,
    "r2_test": 0.9991130696718575
}