{
    "dataset": "663_rabe_266",
    "algorithm": "KernelRidge",
    "params": {
        "alpha": 0.0001,
        "coef0": 1,
        "degree": 3,
        "gamma": 0.1,
        "kernel": "rbf",
        "kernel_params": null
    },
    "random_state": 29910,
    "process_time": 2.8175784969999995,
    "time_time": 2.3954017162323,
    "target_noise": 0.0,
    "feature_noise": 0.0,
    "model_size": 90,
    "symbolic_model": "not implemented",
    "mse_train": 1.4614302548105653,
    "mae_train": 0.8922515674480868,
    "r2_train": 0.9994900635558692,
    "mse_test": 0.9139603437905541,
    "mae_test": 0.7654857396345809,
    "r2_test": 0.9995502694840223
}