{
    "dataset": "663_rabe_266",
    "algorithm": "KernelRidge",
    "params": {
        "alpha": 0.0001,
        "coef0": 1,
        "degree": 3,
        "gamma": 0.1,
        "kernel": "rbf",
        "kernel_params": null
    },
    "random_state": 21962,
    "process_time": 9.042101983999999,
    "time_time": 3.217407464981079,
    "target_noise": 0.0,
    "feature_noise": 0.0,
    "model_size": 90,
    "symbolic_model": "not implemented",
    "mse_train": 1.1958919241044488,
    "mae_train": 0.8329844790853814,
    "r2_train": 0.9995865679643313,
    "mse_test": 2.167334830650538,
    "mae_test": 1.0469081187588016,
    "r2_test": 0.9990153157779129
}