{
    "dataset": "663_rabe_266",
    "algorithm": "KernelRidge",
    "params": {
        "alpha": 0.0001,
        "coef0": 1,
        "degree": 3,
        "gamma": 0.1,
        "kernel": "rbf",
        "kernel_params": null
    },
    "random_state": 14423,
    "process_time": 7.170951100000001,
    "time_time": 2.7561798095703125,
    "target_noise": 0.0,
    "feature_noise": 0.0,
    "model_size": 90,
    "symbolic_model": "not implemented",
    "mse_train": 1.0940384040294953,
    "mae_train": 0.7739650672746696,
    "r2_train": 0.99955841427022,
    "mse_test": 2.210176416969311,
    "mae_test": 0.9451835663341626,
    "r2_test": 0.9993615538534733
}