{
    "dataset": "192_vineyard",
    "algorithm": "BSRRegressor",
    "params": {
        "Ops": [
            "inv",
            "ln",
            "neg",
            "sin",
            "cos",
            "exp",
            "square",
            "cubic",
            "+",
            "*"
        ],
        "alpha1": 0.4,
        "alpha2": 0.4,
        "beta": -1,
        "disp": false,
        "itrNum": 5000,
        "max_time": 7200,
        "treeNum": 3,
        "val": 100
    },
    "random_state": 15795,
    "process_time": 258153.31144025,
    "time_time": 258430.5857439041,
    "target_noise": 0.0,
    "feature_noise": 0.0,
    "model_size": 51,
    "symbolic_model": "[0.0782772]+[-0.65760961]*(-0.2953*(1/[cos(cos(-1.1365*(3.7502*(-(-(-3.1898*((x[0])^2)+-0.1906)))+1.712)+-3.2748+x[0]))])+-0.7337)*(x[0])+[-0.03398429]*1/[1/[exp((x[0])*(x[1])+(1/[(x[0])*(x[0])])*(0.6371*(x[0])+-0.191))]]+[0.38096126]*((sin(-((sin(x[0]+sin((x[0])^3)))^2)))*(-(-((exp(x[1]))^3))))*((cos((2.9286*(x[1])+2.7134)*(x[1])))^2)",
    "mse_train": 4915.329853998042,
    "mae_train": 16.143704547487864,
    "r2_train": -222.07076556559815,
    "mse_test": 88.07592739898665,
    "mae_test": 6.267864526524154,
    "r2_test": -8.67804403799008
}