{
    "dataset": "557_analcatdata_apnea1",
    "algorithm": "FFXRegressor",
    "params": {},
    "random_state": 29910,
    "process_time": 114.461914309,
    "time_time": 62.117125272750854,
    "target_noise": 0.0,
    "feature_noise": 0.0,
    "model_size": 337,
    "symbolic_model": "-0.393 + 142*max(0,X1-1.02) * max(0,X0-1.06) - 37.1*max(0,X1+0.110) * max(0,X0-1.06) - 36.9*max(0,X0+0.0916) * max(0,X1-1.02) - 12.0*max(0,X1-1.02) + 9.60*max(0,X1+0.110) * max(0,X0+0.0916) + 9.27*max(0,X1+0.110) * max(0,X1-1.02) + 7.24*max(0,X0-1.06) - 4.66*max(0,-0.474-X0) * max(0,X1-1.02) - 3.20*max(0,X0+0.0916) * max(0,X0-1.06) - 2.96*max(0,-0.110-X1) * max(0,X0-1.06) + 2.55*max(0,X2-1.18) - 2.24*max(0,X2-1.18) * max(0,X0-1.06) - 2.09*max(0,X2-0.735) * max(0,X2-1.18) + 1.02*max(0,-0.474-X0) * max(0,X1+0.110) + 0.994*max(0,X2-0.735) * max(0,X0-1.06) + 0.981*max(0,X2-0.735) * max(0,X1-1.02) + 0.640*max(0,-0.110-X1) * max(0,X0+0.0916) - 0.483*max(0,X0+0.0916) + 0.441*max(0,X2-1.18) * max(0,X0+0.0916) - 0.391*max(0,X1+0.110) + 0.351*max(0,-0.0916-X0) - 0.293*max(0,X2-0.735) - 0.274*max(0,X2-1.18) * max(0,X1+0.110) + 0.256*max(0,-0.110-X1) - 0.236*max(0,-0.474-X0) - 0.230*max(0,-0.862-X1) - 0.225*max(0,X2-0.735) * max(0,X0+0.0916) - 0.210*max(0,X2-0.735) * max(0,X1+0.110) + 0.148*max(0,-1.03-X2) - 0.0828*max(0,-0.474-X0) * max(0,X2-1.18) + 0.0788*max(0,-0.474-X0) * max(0,X2-0.735) - 0.0461*max(0,0.735-X2) + 0.0211*max(0,X2-1.18) * max(0,X1-1.02)",
    "mse_train": 775793.6740255721,
    "mae_train": 439.3150339530445,
    "r2_train": 0.9223250648297697,
    "mse_test": 1668070.4751643995,
    "mae_test": 618.465584879541,
    "r2_test": 0.8417267316293552
}