{
    "dataset": "557_analcatdata_apnea1",
    "algorithm": "FFXRegressor",
    "params": {},
    "random_state": 21962,
    "process_time": 129.657255895,
    "time_time": 70.98849701881409,
    "target_noise": 0.0,
    "feature_noise": 0.0,
    "model_size": 336,
    "symbolic_model": "0.813 + 91.8*max(0,X0-1.02) * max(0,X1-1.04) - 17.7*abs(X0) * max(0,X1-1.04) - 17.3*abs(X1) * max(0,X0-1.02) + 15.9*max(0,0.646-X0) * max(0,X1-1.04) + 15.4*max(0,0.667-X1) * max(0,X0-1.02) - 12.7*max(0,-0.977-X2) * max(0,X1-1.04) - 10.1*abs(X1) * max(0,X1-1.04) - 8.63*max(0,X0-1.02) + 7.27*max(0,-0.543-X2) * max(0,X1-1.04) + 3.43*abs(X0) * abs(X1) - 2.96*max(0,0.646-X0) * abs(X1) - 2.94*max(0,0.667-X1) * abs(X0) + 2.79*max(0,0.646-X0) * max(0,0.667-X1) - 2.65*max(0,0.646-X0) - 2.41*max(0,-0.977-X2) * max(0,X0-1.02) + 2.34*max(0,-0.977-X2) * abs(X1) + 2.29*max(0,X1-1.04) - 2.05*max(0,-0.977-X2) * max(0,0.667-X1) + 1.86*abs(X1) + 1.49*max(0,-0.977-X2) + 1.41*max(0,-0.543-X2) * max(0,X0-1.02) - 1.38*max(0,-0.543-X2) * abs(X1) + 1.24*abs(X0) + 1.14*max(0,-0.543-X2) * max(0,0.667-X1) + 0.971*max(0,X1+0.446) - 0.959*max(0,X0+0.489) - 0.725*max(0,-0.543-X2) - 0.681*max(0,0.667-X1) + 0.579*max(0,X0+0.110) + 0.552*max(0,0.646-X0) * abs(X0) + 0.539*abs(X0) * max(0,X0-1.02) - 0.408*max(0,0.667-X1) * abs(X1) + 0.143*max(0,X2-1.19) - 0.0516*max(0,0.646-X0) * max(0,-0.977-X2) - 0.0344*max(0,-0.543-X2) * abs(X0) - 0.0307*abs(X2)",
    "mse_train": 725987.7367130575,
    "mae_train": 382.7163818907498,
    "r2_train": 0.9240083062542279,
    "mse_test": 1160490.7362087183,
    "mae_test": 509.4738039447084,
    "r2_test": 0.9017484355620525
}