{
    "dataset": "557_analcatdata_apnea1",
    "algorithm": "FFXRegressor",
    "params": {},
    "random_state": 860,
    "process_time": 115.088902553,
    "time_time": 79.95671892166138,
    "target_noise": 0.0,
    "feature_noise": 0.0,
    "model_size": 332,
    "symbolic_model": "-0.0943 + 136*max(0,X0-1.01) * max(0,X1-1.06) - 36.2*max(0,X0+0.136) * max(0,X1-1.06) - 35.8*max(0,X1+0.0558) * max(0,X0-1.01) - 12.3*max(0,X0-1.01) + 9.92*max(0,X0+0.136) * max(0,X0-1.01) + 9.59*max(0,X0+0.136) * max(0,X1+0.0558) + 7.04*max(0,X1-1.06) - 6.39*max(0,-0.136-X0) * max(0,X1-1.06) - 3.69*max(0,-0.0558-X1) * max(0,X0-1.01) + 2.54*max(0,-0.517-X0) * max(0,X1-1.06) - 2.46*max(0,X1+0.0558) * max(0,X1-1.06) + 1.61*max(0,-0.136-X0) * max(0,X1+0.0558) + 1.45*max(0,X2-1.23) * max(0,X1-1.06) + 1.01*max(0,-0.0558-X1) * max(0,X0+0.136) + 0.958*max(0,-0.517-X0) * max(0,X2-1.23) - 0.896*max(0,X1+0.0558) - 0.789*max(0,X0+0.136) + 0.703*max(0,X2-1.23) + 0.661*max(0,-0.0558-X1) * max(0,-0.517-X0) - 0.535*max(0,-0.136-X0) * max(0,X2-1.23) - 0.484*max(0,X2-1.23) * max(0,X1+0.0558) - 0.458*max(0,-0.517-X0) * max(0,X1+0.0558) - 0.372*max(0,X2-1.23) * max(0,X0-1.01) - 0.315*max(0,X2-0.797) + 0.252*max(0,-0.0558-X1) * max(0,X2-1.23) - 0.221*max(0,-0.517-X0) - 0.205*max(0,-0.428-X1) + 0.142*max(0,-0.509-X2) - 0.134*max(0,0.362-X2) - 0.0547*max(0,X2-0.362) + 0.0502*max(0,X2-1.23) * max(0,X0+0.136) - 0.0295*max(0,-0.136-X0) + 0.0121*max(0,-0.0558-X1)",
    "mse_train": 1052422.130593026,
    "mae_train": 428.83341799577806,
    "r2_train": 0.8953506174805637,
    "mse_test": 312714.2497255138,
    "mae_test": 341.1103556617964,
    "r2_test": 0.9698731411575615
}