{
    "dataset": "557_analcatdata_apnea1",
    "algorithm": "FFXRegressor",
    "params": {},
    "random_state": 16850,
    "process_time": 148.48287970200002,
    "time_time": 102.93307161331177,
    "target_noise": 0.0,
    "feature_noise": 0.0,
    "model_size": 391,
    "symbolic_model": "0.668 + 85.3*max(0,X0-1.04) * max(0,X1-1.09) - 15.1*abs(X1) * max(0,X0-1.04) + 13.2*max(0,0.709-X1) * max(0,X0-1.04) - 12.6*abs(X0) * max(0,X1-1.09) + 10.6*max(0,0.655-X0) * max(0,X1-1.09) - 8.57*abs(X1) * max(0,X1-1.09) - 5.55*max(0,X0+0.105) * max(0,X1-1.09) + 5.22*max(0,X1-1.09) - 3.37*max(0,X0+0.105) * max(0,X0-1.04) + 2.98*abs(X0) * abs(X1) - 2.57*max(0,0.655-X0) * abs(X1) - 2.50*max(0,0.709-X1) * abs(X0) + 2.37*max(0,0.655-X0) * max(0,0.709-X1) - 2.06*max(0,0.655-X0) + 1.50*abs(X1) - 1.43*max(0,X0-1.04) + 1.28*abs(X0) + 0.916*max(0,X2-1.21) - 0.848*max(0,0.709-X1) + 0.564*max(0,X2-0.779) * max(0,X1-1.09) - 0.460*max(0,X2-0.779) + 0.455*max(0,X1+0.431) + 0.395*max(0,X2-0.779) * max(0,X0-1.04) + 0.394*max(0,-0.945-X2) - 0.389*abs(X0) * max(0,X0-1.04) - 0.343*max(0,X0+0.485) + 0.333*max(0,0.655-X0) * abs(X0) + 0.265*max(0,X1+0.0510) - 0.210*max(0,0.709-X1) * abs(X1) + 0.185*max(0,X2-0.779) * max(0,0.709-X1) - 0.158*max(0,X2-0.779) * abs(X0) - 0.154*max(0,X2-0.779) * abs(X1) - 0.115*max(0,-0.945-X2) * max(0,X0-1.04) - 0.114*max(0,0.348-X2) - 0.0669*max(0,-0.945-X2) * abs(X1) - 0.0501*max(0,-0.945-X2) * abs(X0) + 0.0392*max(0,X2-0.779) * max(0,0.655-X0) - 0.0367*max(0,-0.945-X2) * max(0,0.655-X0) + 0.0309*max(0,-0.945-X2) * max(0,X1-1.09) + 0.0247*max(0,-0.945-X2) * max(0,0.709-X1) + 0.00219*max(0,X0+0.105)",
    "mse_train": 721970.2548572914,
    "mae_train": 401.501387071592,
    "r2_train": 0.9295956458620876,
    "mse_test": 1291127.5115000715,
    "mae_test": 456.607814126711,
    "r2_test": 0.8679707420388115
}