{
    "dataset": "557_analcatdata_apnea1",
    "algorithm": "FFXRegressor",
    "params": {},
    "random_state": 5390,
    "process_time": 106.57375294100001,
    "time_time": 53.74339270591736,
    "target_noise": 0.0,
    "feature_noise": 0.0,
    "model_size": 324,
    "symbolic_model": "0.505 + 123*max(0,X0-1.04) * max(0,X1-0.985) - 29.1*max(0,X1+0.153) * max(0,X0-1.04) - 19.0*abs(X0) * max(0,X1-0.985) + 14.5*max(0,0.661-X0) * max(0,X1-0.985) - 8.42*max(0,X1+0.153) * max(0,X1-0.985) - 6.90*max(0,X0+0.465) * max(0,X1-0.985) + 6.77*abs(X1) * max(0,X1-0.985) + 5.15*abs(X0) * max(0,X0-1.04) + 4.69*abs(X0) * max(0,X1+0.153) - 4.35*abs(X1) * max(0,X0-1.04) - 3.97*max(0,0.661-X0) * max(0,X1+0.153) - 2.76*max(0,X1-0.985) - 2.25*max(0,X0-1.04) + 1.71*max(0,X2-1.20) * max(0,X1-0.985) + 1.22*max(0,X0+0.465) * max(0,X1+0.153) + 1.07*abs(X1) * max(0,X0+0.465) + 1.03*max(0,X1+0.153) - 0.790*max(0,X2-1.20) * max(0,X0-1.04) + 0.751*max(0,X2-1.20) - 0.714*max(0,X2-1.20) * max(0,X1+0.153) - 0.501*max(0,0.606-X1) - 0.476*max(0,0.661-X0) * max(0,X0+0.465) + 0.428*max(0,0.661-X0) * abs(X1) - 0.367*max(0,X0+0.465) * abs(X0) - 0.358*abs(X1) - 0.347*abs(X0) - 0.326*max(0,X0+0.465) + 0.290*abs(X1) * abs(X0) + 0.274*abs(X1) * max(0,X1+0.153) + 0.230*max(0,-0.945-X2) - 0.139*max(0,X0+0.465) * max(0,X0-1.04) - 0.127*abs(X2) + 0.00966*max(0,0.661-X0) * abs(X0) - 0.00895*max(0,X0+0.0899)",
    "mse_train": 833328.1400838292,
    "mae_train": 378.25836306503777,
    "r2_train": 0.9002203453327574,
    "mse_test": 976170.0241589408,
    "mae_test": 419.49091503427525,
    "r2_test": 0.9366613942975177
}