{
    "dataset": "557_analcatdata_apnea1",
    "algorithm": "FFXRegressor",
    "params": {},
    "random_state": 4426,
    "process_time": 148.988447659,
    "time_time": 71.79956579208374,
    "target_noise": 0.0,
    "feature_noise": 0.0,
    "model_size": 290,
    "symbolic_model": "0.593 + 79.5*max(0,X1-1.12) * max(0,X0-1.05) - 15.1*abs(X0) * max(0,X1-1.12) - 15.0*abs(X1) * max(0,X0-1.05) + 13.1*max(0,0.680-X0) * max(0,X1-1.12) + 12.8*max(0,0.737-X1) * max(0,X0-1.05) - 5.27*abs(X1) * max(0,X1-1.12) - 3.33*max(0,X0+0.439) * max(0,X0-1.05) + 2.93*abs(X0) * abs(X1) - 2.44*max(0,0.680-X0) * abs(X1) - 2.40*max(0,0.737-X1) * abs(X0) + 2.22*max(0,0.680-X0) * max(0,0.737-X1) + 1.48*abs(X1) - 1.41*max(0,0.680-X0) + 1.35*abs(X0) - 1.35*max(0,0.737-X1) - 0.963*max(0,X0-1.05) - 0.442*abs(X0) * max(0,X0-1.05) + 0.369*max(0,X2-1.19) * max(0,0.737-X1) - 0.347*max(0,X2-0.312) + 0.306*max(0,X2-1.19) * max(0,0.680-X0) - 0.136*max(0,X1-1.12) + 0.134*max(0,X2+0.562) + 0.0873*max(0,X2-1.19) + 0.0672*max(0,X2-1.19) * max(0,X0-1.05) + 0.0578*max(0,X2-1.19) * abs(X1) + 0.0533*max(0,0.680-X0) * abs(X0) + 0.0518*max(0,X0+0.439) - 0.0414*max(0,X2-1.19) * abs(X0) + 0.0363*max(0,X2-1.19) * max(0,X1-1.12) - 0.0361*max(0,0.737-X1) * abs(X1) + 0.00850*max(0,-0.562-X2)",
    "mse_train": 1018177.7235010641,
    "mae_train": 420.81697498264936,
    "r2_train": 0.9011127868479714,
    "mse_test": 465418.328130584,
    "mae_test": 357.40895623173196,
    "r2_test": 0.9518094058610508
}