{
    "dataset": "557_analcatdata_apnea1",
    "algorithm": "FFXRegressor",
    "params": {},
    "random_state": 15795,
    "process_time": 133.252312623,
    "time_time": 90.59536719322205,
    "target_noise": 0.0,
    "feature_noise": 0.0,
    "model_size": 273,
    "symbolic_model": "0.437 + 87.7*max(0,X1-1.06) * max(0,X0-1.03) - 16.8*abs(X1) * max(0,X0-1.03) + 15.3*max(0,0.666-X1) * max(0,X0-1.03) - 13.9*abs(X0) * max(0,X1-1.06) + 11.0*max(0,0.651-X0) * max(0,X1-1.06) - 8.38*abs(X0) * max(0,X0-1.03) - 4.91*max(0,X1-1.06) - 4.68*max(0,X0-1.03) - 4.45*max(0,X0+0.482) * max(0,X1-1.06) - 2.52*max(0,0.666-X1) * abs(X0) + 2.49*abs(X1) * abs(X0) + 2.18*max(0,0.651-X0) * max(0,0.666-X1) + 1.78*max(0,X0+0.482) * max(0,X0-1.03) - 1.73*max(0,0.651-X0) * abs(X1) + 1.24*max(0,X0+0.482) * abs(X1) - 1.15*max(0,0.666-X1) + 1.00*abs(X0) - 0.968*max(0,0.651-X0) + 0.936*max(0,X0+0.482) * abs(X0) - 0.592*max(0,X0+0.482) * max(0,0.666-X1) + 0.499*abs(X1) - 0.404*max(0,X0+0.482) * max(0,0.651-X0) + 0.221*max(0,X0+0.482) - 0.198*max(0,0.346-X2) + 0.125*max(0,0.785-X2) - 0.106*max(0,X2-0.785) * max(0,X0-1.03) - 0.0280*abs(X1) * max(0,X1-1.06) + 0.0241*max(0,0.666-X1) * abs(X1) - 0.0134*max(0,X2-0.785)",
    "mse_train": 952988.2005016772,
    "mae_train": 355.9027600105207,
    "r2_train": 0.8904321383203537,
    "mse_test": 759460.1440607122,
    "mae_test": 421.9262245685987,
    "r2_test": 0.9468054079736956
}