{
    "dataset": "557_analcatdata_apnea1",
    "algorithm": "FFXRegressor",
    "params": {},
    "random_state": 28020,
    "process_time": 110.825285051,
    "time_time": 62.983789682388306,
    "target_noise": 0.0,
    "feature_noise": 0.0,
    "model_size": 300,
    "symbolic_model": "0.556 + 85.1*max(0,X1-1.05) * max(0,X0-1.09) - 17.1*abs(X0) * max(0,X1-1.05) + 13.0*max(0,0.708-X0) * max(0,X1-1.05) - 12.1*abs(X1) * max(0,X0-1.09) + 10.5*max(0,0.674-X1) * max(0,X0-1.09) - 6.51*max(0,X1-1.05) - 6.07*abs(X0) * max(0,X0-1.09) - 5.67*max(0,X1+0.0849) * max(0,X0-1.09) + 2.50*max(0,X0-1.09) - 2.40*max(0,0.708-X0) * abs(X1) + 2.30*max(0,0.708-X0) * max(0,0.674-X1) + 2.03*max(0,X1+0.0849) * abs(X0) + 1.89*abs(X1) * abs(X0) + 1.52*abs(X1) - 1.44*max(0,0.674-X1) * abs(X0) - 1.37*max(0,0.674-X1) - 1.34*max(0,0.708-X0) - 1.33*max(0,X1+0.0849) * max(0,X1-1.05) + 0.634*abs(X0) + 0.431*max(0,-0.974-X2) + 0.313*abs(X1) * max(0,X1-1.05) + 0.243*max(0,X2-1.20) * max(0,0.674-X1) + 0.241*max(0,X2-1.20) * max(0,X1-1.05) - 0.218*max(0,X2-1.20) * max(0,X0-1.09) - 0.214*abs(X2) + 0.195*max(0,X0+0.437) + 0.155*max(0,X2-0.332) + 0.0978*max(0,X2-1.20) - 0.0812*max(0,X2-1.20) * abs(X1) - 0.0766*max(0,0.674-X1) * abs(X1) - 0.0178*max(0,X2-1.20) * abs(X0) + 0.000475*max(0,X2-1.20) * max(0,0.708-X0)",
    "mse_train": 898661.3934354916,
    "mae_train": 385.8532559084997,
    "r2_train": 0.9179674454351563,
    "mse_test": 750139.3394548838,
    "mae_test": 361.3522868359521,
    "r2_test": 0.9022291185929897
}