{
    "dataset": "557_analcatdata_apnea1",
    "algorithm": "FFXRegressor",
    "params": {},
    "random_state": 14423,
    "process_time": 122.578743302,
    "time_time": 87.08655858039856,
    "target_noise": 0.0,
    "feature_noise": 0.0,
    "model_size": 306,
    "symbolic_model": "-0.379 + 127*max(0,X1-1.09) * max(0,X0-1.04) - 33.1*max(0,X0+0.0820) * max(0,X1-1.09) - 32.0*max(0,X1+0.0832) * max(0,X0-1.04) + 8.37*max(0,X1+0.0832) * max(0,X0+0.0820) - 4.76*max(0,X1-1.09) - 4.18*max(0,-0.458-X0) * max(0,X1-1.09) + 4.11*max(0,X1+0.0832) * max(0,X1-1.09) + 1.50*max(0,X2-1.20) * max(0,X1-1.09) + 0.945*max(0,-0.458-X0) * max(0,X1+0.0832) + 0.834*max(0,X2-1.20) - 0.665*max(0,X2-1.20) * max(0,X1+0.0832) + 0.635*max(0,X2-1.20) * max(0,X0-1.04) - 0.550*max(0,-0.977-X2) * max(0,X0-1.04) + 0.471*max(0,X0-1.04) + 0.346*max(0,-0.977-X2) - 0.294*max(0,X1+0.0832) + 0.292*max(0,-0.0820-X0) + 0.255*max(0,-0.0832-X1) - 0.241*max(0,-0.977-X2) * max(0,X1-1.09) - 0.240*max(0,X2-1.20) * max(0,X0+0.0820) - 0.210*max(0,X2-0.328) - 0.200*max(0,-0.458-X0) * max(0,-0.977-X2) - 0.151*max(0,-0.458-X0) - 0.146*max(0,0.328-X2) + 0.0986*max(0,-0.977-X2) * max(0,X0+0.0820) - 0.0767*max(0,X0+0.0820) - 0.0726*max(0,-0.458-X0) * max(0,X2-1.20) - 0.0560*max(0,X2-0.328) * max(0,X0-1.04) + 0.0250*max(0,-0.977-X2) * max(0,X1+0.0832) + 0.000542*max(0,X0+0.0820) * max(0,X0-1.04)",
    "mse_train": 986124.0322645161,
    "mae_train": 551.7166884931202,
    "r2_train": 0.8934936090110007,
    "mse_test": 1116879.7176228345,
    "mae_test": 568.7794528339483,
    "r2_test": 0.9122120912240494
}