{
    "dataset": "557_analcatdata_apnea1",
    "algorithm": "FFXRegressor",
    "params": {},
    "random_state": 23654,
    "process_time": 169.194943917,
    "time_time": 89.57351326942444,
    "target_noise": 0.0,
    "feature_noise": 0.0,
    "model_size": 369,
    "symbolic_model": "1.18 + 81.9*max(0,X1-1.06) * max(0,X0-1.05) - 15.7*abs(X1) * max(0,X0-1.05) + 13.7*max(0,0.677-X1) * max(0,X0-1.05) - 13.0*abs(X0) * max(0,X1-1.06) + 9.87*max(0,0.670-X0) * max(0,X1-1.06) - 4.30*max(0,X0+0.465) * max(0,X1-1.06) - 3.69*abs(X1) * max(0,X1-1.06) + 2.38*abs(X0) * abs(X1) - 2.34*max(0,X0-1.05) - 2.31*max(0,0.677-X1) * abs(X0) - 2.26*max(0,X0+0.465) * max(0,0.670-X0) - 2.04*max(0,0.670-X0) + 1.99*max(0,0.670-X0) * max(0,0.677-X1) - 1.61*max(0,0.670-X0) * abs(X1) - 1.45*max(0,X0+0.465) * max(0,X0-1.05) + 1.20*max(0,-0.973-X2) + 1.08*max(0,X0+0.465) * abs(X1) + 0.764*max(0,0.670-X0) * abs(X0) + 0.525*max(0,X2-1.21) - 0.466*max(0,0.677-X1) + 0.462*max(0,X1+0.463) + 0.453*abs(X1) - 0.440*max(0,X0+0.465) * max(0,0.677-X1) - 0.428*max(0,-0.535-X2) - 0.401*abs(X0) * max(0,X0-1.05) - 0.326*max(0,-0.973-X2) * max(0,X0+0.465) - 0.299*max(0,-0.973-X2) * max(0,0.670-X0) - 0.261*max(0,X2-0.776) + 0.207*max(0,-0.973-X2) * max(0,X0-1.05) - 0.180*max(0,0.677-X1) * abs(X1) + 0.170*max(0,X1+0.0830) + 0.140*max(0,-0.973-X2) * abs(X0) - 0.0964*max(0,-0.973-X2) * max(0,X1-1.06) - 0.0919*max(0,X1-1.06) - 0.0637*max(0,-0.973-X2) * max(0,0.677-X1) - 0.0571*max(0,-0.973-X2) * abs(X1) + 0.0275*max(0,X0+0.465) + 0.0234*abs(X0) + 0.00811*max(0,X2+0.535)",
    "mse_train": 900884.6715999627,
    "mae_train": 397.5945067070981,
    "r2_train": 0.9226888724991708,
    "mse_test": 721698.9233626709,
    "mae_test": 408.41692948274556,
    "r2_test": 0.8694052861351067
}